version,1.7.0
info,balls_per_over,6
info,team,Pakistan
info,team,India
info,gender,male
info,season,2024/25
info,date,2025/02/23
info,event,ICC Champions Trophy
info,match_number,5
info,venue,Dubai International Cricket Stadium
info,city,Dubai
info,toss_winner,Pakistan
info,toss_decision,bat
info,player_of_match,V Kohli
info,umpire,PR Reiffel
info,umpire,RK Illingworth
info,reserve_umpire,AT Holdstock
info,tv_umpire,MA Gough
info,match_referee,DC Boon
info,winner,India
info,winner_wickets,6
info,player,Pakistan,Imam-ul-Haq
info,player,Pakistan,Babar Azam
info,player,Pakistan,Saud Shakeel
info,player,Pakistan,Mohammad Rizwan
info,player,Pakistan,Agha Salman
info,player,Pakistan,Tayyab Tahir
info,player,Pakistan,Khushdil Shah
info,player,Pakistan,Shaheen Shah Afridi
info,player,Pakistan,Naseem Shah
info,player,Pakistan,Haris Rauf
info,player,Pakistan,Abrar Ahmed
info,player,India,RG Sharma
info,player,India,Shubman Gill
info,player,India,V Kohli
info,player,India,SS Iyer
info,player,India,HH Pandya
info,player,India,AR Patel
info,player,India,KL Rahul
info,player,India,RA Jadeja
info,player,India,Harshit Rana
info,player,India,Mohammed Shami
info,player,India,Kuldeep Yadav
info,registry,people,AR Patel,2e171977
info,registry,people,AT Holdstock,6fa3258c
info,registry,people,Abrar Ahmed,abb7c76c
info,registry,people,Agha Salman,89c16049
info,registry,people,Babar Azam,8a75e999
info,registry,people,DC Boon,e79a1fe3
info,registry,people,HH Pandya,dbe50b21
info,registry,people,Haris Rauf,24bb1c2f
info,registry,people,Harshit Rana,77b1aa15
info,registry,people,Imam-ul-Haq,40c041ea
info,registry,people,KL Rahul,b17e2f24
info,registry,people,Khushdil Shah,fce581b5
info,registry,people,Kuldeep Yadav,8d2c70ad
info,registry,people,MA Gough,76752ac8
info,registry,people,Mohammad Rizwan,2f26ac1a
info,registry,people,Mohammed Shami,8cf9814c
info,registry,people,Naseem Shah,9c9af282
info,registry,people,PR Reiffel,c9354f29
info,registry,people,RA Jadeja,fe93fd9d
info,registry,people,RG Sharma,740742ef
info,registry,people,RK Illingworth,20672246
info,registry,people,SS Iyer,85ec8e33
info,registry,people,Saud Shakeel,d07c1b2f
info,registry,people,Shaheen Shah Afridi,45a7e761
info,registry,people,Shubman Gill,b4b99816
info,registry,people,Tayyab Tahir,431f8af4
info,registry,people,V Kohli,ba607b88
ball,1,0.1,Pakistan,Imam-ul-Haq,Babar Azam,Mohammed Shami,0,0,,,,,,"",""
ball,1,0.2,Pakistan,Imam-ul-Haq,Babar Azam,Mohammed Shami,0,1,1,,,,,"",""
ball,1,0.3,Pakistan,Imam-ul-Haq,Babar Azam,Mohammed Shami,0,0,,,,,,"",""
ball,1,0.4,Pakistan,Imam-ul-Haq,Babar Azam,Mohammed Shami,0,1,1,,,,,"",""
ball,1,0.5,Pakistan,Imam-ul-Haq,Babar Azam,Mohammed Shami,0,1,1,,,,,"",""
ball,1,0.6,Pakistan,Imam-ul-Haq,Babar Azam,Mohammed Shami,0,0,,,,,,"",""
ball,1,0.7,Pakistan,Imam-ul-Haq,Babar Azam,Mohammed Shami,1,0,,,,,,"",""
ball,1,0.8,Pakistan,Babar Azam,Imam-ul-Haq,Mohammed Shami,0,0,,,,,,"",""
ball,1,0.9,Pakistan,Babar Azam,Imam-ul-Haq,Mohammed Shami,0,1,1,,,,,"",""
ball,1,0.10,Pakistan,Babar Azam,Imam-ul-Haq,Mohammed Shami,0,1,1,,,,,"",""
ball,1,0.11,Pakistan,Babar Azam,Imam-ul-Haq,Mohammed Shami,0,0,,,,,,"",""
ball,1,1.1,Pakistan,Imam-ul-Haq,Babar Azam,Harshit Rana,1,0,,,,,,"",""
ball,1,1.2,Pakistan,Babar Azam,Imam-ul-Haq,Harshit Rana,0,0,,,,,,"",""
ball,1,1.3,Pakistan,Babar Azam,Imam-ul-Haq,Harshit Rana,0,1,1,,,,,"",""
ball,1,1.4,Pakistan,Babar Azam,Imam-ul-Haq,Harshit Rana,0,0,,,,,,"",""
ball,1,1.5,Pakistan,Babar Azam,Imam-ul-Haq,Harshit Rana,0,0,,,,,,"",""
ball,1,1.6,Pakistan,Babar Azam,Imam-ul-Haq,Harshit Rana,2,0,,,,,,"",""
ball,1,1.7,Pakistan,Babar Azam,Imam-ul-Haq,Harshit Rana,0,0,,,,,,"",""
ball,1,2.1,Pakistan,Imam-ul-Haq,Babar Azam,Mohammed Shami,2,0,,,,,,"",""
ball,1,2.2,Pakistan,Imam-ul-Haq,Babar Azam,Mohammed Shami,0,0,,,,,,"",""
ball,1,2.3,Pakistan,Imam-ul-Haq,Babar Azam,Mohammed Shami,0,0,,,,,,"",""
ball,1,2.4,Pakistan,Imam-ul-Haq,Babar Azam,Mohammed Shami,2,0,,,,,,"",""
ball,1,2.5,Pakistan,Imam-ul-Haq,Babar Azam,Mohammed Shami,0,0,,,,,,"",""
ball,1,2.6,Pakistan,Imam-ul-Haq,Babar Azam,Mohammed Shami,0,0,,,,,,"",""
ball,1,3.1,Pakistan,Babar Azam,Imam-ul-Haq,Harshit Rana,0,0,,,,,,"",""
ball,1,3.2,Pakistan,Babar Azam,Imam-ul-Haq,Harshit Rana,0,0,,,,,,"",""
ball,1,3.3,Pakistan,Babar Azam,Imam-ul-Haq,Harshit Rana,4,0,,,,,,"",""
ball,1,3.4,Pakistan,Babar Azam,Imam-ul-Haq,Harshit Rana,0,0,,,,,,"",""
ball,1,3.5,Pakistan,Babar Azam,Imam-ul-Haq,Harshit Rana,4,0,,,,,,"",""
ball,1,3.6,Pakistan,Babar Azam,Imam-ul-Haq,Harshit Rana,0,0,,,,,,"",""
ball,1,4.1,Pakistan,Imam-ul-Haq,Babar Azam,Mohammed Shami,2,0,,,,,,"",""
ball,1,4.2,Pakistan,Imam-ul-Haq,Babar Azam,Mohammed Shami,0,0,,,,,,"",""
ball,1,4.3,Pakistan,Imam-ul-Haq,Babar Azam,Mohammed Shami,0,0,,,,,,"",""
ball,1,4.4,Pakistan,Imam-ul-Haq,Babar Azam,Mohammed Shami,0,0,,,,,,"",""
ball,1,4.5,Pakistan,Imam-ul-Haq,Babar Azam,Mohammed Shami,1,0,,,,,,"",""
ball,1,4.6,Pakistan,Babar Azam,Imam-ul-Haq,Mohammed Shami,0,0,,,,,,"",""
ball,1,5.1,Pakistan,Imam-ul-Haq,Babar Azam,Harshit Rana,0,0,,,,,,"",""
ball,1,5.2,Pakistan,Imam-ul-Haq,Babar Azam,Harshit Rana,0,0,,,,,,"",""
ball,1,5.3,Pakistan,Imam-ul-Haq,Babar Azam,Harshit Rana,0,0,,,,,,"",""
ball,1,5.4,Pakistan,Imam-ul-Haq,Babar Azam,Harshit Rana,0,0,,,,,,"",""
ball,1,5.5,Pakistan,Imam-ul-Haq,Babar Azam,Harshit Rana,0,1,1,,,,,"",""
ball,1,5.6,Pakistan,Imam-ul-Haq,Babar Azam,Harshit Rana,0,0,,,,,,"",""
ball,1,5.7,Pakistan,Imam-ul-Haq,Babar Azam,Harshit Rana,0,0,,,,,,"",""
ball,1,6.1,Pakistan,Babar Azam,Imam-ul-Haq,HH Pandya,0,0,,,,,,"",""
ball,1,6.2,Pakistan,Babar Azam,Imam-ul-Haq,HH Pandya,0,0,,,,,,"",""
ball,1,6.3,Pakistan,Babar Azam,Imam-ul-Haq,HH Pandya,0,0,,,,,,"",""
ball,1,6.4,Pakistan,Babar Azam,Imam-ul-Haq,HH Pandya,0,1,1,,,,,"",""
ball,1,6.5,Pakistan,Babar Azam,Imam-ul-Haq,HH Pandya,0,0,,,,,,"",""
ball,1,6.6,Pakistan,Babar Azam,Imam-ul-Haq,HH Pandya,4,0,,,,,,"",""
ball,1,6.7,Pakistan,Babar Azam,Imam-ul-Haq,HH Pandya,0,0,,,,,,"",""
ball,1,7.1,Pakistan,Imam-ul-Haq,Babar Azam,AR Patel,1,0,,,,,,"",""
ball,1,7.2,Pakistan,Babar Azam,Imam-ul-Haq,AR Patel,0,0,,,,,,"",""
ball,1,7.3,Pakistan,Babar Azam,Imam-ul-Haq,AR Patel,0,0,,,,,,"",""
ball,1,7.4,Pakistan,Babar Azam,Imam-ul-Haq,AR Patel,4,0,,,,,,"",""
ball,1,7.5,Pakistan,Babar Azam,Imam-ul-Haq,AR Patel,1,0,,,,,,"",""
ball,1,7.6,Pakistan,Imam-ul-Haq,Babar Azam,AR Patel,0,0,,,,,,"",""
ball,1,8.1,Pakistan,Babar Azam,Imam-ul-Haq,HH Pandya,4,0,,,,,,"",""
ball,1,8.2,Pakistan,Babar Azam,Imam-ul-Haq,HH Pandya,0,0,,,,,,caught,Babar Azam
ball,1,8.3,Pakistan,Saud Shakeel,Imam-ul-Haq,HH Pandya,0,4,,,,4,,"",""
ball,1,8.4,Pakistan,Saud Shakeel,Imam-ul-Haq,HH Pandya,0,0,,,,,,"",""
ball,1,8.5,Pakistan,Saud Shakeel,Imam-ul-Haq,HH Pandya,0,0,,,,,,"",""
ball,1,8.6,Pakistan,Saud Shakeel,Imam-ul-Haq,HH Pandya,2,0,,,,,,"",""
ball,1,9.1,Pakistan,Imam-ul-Haq,Saud Shakeel,Kuldeep Yadav,0,0,,,,,,"",""
ball,1,9.2,Pakistan,Imam-ul-Haq,Saud Shakeel,Kuldeep Yadav,0,0,,,,,,run out,Imam-ul-Haq
ball,1,9.3,Pakistan,Saud Shakeel,Mohammad Rizwan,Kuldeep Yadav,1,0,,,,,,"",""
ball,1,9.4,Pakistan,Mohammad Rizwan,Saud Shakeel,Kuldeep Yadav,4,0,,,,,,"",""
ball,1,9.5,Pakistan,Mohammad Rizwan,Saud Shakeel,Kuldeep Yadav,0,0,,,,,,"",""
ball,1,9.6,Pakistan,Mohammad Rizwan,Saud Shakeel,Kuldeep Yadav,0,0,,,,,,"",""
ball,1,10.1,Pakistan,Saud Shakeel,Mohammad Rizwan,HH Pandya,0,0,,,,,,"",""
ball,1,10.2,Pakistan,Saud Shakeel,Mohammad Rizwan,HH Pandya,0,1,,,,1,,"",""
ball,1,10.3,Pakistan,Mohammad Rizwan,Saud Shakeel,HH Pandya,1,0,,,,,,"",""
ball,1,10.4,Pakistan,Saud Shakeel,Mohammad Rizwan,HH Pandya,1,0,,,,,,"",""
ball,1,10.5,Pakistan,Mohammad Rizwan,Saud Shakeel,HH Pandya,0,0,,,,,,"",""
ball,1,10.6,Pakistan,Mohammad Rizwan,Saud Shakeel,HH Pandya,0,0,,,,,,"",""
ball,1,11.1,Pakistan,Saud Shakeel,Mohammad Rizwan,Mohammed Shami,1,0,,,,,,"",""
ball,1,11.2,Pakistan,Mohammad Rizwan,Saud Shakeel,Mohammed Shami,1,0,,,,,,"",""
ball,1,11.3,Pakistan,Saud Shakeel,Mohammad Rizwan,Mohammed Shami,1,0,,,,,,"",""
ball,1,11.4,Pakistan,Mohammad Rizwan,Saud Shakeel,Mohammed Shami,0,0,,,,,,"",""
ball,1,11.5,Pakistan,Mohammad Rizwan,Saud Shakeel,Mohammed Shami,0,0,,,,,,"",""
ball,1,11.6,Pakistan,Mohammad Rizwan,Saud Shakeel,Mohammed Shami,0,0,,,,,,"",""
ball,1,12.1,Pakistan,Saud Shakeel,Mohammad Rizwan,HH Pandya,0,0,,,,,,"",""
ball,1,12.2,Pakistan,Saud Shakeel,Mohammad Rizwan,HH Pandya,0,0,,,,,,"",""
ball,1,12.3,Pakistan,Saud Shakeel,Mohammad Rizwan,HH Pandya,0,0,,,,,,"",""
ball,1,12.4,Pakistan,Saud Shakeel,Mohammad Rizwan,HH Pandya,1,0,,,,,,"",""
ball,1,12.5,Pakistan,Mohammad Rizwan,Saud Shakeel,HH Pandya,0,0,,,,,,"",""
ball,1,12.6,Pakistan,Mohammad Rizwan,Saud Shakeel,HH Pandya,0,0,,,,,,"",""
ball,1,13.1,Pakistan,Saud Shakeel,Mohammad Rizwan,Mohammed Shami,0,0,,,,,,"",""
ball,1,13.2,Pakistan,Saud Shakeel,Mohammad Rizwan,Mohammed Shami,0,0,,,,,,"",""
ball,1,13.3,Pakistan,Saud Shakeel,Mohammad Rizwan,Mohammed Shami,1,0,,,,,,"",""
ball,1,13.4,Pakistan,Mohammad Rizwan,Saud Shakeel,Mohammed Shami,1,0,,,,,,"",""
ball,1,13.5,Pakistan,Saud Shakeel,Mohammad Rizwan,Mohammed Shami,0,0,,,,,,"",""
ball,1,13.6,Pakistan,Saud Shakeel,Mohammad Rizwan,Mohammed Shami,0,0,,,,,,"",""
ball,1,14.1,Pakistan,Mohammad Rizwan,Saud Shakeel,HH Pandya,0,0,,,,,,"",""
ball,1,14.2,Pakistan,Mohammad Rizwan,Saud Shakeel,HH Pandya,0,0,,,,,,"",""
ball,1,14.3,Pakistan,Mohammad Rizwan,Saud Shakeel,HH Pandya,1,0,,,,,,"",""
ball,1,14.4,Pakistan,Saud Shakeel,Mohammad Rizwan,HH Pandya,0,0,,,,,,"",""
ball,1,14.5,Pakistan,Saud Shakeel,Mohammad Rizwan,HH Pandya,0,0,,,,,,"",""
ball,1,14.6,Pakistan,Saud Shakeel,Mohammad Rizwan,HH Pandya,1,0,,,,,,"",""
ball,1,15.1,Pakistan,Saud Shakeel,Mohammad Rizwan,AR Patel,4,0,,,,,,"",""
ball,1,15.2,Pakistan,Saud Shakeel,Mohammad Rizwan,AR Patel,1,0,,,,,,"",""
ball,1,15.3,Pakistan,Mohammad Rizwan,Saud Shakeel,AR Patel,0,0,,,,,,"",""
ball,1,15.4,Pakistan,Mohammad Rizwan,Saud Shakeel,AR Patel,1,0,,,,,,"",""
ball,1,15.5,Pakistan,Saud Shakeel,Mohammad Rizwan,AR Patel,1,0,,,,,,"",""
ball,1,15.6,Pakistan,Mohammad Rizwan,Saud Shakeel,AR Patel,0,0,,,,,,"",""
ball,1,16.1,Pakistan,Saud Shakeel,Mohammad Rizwan,HH Pandya,0,0,,,,,,"",""
ball,1,16.2,Pakistan,Saud Shakeel,Mohammad Rizwan,HH Pandya,1,0,,,,,,"",""
ball,1,16.3,Pakistan,Mohammad Rizwan,Saud Shakeel,HH Pandya,0,0,,,,,,"",""
ball,1,16.4,Pakistan,Mohammad Rizwan,Saud Shakeel,HH Pandya,0,0,,,,,,"",""
ball,1,16.5,Pakistan,Mohammad Rizwan,Saud Shakeel,HH Pandya,0,0,,,,,,"",""
ball,1,16.6,Pakistan,Mohammad Rizwan,Saud Shakeel,HH Pandya,1,0,,,,,,"",""
ball,1,17.1,Pakistan,Mohammad Rizwan,Saud Shakeel,AR Patel,0,0,,,,,,"",""
ball,1,17.2,Pakistan,Mohammad Rizwan,Saud Shakeel,AR Patel,0,0,,,,,,"",""
ball,1,17.3,Pakistan,Mohammad Rizwan,Saud Shakeel,AR Patel,1,0,,,,,,"",""
ball,1,17.4,Pakistan,Saud Shakeel,Mohammad Rizwan,AR Patel,0,0,,,,,,"",""
ball,1,17.5,Pakistan,Saud Shakeel,Mohammad Rizwan,AR Patel,0,0,,,,,,"",""
ball,1,17.6,Pakistan,Saud Shakeel,Mohammad Rizwan,AR Patel,1,0,,,,,,"",""
ball,1,18.1,Pakistan,Saud Shakeel,Mohammad Rizwan,Harshit Rana,0,0,,,,,,"",""
ball,1,18.2,Pakistan,Saud Shakeel,Mohammad Rizwan,Harshit Rana,1,0,,,,,,"",""
ball,1,18.3,Pakistan,Mohammad Rizwan,Saud Shakeel,Harshit Rana,0,0,,,,,,"",""
ball,1,18.4,Pakistan,Mohammad Rizwan,Saud Shakeel,Harshit Rana,1,0,,,,,,"",""
ball,1,18.5,Pakistan,Saud Shakeel,Mohammad Rizwan,Harshit Rana,1,0,,,,,,"",""
ball,1,18.6,Pakistan,Mohammad Rizwan,Saud Shakeel,Harshit Rana,0,0,,,,,,"",""
ball,1,19.1,Pakistan,Saud Shakeel,Mohammad Rizwan,Kuldeep Yadav,1,0,,,,,,"",""
ball,1,19.2,Pakistan,Mohammad Rizwan,Saud Shakeel,Kuldeep Yadav,0,0,,,,,,"",""
ball,1,19.3,Pakistan,Mohammad Rizwan,Saud Shakeel,Kuldeep Yadav,0,0,,,,,,"",""
ball,1,19.4,Pakistan,Mohammad Rizwan,Saud Shakeel,Kuldeep Yadav,0,0,,,,,,"",""
ball,1,19.5,Pakistan,Mohammad Rizwan,Saud Shakeel,Kuldeep Yadav,0,0,,,,,,"",""
ball,1,19.6,Pakistan,Mohammad Rizwan,Saud Shakeel,Kuldeep Yadav,1,0,,,,,,"",""
ball,1,20.1,Pakistan,Mohammad Rizwan,Saud Shakeel,Harshit Rana,1,0,,,,,,"",""
ball,1,20.2,Pakistan,Saud Shakeel,Mohammad Rizwan,Harshit Rana,1,0,,,,,,"",""
ball,1,20.3,Pakistan,Mohammad Rizwan,Saud Shakeel,Harshit Rana,0,0,,,,,,"",""
ball,1,20.4,Pakistan,Mohammad Rizwan,Saud Shakeel,Harshit Rana,0,0,,,,,,"",""
ball,1,20.5,Pakistan,Mohammad Rizwan,Saud Shakeel,Harshit Rana,0,0,,,,,,"",""
ball,1,20.6,Pakistan,Mohammad Rizwan,Saud Shakeel,Harshit Rana,1,0,,,,,,"",""
ball,1,21.1,Pakistan,Mohammad Rizwan,Saud Shakeel,Kuldeep Yadav,1,0,,,,,,"",""
ball,1,21.2,Pakistan,Saud Shakeel,Mohammad Rizwan,Kuldeep Yadav,1,0,,,,,,"",""
ball,1,21.3,Pakistan,Mohammad Rizwan,Saud Shakeel,Kuldeep Yadav,0,0,,,,,,"",""
ball,1,21.4,Pakistan,Mohammad Rizwan,Saud Shakeel,Kuldeep Yadav,1,0,,,,,,"",""
ball,1,21.5,Pakistan,Saud Shakeel,Mohammad Rizwan,Kuldeep Yadav,0,0,,,,,,"",""
ball,1,21.6,Pakistan,Saud Shakeel,Mohammad Rizwan,Kuldeep Yadav,1,0,,,,,,"",""
ball,1,22.1,Pakistan,Saud Shakeel,Mohammad Rizwan,RA Jadeja,0,0,,,,,,"",""
ball,1,22.2,Pakistan,Saud Shakeel,Mohammad Rizwan,RA Jadeja,0,0,,,,,,"",""
ball,1,22.3,Pakistan,Saud Shakeel,Mohammad Rizwan,RA Jadeja,0,0,,,,,,"",""
ball,1,22.4,Pakistan,Saud Shakeel,Mohammad Rizwan,RA Jadeja,3,0,,,,,,"",""
ball,1,22.5,Pakistan,Mohammad Rizwan,Saud Shakeel,RA Jadeja,0,0,,,,,,"",""
ball,1,22.6,Pakistan,Mohammad Rizwan,Saud Shakeel,RA Jadeja,1,0,,,,,,"",""
ball,1,23.1,Pakistan,Mohammad Rizwan,Saud Shakeel,Kuldeep Yadav,0,0,,,,,,"",""
ball,1,23.2,Pakistan,Mohammad Rizwan,Saud Shakeel,Kuldeep Yadav,0,0,,,,,,"",""
ball,1,23.3,Pakistan,Mohammad Rizwan,Saud Shakeel,Kuldeep Yadav,1,0,,,,,,"",""
ball,1,23.4,Pakistan,Saud Shakeel,Mohammad Rizwan,Kuldeep Yadav,1,0,,,,,,"",""
ball,1,23.5,Pakistan,Mohammad Rizwan,Saud Shakeel,Kuldeep Yadav,1,0,,,,,,"",""
ball,1,23.6,Pakistan,Saud Shakeel,Mohammad Rizwan,Kuldeep Yadav,1,0,,,,,,"",""
ball,1,24.1,Pakistan,Saud Shakeel,Mohammad Rizwan,RA Jadeja,1,0,,,,,,"",""
ball,1,24.2,Pakistan,Mohammad Rizwan,Saud Shakeel,RA Jadeja,4,0,,,,,,"",""
ball,1,24.3,Pakistan,Mohammad Rizwan,Saud Shakeel,RA Jadeja,0,0,,,,,,"",""
ball,1,24.4,Pakistan,Mohammad Rizwan,Saud Shakeel,RA Jadeja,0,0,,,,,,"",""
ball,1,24.5,Pakistan,Mohammad Rizwan,Saud Shakeel,RA Jadeja,0,0,,,,,,"",""
ball,1,24.6,Pakistan,Mohammad Rizwan,Saud Shakeel,RA Jadeja,0,0,,,,,,"",""
ball,1,25.1,Pakistan,Saud Shakeel,Mohammad Rizwan,Kuldeep Yadav,0,0,,,,,,"",""
ball,1,25.2,Pakistan,Saud Shakeel,Mohammad Rizwan,Kuldeep Yadav,0,0,,,,,,"",""
ball,1,25.3,Pakistan,Saud Shakeel,Mohammad Rizwan,Kuldeep Yadav,4,0,,,,,,"",""
ball,1,25.4,Pakistan,Saud Shakeel,Mohammad Rizwan,Kuldeep Yadav,0,0,,,,,,"",""
ball,1,25.5,Pakistan,Saud Shakeel,Mohammad Rizwan,Kuldeep Yadav,0,0,,,,,,"",""
ball,1,25.6,Pakistan,Saud Shakeel,Mohammad Rizwan,Kuldeep Yadav,4,0,,,,,,"",""
ball,1,26.1,Pakistan,Mohammad Rizwan,Saud Shakeel,RA Jadeja,4,0,,,,,,"",""
ball,1,26.2,Pakistan,Mohammad Rizwan,Saud Shakeel,RA Jadeja,2,0,,,,,,"",""
ball,1,26.3,Pakistan,Mohammad Rizwan,Saud Shakeel,RA Jadeja,1,0,,,,,,"",""
ball,1,26.4,Pakistan,Saud Shakeel,Mohammad Rizwan,RA Jadeja,1,0,,,,,,"",""
ball,1,26.5,Pakistan,Mohammad Rizwan,Saud Shakeel,RA Jadeja,0,0,,,,,,"",""
ball,1,26.6,Pakistan,Mohammad Rizwan,Saud Shakeel,RA Jadeja,1,0,,,,,,"",""
ball,1,27.1,Pakistan,Mohammad Rizwan,Saud Shakeel,Mohammed Shami,0,0,,,,,,"",""
ball,1,27.2,Pakistan,Mohammad Rizwan,Saud Shakeel,Mohammed Shami,1,0,,,,,,"",""
ball,1,27.3,Pakistan,Saud Shakeel,Mohammad Rizwan,Mohammed Shami,1,0,,,,,,"",""
ball,1,27.4,Pakistan,Mohammad Rizwan,Saud Shakeel,Mohammed Shami,0,0,,,,,,"",""
ball,1,27.5,Pakistan,Mohammad Rizwan,Saud Shakeel,Mohammed Shami,1,0,,,,,,"",""
ball,1,27.6,Pakistan,Saud Shakeel,Mohammad Rizwan,Mohammed Shami,2,0,,,,,,"",""
ball,1,28.1,Pakistan,Mohammad Rizwan,Saud Shakeel,RA Jadeja,1,0,,,,,,"",""
ball,1,28.2,Pakistan,Saud Shakeel,Mohammad Rizwan,RA Jadeja,1,0,,,,,,"",""
ball,1,28.3,Pakistan,Mohammad Rizwan,Saud Shakeel,RA Jadeja,1,0,,,,,,"",""
ball,1,28.4,Pakistan,Saud Shakeel,Mohammad Rizwan,RA Jadeja,1,0,,,,,,"",""
ball,1,28.5,Pakistan,Mohammad Rizwan,Saud Shakeel,RA Jadeja,1,0,,,,,,"",""
ball,1,28.6,Pakistan,Saud Shakeel,Mohammad Rizwan,RA Jadeja,0,0,,,,,,"",""
ball,1,29.1,Pakistan,Mohammad Rizwan,Saud Shakeel,AR Patel,0,0,,,,,,"",""
ball,1,29.2,Pakistan,Mohammad Rizwan,Saud Shakeel,AR Patel,1,0,,,,,,"",""
ball,1,29.3,Pakistan,Saud Shakeel,Mohammad Rizwan,AR Patel,0,0,,,,,,"",""
ball,1,29.4,Pakistan,Saud Shakeel,Mohammad Rizwan,AR Patel,1,0,,,,,,"",""
ball,1,29.5,Pakistan,Mohammad Rizwan,Saud Shakeel,AR Patel,1,0,,,,,,"",""
ball,1,29.6,Pakistan,Saud Shakeel,Mohammad Rizwan,AR Patel,0,0,,,,,,"",""
ball,1,30.1,Pakistan,Mohammad Rizwan,Saud Shakeel,RA Jadeja,1,0,,,,,,"",""
ball,1,30.2,Pakistan,Saud Shakeel,Mohammad Rizwan,RA Jadeja,4,0,,,,,,"",""
ball,1,30.3,Pakistan,Saud Shakeel,Mohammad Rizwan,RA Jadeja,1,0,,,,,,"",""
ball,1,30.4,Pakistan,Mohammad Rizwan,Saud Shakeel,RA Jadeja,0,0,,,,,,"",""
ball,1,30.5,Pakistan,Mohammad Rizwan,Saud Shakeel,RA Jadeja,1,0,,,,,,"",""
ball,1,30.6,Pakistan,Saud Shakeel,Mohammad Rizwan,RA Jadeja,1,0,,,,,,"",""
ball,1,31.1,Pakistan,Saud Shakeel,Mohammad Rizwan,AR Patel,0,0,,,,,,"",""
ball,1,31.2,Pakistan,Saud Shakeel,Mohammad Rizwan,AR Patel,1,0,,,,,,"",""
ball,1,31.3,Pakistan,Mohammad Rizwan,Saud Shakeel,AR Patel,1,0,,,,,,"",""
ball,1,31.4,Pakistan,Saud Shakeel,Mohammad Rizwan,AR Patel,2,0,,,,,,"",""
ball,1,31.5,Pakistan,Saud Shakeel,Mohammad Rizwan,AR Patel,0,0,,,,,,"",""
ball,1,31.6,Pakistan,Saud Shakeel,Mohammad Rizwan,AR Patel,1,0,,,,,,"",""
ball,1,32.1,Pakistan,Saud Shakeel,Mohammad Rizwan,HH Pandya,0,1,1,,,,,"",""
ball,1,32.2,Pakistan,Saud Shakeel,Mohammad Rizwan,HH Pandya,1,0,,,,,,"",""
ball,1,32.3,Pakistan,Mohammad Rizwan,Saud Shakeel,HH Pandya,0,0,,,,,,"",""
ball,1,32.4,Pakistan,Mohammad Rizwan,Saud Shakeel,HH Pandya,0,1,,,,1,,"",""
ball,1,32.5,Pakistan,Saud Shakeel,Mohammad Rizwan,HH Pandya,1,0,,,,,,"",""
ball,1,32.6,Pakistan,Mohammad Rizwan,Saud Shakeel,HH Pandya,2,0,,,,,,"",""
ball,1,32.7,Pakistan,Mohammad Rizwan,Saud Shakeel,HH Pandya,2,0,,,,,,"",""
ball,1,33.1,Pakistan,Saud Shakeel,Mohammad Rizwan,AR Patel,1,0,,,,,,"",""
ball,1,33.2,Pakistan,Mohammad Rizwan,Saud Shakeel,AR Patel,0,0,,,,,,bowled,Mohammad Rizwan
ball,1,33.3,Pakistan,Agha Salman,Saud Shakeel,AR Patel,0,0,,,,,,"",""
ball,1,33.4,Pakistan,Agha Salman,Saud Shakeel,AR Patel,1,0,,,,,,"",""
ball,1,33.5,Pakistan,Saud Shakeel,Agha Salman,AR Patel,1,0,,,,,,"",""
ball,1,33.6,Pakistan,Agha Salman,Saud Shakeel,AR Patel,1,0,,,,,,"",""
ball,1,34.1,Pakistan,Agha Salman,Saud Shakeel,HH Pandya,1,0,,,,,,"",""
ball,1,34.2,Pakistan,Saud Shakeel,Agha Salman,HH Pandya,0,0,,,,,,"",""
ball,1,34.3,Pakistan,Saud Shakeel,Agha Salman,HH Pandya,4,0,,,,,,"",""
ball,1,34.4,Pakistan,Saud Shakeel,Agha Salman,HH Pandya,0,0,,,,,,"",""
ball,1,34.5,Pakistan,Saud Shakeel,Agha Salman,HH Pandya,0,0,,,,,,caught,Saud Shakeel
ball,1,34.6,Pakistan,Tayyab Tahir,Agha Salman,HH Pandya,1,0,,,,,,"",""
ball,1,35.1,Pakistan,Tayyab Tahir,Agha Salman,AR Patel,0,0,,,,,,"",""
ball,1,35.2,Pakistan,Tayyab Tahir,Agha Salman,AR Patel,1,0,,,,,,"",""
ball,1,35.3,Pakistan,Agha Salman,Tayyab Tahir,AR Patel,1,0,,,,,,"",""
ball,1,35.4,Pakistan,Tayyab Tahir,Agha Salman,AR Patel,1,0,,,,,,"",""
ball,1,35.5,Pakistan,Agha Salman,Tayyab Tahir,AR Patel,1,0,,,,,,"",""
ball,1,35.6,Pakistan,Tayyab Tahir,Agha Salman,AR Patel,1,0,,,,,,"",""
ball,1,36.1,Pakistan,Tayyab Tahir,Agha Salman,RA Jadeja,0,0,,,,,,bowled,Tayyab Tahir
ball,1,36.2,Pakistan,Khushdil Shah,Agha Salman,RA Jadeja,1,0,,,,,,"",""
ball,1,36.3,Pakistan,Agha Salman,Khushdil Shah,RA Jadeja,0,0,,,,,,"",""
ball,1,36.4,Pakistan,Agha Salman,Khushdil Shah,RA Jadeja,1,0,,,,,,"",""
ball,1,36.5,Pakistan,Khushdil Shah,Agha Salman,RA Jadeja,0,0,,,,,,"",""
ball,1,36.6,Pakistan,Khushdil Shah,Agha Salman,RA Jadeja,0,0,,,,,,"",""
ball,1,37.1,Pakistan,Agha Salman,Khushdil Shah,AR Patel,1,0,,,,,,"",""
ball,1,37.2,Pakistan,Khushdil Shah,Agha Salman,AR Patel,0,0,,,,,,"",""
ball,1,37.3,Pakistan,Khushdil Shah,Agha Salman,AR Patel,0,0,,,,,,"",""
ball,1,37.4,Pakistan,Khushdil Shah,Agha Salman,AR Patel,1,0,,,,,,"",""
ball,1,37.5,Pakistan,Agha Salman,Khushdil Shah,AR Patel,0,0,,,,,,"",""
ball,1,37.6,Pakistan,Agha Salman,Khushdil Shah,AR Patel,1,0,,,,,,"",""
ball,1,38.1,Pakistan,Agha Salman,Khushdil Shah,RA Jadeja,1,0,,,,,,"",""
ball,1,38.2,Pakistan,Khushdil Shah,Agha Salman,RA Jadeja,3,0,,,,,,"",""
ball,1,38.3,Pakistan,Agha Salman,Khushdil Shah,RA Jadeja,1,0,,,,,,"",""
ball,1,38.4,Pakistan,Khushdil Shah,Agha Salman,RA Jadeja,0,0,,,,,,"",""
ball,1,38.5,Pakistan,Khushdil Shah,Agha Salman,RA Jadeja,2,0,,,,,,"",""
ball,1,38.6,Pakistan,Khushdil Shah,Agha Salman,RA Jadeja,0,0,,,,,,"",""
ball,1,39.1,Pakistan,Agha Salman,Khushdil Shah,AR Patel,2,0,,,,,,"",""
ball,1,39.2,Pakistan,Agha Salman,Khushdil Shah,AR Patel,1,0,,,,,,"",""
ball,1,39.3,Pakistan,Khushdil Shah,Agha Salman,AR Patel,1,0,,,,,,"",""
ball,1,39.4,Pakistan,Agha Salman,Khushdil Shah,AR Patel,0,0,,,,,,"",""
ball,1,39.5,Pakistan,Agha Salman,Khushdil Shah,AR Patel,0,0,,,,,,"",""
ball,1,39.6,Pakistan,Agha Salman,Khushdil Shah,AR Patel,2,0,,,,,,"",""
ball,1,40.1,Pakistan,Khushdil Shah,Agha Salman,Kuldeep Yadav,1,0,,,,,,"",""
ball,1,40.2,Pakistan,Agha Salman,Khushdil Shah,Kuldeep Yadav,1,0,,,,,,"",""
ball,1,40.3,Pakistan,Khushdil Shah,Agha Salman,Kuldeep Yadav,0,0,,,,,,"",""
ball,1,40.4,Pakistan,Khushdil Shah,Agha Salman,Kuldeep Yadav,1,0,,,,,,"",""
ball,1,40.5,Pakistan,Agha Salman,Khushdil Shah,Kuldeep Yadav,1,0,,,,,,"",""
ball,1,40.6,Pakistan,Khushdil Shah,Agha Salman,Kuldeep Yadav,1,0,,,,,,"",""
ball,1,41.1,Pakistan,Khushdil Shah,Agha Salman,AR Patel,1,0,,,,,,"",""
ball,1,41.2,Pakistan,Agha Salman,Khushdil Shah,AR Patel,1,0,,,,,,"",""
ball,1,41.3,Pakistan,Khushdil Shah,Agha Salman,AR Patel,0,0,,,,,,"",""
ball,1,41.4,Pakistan,Khushdil Shah,Agha Salman,AR Patel,6,0,,,,,,"",""
ball,1,41.5,Pakistan,Khushdil Shah,Agha Salman,AR Patel,0,1,,,,1,,"",""
ball,1,41.6,Pakistan,Agha Salman,Khushdil Shah,AR Patel,0,0,,,,,,"",""
ball,1,42.1,Pakistan,Khushdil Shah,Agha Salman,Kuldeep Yadav,1,0,,,,,,"",""
ball,1,42.2,Pakistan,Agha Salman,Khushdil Shah,Kuldeep Yadav,1,0,,,,,,"",""
ball,1,42.3,Pakistan,Khushdil Shah,Agha Salman,Kuldeep Yadav,1,0,,,,,,"",""
ball,1,42.4,Pakistan,Agha Salman,Khushdil Shah,Kuldeep Yadav,0,0,,,,,,caught,Agha Salman
ball,1,42.5,Pakistan,Shaheen Shah Afridi,Khushdil Shah,Kuldeep Yadav,0,0,,,,,,lbw,Shaheen Shah Afridi
ball,1,42.6,Pakistan,Naseem Shah,Khushdil Shah,Kuldeep Yadav,0,0,,,,,,"",""
ball,1,43.1,Pakistan,Khushdil Shah,Naseem Shah,Harshit Rana,1,0,,,,,,"",""
ball,1,43.2,Pakistan,Naseem Shah,Khushdil Shah,Harshit Rana,0,0,,,,,,"",""
ball,1,43.3,Pakistan,Naseem Shah,Khushdil Shah,Harshit Rana,4,0,,,,,,"",""
ball,1,43.4,Pakistan,Naseem Shah,Khushdil Shah,Harshit Rana,0,0,,,,,,"",""
ball,1,43.5,Pakistan,Naseem Shah,Khushdil Shah,Harshit Rana,0,0,,,,,,"",""
ball,1,43.6,Pakistan,Naseem Shah,Khushdil Shah,Harshit Rana,1,0,,,,,,"",""
ball,1,44.1,Pakistan,Naseem Shah,Khushdil Shah,Kuldeep Yadav,0,0,,,,,,"",""
ball,1,44.2,Pakistan,Naseem Shah,Khushdil Shah,Kuldeep Yadav,1,0,,,,,,"",""
ball,1,44.3,Pakistan,Khushdil Shah,Naseem Shah,Kuldeep Yadav,1,0,,,,,,"",""
ball,1,44.4,Pakistan,Naseem Shah,Khushdil Shah,Kuldeep Yadav,2,0,,,,,,"",""
ball,1,44.5,Pakistan,Naseem Shah,Khushdil Shah,Kuldeep Yadav,1,0,,,,,,"",""
ball,1,44.6,Pakistan,Khushdil Shah,Naseem Shah,Kuldeep Yadav,1,0,,,,,,"",""
ball,1,45.1,Pakistan,Khushdil Shah,Naseem Shah,Mohammed Shami,1,0,,,,,,"",""
ball,1,45.2,Pakistan,Naseem Shah,Khushdil Shah,Mohammed Shami,2,0,,,,,,"",""
ball,1,45.3,Pakistan,Naseem Shah,Khushdil Shah,Mohammed Shami,0,1,,,,1,,"",""
ball,1,45.4,Pakistan,Khushdil Shah,Naseem Shah,Mohammed Shami,1,0,,,,,,"",""
ball,1,45.5,Pakistan,Naseem Shah,Khushdil Shah,Mohammed Shami,1,0,,,,,,"",""
ball,1,45.6,Pakistan,Khushdil Shah,Naseem Shah,Mohammed Shami,1,0,,,,,,"",""
ball,1,46.1,Pakistan,Khushdil Shah,Naseem Shah,Kuldeep Yadav,1,0,,,,,,"",""
ball,1,46.2,Pakistan,Naseem Shah,Khushdil Shah,Kuldeep Yadav,0,0,,,,,,"",""
ball,1,46.3,Pakistan,Naseem Shah,Khushdil Shah,Kuldeep Yadav,2,0,,,,,,"",""
ball,1,46.4,Pakistan,Naseem Shah,Khushdil Shah,Kuldeep Yadav,0,0,,,,,,caught,Naseem Shah
ball,1,46.5,Pakistan,Haris Rauf,Khushdil Shah,Kuldeep Yadav,0,0,,,,,,"",""
ball,1,46.6,Pakistan,Haris Rauf,Khushdil Shah,Kuldeep Yadav,0,0,,,,,,"",""
ball,1,47.1,Pakistan,Khushdil Shah,Haris Rauf,Harshit Rana,0,0,,,,,,"",""
ball,1,47.2,Pakistan,Khushdil Shah,Haris Rauf,Harshit Rana,2,0,,,,,,"",""
ball,1,47.3,Pakistan,Khushdil Shah,Haris Rauf,Harshit Rana,1,0,,,,,,"",""
ball,1,47.4,Pakistan,Haris Rauf,Khushdil Shah,Harshit Rana,1,0,,,,,,"",""
ball,1,47.5,Pakistan,Khushdil Shah,Haris Rauf,Harshit Rana,1,0,,,,,,"",""
ball,1,47.6,Pakistan,Haris Rauf,Khushdil Shah,Harshit Rana,0,0,,,,,,"",""
ball,1,48.1,Pakistan,Khushdil Shah,Haris Rauf,Mohammed Shami,6,0,,,,,,"",""
ball,1,48.2,Pakistan,Khushdil Shah,Haris Rauf,Mohammed Shami,0,0,,,,,,"",""
ball,1,48.3,Pakistan,Khushdil Shah,Haris Rauf,Mohammed Shami,1,0,,,,,,"",""
ball,1,48.4,Pakistan,Haris Rauf,Khushdil Shah,Mohammed Shami,6,0,,,,,,"",""
ball,1,48.5,Pakistan,Haris Rauf,Khushdil Shah,Mohammed Shami,0,0,,,,,,"",""
ball,1,48.6,Pakistan,Haris Rauf,Khushdil Shah,Mohammed Shami,1,0,,,,,,run out,Haris Rauf
ball,1,49.1,Pakistan,Khushdil Shah,Abrar Ahmed,Harshit Rana,0,0,,,,,,"",""
ball,1,49.2,Pakistan,Khushdil Shah,Abrar Ahmed,Harshit Rana,0,0,,,,,,"",""
ball,1,49.3,Pakistan,Khushdil Shah,Abrar Ahmed,Harshit Rana,0,0,,,,,,"",""
ball,1,49.4,Pakistan,Khushdil Shah,Abrar Ahmed,Harshit Rana,0,0,,,,,,caught,Khushdil Shah
ball,2,0.1,India,RG Sharma,Shubman Gill,Shaheen Shah Afridi,0,0,,,,,,"",""
ball,2,0.2,India,RG Sharma,Shubman Gill,Shaheen Shah Afridi,0,1,1,,,,,"",""
ball,2,0.3,India,RG Sharma,Shubman Gill,Shaheen Shah Afridi,1,0,,,,,,"",""
ball,2,0.4,India,Shubman Gill,RG Sharma,Shaheen Shah Afridi,0,0,,,,,,"",""
ball,2,0.5,India,Shubman Gill,RG Sharma,Shaheen Shah Afridi,0,0,,,,,,"",""
ball,2,0.6,India,Shubman Gill,RG Sharma,Shaheen Shah Afridi,0,0,,,,,,"",""
ball,2,0.7,India,Shubman Gill,RG Sharma,Shaheen Shah Afridi,0,0,,,,,,"",""
ball,2,1.1,India,RG Sharma,Shubman Gill,Naseem Shah,0,0,,,,,,"",""
ball,2,1.2,India,RG Sharma,Shubman Gill,Naseem Shah,0,0,,,,,,"",""
ball,2,1.3,India,RG Sharma,Shubman Gill,Naseem Shah,4,0,,,,,,"",""
ball,2,1.4,India,RG Sharma,Shubman Gill,Naseem Shah,6,0,,,,,,"",""
ball,2,1.5,India,RG Sharma,Shubman Gill,Naseem Shah,0,0,,,,,,"",""
ball,2,1.6,India,RG Sharma,Shubman Gill,Naseem Shah,0,0,,,,,,"",""
ball,2,2.1,India,Shubman Gill,RG Sharma,Shaheen Shah Afridi,4,0,,,,,,"",""
ball,2,2.2,India,Shubman Gill,RG Sharma,Shaheen Shah Afridi,0,0,,,,,,"",""
ball,2,2.3,India,Shubman Gill,RG Sharma,Shaheen Shah Afridi,0,0,,,,,,"",""
ball,2,2.4,India,Shubman Gill,RG Sharma,Shaheen Shah Afridi,0,0,,,,,,"",""
ball,2,2.5,India,Shubman Gill,RG Sharma,Shaheen Shah Afridi,4,0,,,,,,"",""
ball,2,2.6,India,Shubman Gill,RG Sharma,Shaheen Shah Afridi,0,0,,,,,,"",""
ball,2,3.1,India,RG Sharma,Shubman Gill,Naseem Shah,0,0,,,,,,"",""
ball,2,3.2,India,RG Sharma,Shubman Gill,Naseem Shah,1,0,,,,,,"",""
ball,2,3.3,India,Shubman Gill,RG Sharma,Naseem Shah,1,0,,,,,,"",""
ball,2,3.4,India,RG Sharma,Shubman Gill,Naseem Shah,4,0,,,,,,"",""
ball,2,3.5,India,RG Sharma,Shubman Gill,Naseem Shah,0,0,,,,,,"",""
ball,2,3.6,India,RG Sharma,Shubman Gill,Naseem Shah,0,0,,,,,,"",""
ball,2,4.1,India,Shubman Gill,RG Sharma,Shaheen Shah Afridi,0,0,,,,,,"",""
ball,2,4.2,India,Shubman Gill,RG Sharma,Shaheen Shah Afridi,0,0,,,,,,"",""
ball,2,4.3,India,Shubman Gill,RG Sharma,Shaheen Shah Afridi,0,0,,,,,,"",""
ball,2,4.4,India,Shubman Gill,RG Sharma,Shaheen Shah Afridi,1,0,,,,,,"",""
ball,2,4.5,India,RG Sharma,Shubman Gill,Shaheen Shah Afridi,4,0,,,,,,"",""
ball,2,4.6,India,RG Sharma,Shubman Gill,Shaheen Shah Afridi,0,0,,,,,,bowled,RG Sharma
ball,2,5.1,India,Shubman Gill,V Kohli,Naseem Shah,0,0,,,,,,"",""
ball,2,5.2,India,Shubman Gill,V Kohli,Naseem Shah,0,0,,,,,,"",""
ball,2,5.3,India,Shubman Gill,V Kohli,Naseem Shah,0,0,,,,,,"",""
ball,2,5.4,India,Shubman Gill,V Kohli,Naseem Shah,0,0,,,,,,"",""
ball,2,5.5,India,Shubman Gill,V Kohli,Naseem Shah,0,0,,,,,,"",""
ball,2,5.6,India,Shubman Gill,V Kohli,Naseem Shah,1,0,,,,,,"",""
ball,2,6.1,India,Shubman Gill,V Kohli,Shaheen Shah Afridi,2,0,,,,,,"",""
ball,2,6.2,India,Shubman Gill,V Kohli,Shaheen Shah Afridi,4,0,,,,,,"",""
ball,2,6.3,India,Shubman Gill,V Kohli,Shaheen Shah Afridi,0,0,,,,,,"",""
ball,2,6.4,India,Shubman Gill,V Kohli,Shaheen Shah Afridi,4,0,,,,,,"",""
ball,2,6.5,India,Shubman Gill,V Kohli,Shaheen Shah Afridi,4,0,,,,,,"",""
ball,2,6.6,India,Shubman Gill,V Kohli,Shaheen Shah Afridi,0,0,,,,,,"",""
ball,2,7.1,India,V Kohli,Shubman Gill,Naseem Shah,0,0,,,,,,"",""
ball,2,7.2,India,V Kohli,Shubman Gill,Naseem Shah,2,0,,,,,,"",""
ball,2,7.3,India,V Kohli,Shubman Gill,Naseem Shah,0,0,,,,,,"",""
ball,2,7.4,India,V Kohli,Shubman Gill,Naseem Shah,1,0,,,,,,"",""
ball,2,7.5,India,Shubman Gill,V Kohli,Naseem Shah,0,0,,,,,,"",""
ball,2,7.6,India,Shubman Gill,V Kohli,Naseem Shah,0,0,,,,,,"",""
ball,2,8.1,India,V Kohli,Shubman Gill,Shaheen Shah Afridi,2,0,,,,,,"",""
ball,2,8.2,India,V Kohli,Shubman Gill,Shaheen Shah Afridi,0,2,2,,,,,"",""
ball,2,8.3,India,Shubman Gill,V Kohli,Shaheen Shah Afridi,4,0,,,,,,"",""
ball,2,8.4,India,Shubman Gill,V Kohli,Shaheen Shah Afridi,0,0,,,,,,"",""
ball,2,8.5,India,Shubman Gill,V Kohli,Shaheen Shah Afridi,0,0,,,,,,"",""
ball,2,8.6,India,Shubman Gill,V Kohli,Shaheen Shah Afridi,4,0,,,,,,"",""
ball,2,8.7,India,Shubman Gill,V Kohli,Shaheen Shah Afridi,2,0,,,,,,"",""
ball,2,9.1,India,V Kohli,Shubman Gill,Naseem Shah,0,0,,,,,,"",""
ball,2,9.2,India,V Kohli,Shubman Gill,Naseem Shah,0,0,,,,,,"",""
ball,2,9.3,India,V Kohli,Shubman Gill,Naseem Shah,0,0,,,,,,"",""
ball,2,9.4,India,V Kohli,Shubman Gill,Naseem Shah,0,0,,,,,,"",""
ball,2,9.5,India,V Kohli,Shubman Gill,Naseem Shah,1,0,,,,,,"",""
ball,2,9.6,India,Shubman Gill,V Kohli,Naseem Shah,0,0,,,,,,"",""
ball,2,10.1,India,V Kohli,Shubman Gill,Haris Rauf,0,0,,,,,,"",""
ball,2,10.2,India,V Kohli,Shubman Gill,Haris Rauf,2,0,,,,,,"",""
ball,2,10.3,India,V Kohli,Shubman Gill,Haris Rauf,1,0,,,,,,"",""
ball,2,10.4,India,Shubman Gill,V Kohli,Haris Rauf,0,0,,,,,,"",""
ball,2,10.5,India,Shubman Gill,V Kohli,Haris Rauf,0,0,,,,,,"",""
ball,2,10.6,India,Shubman Gill,V Kohli,Haris Rauf,0,0,,,,,,"",""
ball,2,11.1,India,V Kohli,Shubman Gill,Abrar Ahmed,1,0,,,,,,"",""
ball,2,11.2,India,Shubman Gill,V Kohli,Abrar Ahmed,0,0,,,,,,"",""
ball,2,11.3,India,Shubman Gill,V Kohli,Abrar Ahmed,0,0,,,,,,"",""
ball,2,11.4,India,Shubman Gill,V Kohli,Abrar Ahmed,0,0,,,,,,"",""
ball,2,11.5,India,Shubman Gill,V Kohli,Abrar Ahmed,1,0,,,,,,"",""
ball,2,11.6,India,V Kohli,Shubman Gill,Abrar Ahmed,1,0,,,,,,"",""
ball,2,12.1,India,V Kohli,Shubman Gill,Haris Rauf,2,0,,,,,,"",""
ball,2,12.2,India,V Kohli,Shubman Gill,Haris Rauf,4,0,,,,,,"",""
ball,2,12.3,India,V Kohli,Shubman Gill,Haris Rauf,1,0,,,,,,"",""
ball,2,12.4,India,Shubman Gill,V Kohli,Haris Rauf,3,0,,,,,,"",""
ball,2,12.5,India,V Kohli,Shubman Gill,Haris Rauf,0,0,,,,,,"",""
ball,2,12.6,India,V Kohli,Shubman Gill,Haris Rauf,4,0,,,,,,"",""
ball,2,13.1,India,Shubman Gill,V Kohli,Abrar Ahmed,1,0,,,,,,"",""
ball,2,13.2,India,V Kohli,Shubman Gill,Abrar Ahmed,1,0,,,,,,"",""
ball,2,13.3,India,Shubman Gill,V Kohli,Abrar Ahmed,1,0,,,,,,"",""
ball,2,13.4,India,V Kohli,Shubman Gill,Abrar Ahmed,0,0,,,,,,"",""
ball,2,13.5,India,V Kohli,Shubman Gill,Abrar Ahmed,0,0,,,,,,"",""
ball,2,13.6,India,V Kohli,Shubman Gill,Abrar Ahmed,0,0,,,,,,"",""
ball,2,14.1,India,Shubman Gill,V Kohli,Khushdil Shah,1,0,,,,,,"",""
ball,2,14.2,India,V Kohli,Shubman Gill,Khushdil Shah,0,0,,,,,,"",""
ball,2,14.3,India,V Kohli,Shubman Gill,Khushdil Shah,0,0,,,,,,"",""
ball,2,14.4,India,V Kohli,Shubman Gill,Khushdil Shah,0,0,,,,,,"",""
ball,2,14.5,India,V Kohli,Shubman Gill,Khushdil Shah,0,0,,,,,,"",""
ball,2,14.6,India,V Kohli,Shubman Gill,Khushdil Shah,1,0,,,,,,"",""
ball,2,15.1,India,V Kohli,Shubman Gill,Abrar Ahmed,2,0,,,,,,"",""
ball,2,15.2,India,V Kohli,Shubman Gill,Abrar Ahmed,0,0,,,,,,"",""
ball,2,15.3,India,V Kohli,Shubman Gill,Abrar Ahmed,0,0,,,,,,"",""
ball,2,15.4,India,V Kohli,Shubman Gill,Abrar Ahmed,0,0,,,,,,"",""
ball,2,15.5,India,V Kohli,Shubman Gill,Abrar Ahmed,1,0,,,,,,"",""
ball,2,15.6,India,Shubman Gill,V Kohli,Abrar Ahmed,1,0,,,,,,"",""
ball,2,16.1,India,Shubman Gill,V Kohli,Khushdil Shah,1,0,,,,,,"",""
ball,2,16.2,India,V Kohli,Shubman Gill,Khushdil Shah,1,0,,,,,,"",""
ball,2,16.3,India,Shubman Gill,V Kohli,Khushdil Shah,1,0,,,,,,"",""
ball,2,16.4,India,V Kohli,Shubman Gill,Khushdil Shah,1,0,,,,,,"",""
ball,2,16.5,India,Shubman Gill,V Kohli,Khushdil Shah,1,0,,,,,,"",""
ball,2,16.6,India,V Kohli,Shubman Gill,Khushdil Shah,1,0,,,,,,"",""
ball,2,17.1,India,V Kohli,Shubman Gill,Abrar Ahmed,1,0,,,,,,"",""
ball,2,17.2,India,Shubman Gill,V Kohli,Abrar Ahmed,0,0,,,,,,"",""
ball,2,17.3,India,Shubman Gill,V Kohli,Abrar Ahmed,0,0,,,,,,bowled,Shubman Gill
ball,2,17.4,India,SS Iyer,V Kohli,Abrar Ahmed,1,0,,,,,,"",""
ball,2,17.5,India,V Kohli,SS Iyer,Abrar Ahmed,1,0,,,,,,"",""
ball,2,17.6,India,SS Iyer,V Kohli,Abrar Ahmed,0,0,,,,,,"",""
ball,2,18.1,India,V Kohli,SS Iyer,Haris Rauf,1,0,,,,,,"",""
ball,2,18.2,India,SS Iyer,V Kohli,Haris Rauf,1,0,,,,,,"",""
ball,2,18.3,India,V Kohli,SS Iyer,Haris Rauf,0,0,,,,,,"",""
ball,2,18.4,India,V Kohli,SS Iyer,Haris Rauf,1,0,,,,,,"",""
ball,2,18.5,India,SS Iyer,V Kohli,Haris Rauf,1,0,,,,,,"",""
ball,2,18.6,India,V Kohli,SS Iyer,Haris Rauf,1,0,,,,,,"",""
ball,2,19.1,India,V Kohli,SS Iyer,Abrar Ahmed,0,0,,,,,,"",""
ball,2,19.2,India,V Kohli,SS Iyer,Abrar Ahmed,1,0,,,,,,"",""
ball,2,19.3,India,SS Iyer,V Kohli,Abrar Ahmed,1,0,,,,,,"",""
ball,2,19.4,India,V Kohli,SS Iyer,Abrar Ahmed,0,0,,,,,,"",""
ball,2,19.5,India,V Kohli,SS Iyer,Abrar Ahmed,0,0,,,,,,"",""
ball,2,19.6,India,V Kohli,SS Iyer,Abrar Ahmed,0,0,,,,,,"",""
ball,2,20.1,India,SS Iyer,V Kohli,Haris Rauf,0,0,,,,,,"",""
ball,2,20.2,India,SS Iyer,V Kohli,Haris Rauf,0,0,,,,,,"",""
ball,2,20.3,India,SS Iyer,V Kohli,Haris Rauf,1,0,,,,,,"",""
ball,2,20.4,India,V Kohli,SS Iyer,Haris Rauf,4,0,,,,,,"",""
ball,2,20.5,India,V Kohli,SS Iyer,Haris Rauf,1,0,,,,,,"",""
ball,2,20.6,India,SS Iyer,V Kohli,Haris Rauf,0,0,,,,,,"",""
ball,2,21.1,India,V Kohli,SS Iyer,Abrar Ahmed,1,0,,,,,,"",""
ball,2,21.2,India,SS Iyer,V Kohli,Abrar Ahmed,0,0,,,,,,"",""
ball,2,21.3,India,SS Iyer,V Kohli,Abrar Ahmed,0,0,,,,,,"",""
ball,2,21.4,India,SS Iyer,V Kohli,Abrar Ahmed,1,0,,,,,,"",""
ball,2,21.5,India,V Kohli,SS Iyer,Abrar Ahmed,1,0,,,,,,"",""
ball,2,21.6,India,SS Iyer,V Kohli,Abrar Ahmed,0,0,,,,,,"",""
ball,2,22.1,India,V Kohli,SS Iyer,Haris Rauf,1,0,,,,,,"",""
ball,2,22.2,India,SS Iyer,V Kohli,Haris Rauf,0,0,,,,,,"",""
ball,2,22.3,India,SS Iyer,V Kohli,Haris Rauf,0,0,,,,,,"",""
ball,2,22.4,India,SS Iyer,V Kohli,Haris Rauf,0,0,,,,,,"",""
ball,2,22.5,India,SS Iyer,V Kohli,Haris Rauf,4,0,,,,,,"",""
ball,2,22.6,India,SS Iyer,V Kohli,Haris Rauf,0,0,,,,,,"",""
ball,2,23.1,India,V Kohli,SS Iyer,Abrar Ahmed,0,0,,,,,,"",""
ball,2,23.2,India,V Kohli,SS Iyer,Abrar Ahmed,0,0,,,,,,"",""
ball,2,23.3,India,V Kohli,SS Iyer,Abrar Ahmed,1,0,,,,,,"",""
ball,2,23.4,India,SS Iyer,V Kohli,Abrar Ahmed,0,0,,,,,,"",""
ball,2,23.5,India,SS Iyer,V Kohli,Abrar Ahmed,0,0,,,,,,"",""
ball,2,23.6,India,SS Iyer,V Kohli,Abrar Ahmed,0,0,,,,,,"",""
ball,2,24.1,India,V Kohli,SS Iyer,Naseem Shah,0,0,,,,,,"",""
ball,2,24.2,India,V Kohli,SS Iyer,Naseem Shah,0,0,,,,,,"",""
ball,2,24.3,India,V Kohli,SS Iyer,Naseem Shah,0,0,,,,,,"",""
ball,2,24.4,India,V Kohli,SS Iyer,Naseem Shah,1,0,,,,,,"",""
ball,2,24.5,India,SS Iyer,V Kohli,Naseem Shah,0,0,,,,,,"",""
ball,2,24.6,India,SS Iyer,V Kohli,Naseem Shah,1,0,,,,,,"",""
ball,2,25.1,India,SS Iyer,V Kohli,Khushdil Shah,0,0,,,,,,"",""
ball,2,25.2,India,SS Iyer,V Kohli,Khushdil Shah,0,0,,,,,,"",""
ball,2,25.3,India,SS Iyer,V Kohli,Khushdil Shah,1,0,,,,,,"",""
ball,2,25.4,India,V Kohli,SS Iyer,Khushdil Shah,1,0,,,,,,"",""
ball,2,25.5,India,SS Iyer,V Kohli,Khushdil Shah,0,0,,,,,,"",""
ball,2,25.6,India,SS Iyer,V Kohli,Khushdil Shah,0,0,,,,,,"",""
ball,2,26.1,India,V Kohli,SS Iyer,Naseem Shah,4,0,,,,,,"",""
ball,2,26.2,India,V Kohli,SS Iyer,Naseem Shah,1,0,,,,,,"",""
ball,2,26.3,India,SS Iyer,V Kohli,Naseem Shah,1,0,,,,,,"",""
ball,2,26.4,India,V Kohli,SS Iyer,Naseem Shah,0,0,,,,,,"",""
ball,2,26.5,India,V Kohli,SS Iyer,Naseem Shah,1,0,,,,,,"",""
ball,2,26.6,India,SS Iyer,V Kohli,Naseem Shah,1,0,,,,,,"",""
ball,2,27.1,India,SS Iyer,V Kohli,Khushdil Shah,1,0,,,,,,"",""
ball,2,27.2,India,V Kohli,SS Iyer,Khushdil Shah,1,0,,,,,,"",""
ball,2,27.3,India,SS Iyer,V Kohli,Khushdil Shah,1,0,,,,,,"",""
ball,2,27.4,India,V Kohli,SS Iyer,Khushdil Shah,0,0,,,,,,"",""
ball,2,27.5,India,V Kohli,SS Iyer,Khushdil Shah,0,0,,,,,,"",""
ball,2,27.6,India,V Kohli,SS Iyer,Khushdil Shah,1,0,,,,,,"",""
ball,2,28.1,India,V Kohli,SS Iyer,Shaheen Shah Afridi,4,0,,,,,,"",""
ball,2,28.2,India,V Kohli,SS Iyer,Shaheen Shah Afridi,0,0,,,,,,"",""
ball,2,28.3,India,V Kohli,SS Iyer,Shaheen Shah Afridi,1,0,,,,,,"",""
ball,2,28.4,India,SS Iyer,V Kohli,Shaheen Shah Afridi,1,0,,,,,,"",""
ball,2,28.5,India,V Kohli,SS Iyer,Shaheen Shah Afridi,2,0,,,,,,"",""
ball,2,28.6,India,V Kohli,SS Iyer,Shaheen Shah Afridi,2,0,,,,,,"",""
ball,2,29.1,India,SS Iyer,V Kohli,Khushdil Shah,0,0,,,,,,"",""
ball,2,29.2,India,SS Iyer,V Kohli,Khushdil Shah,4,0,,,,,,"",""
ball,2,29.3,India,SS Iyer,V Kohli,Khushdil Shah,4,0,,,,,,"",""
ball,2,29.4,India,SS Iyer,V Kohli,Khushdil Shah,0,0,,,,,,"",""
ball,2,29.5,India,SS Iyer,V Kohli,Khushdil Shah,0,0,,,,,,"",""
ball,2,29.6,India,SS Iyer,V Kohli,Khushdil Shah,2,0,,,,,,"",""
ball,2,30.1,India,V Kohli,SS Iyer,Agha Salman,1,0,,,,,,"",""
ball,2,30.2,India,SS Iyer,V Kohli,Agha Salman,0,0,,,,,,"",""
ball,2,30.3,India,SS Iyer,V Kohli,Agha Salman,6,0,,,,,,"",""
ball,2,30.4,India,SS Iyer,V Kohli,Agha Salman,1,0,,,,,,"",""
ball,2,30.5,India,V Kohli,SS Iyer,Agha Salman,0,0,,,,,,"",""
ball,2,30.6,India,V Kohli,SS Iyer,Agha Salman,0,0,,,,,,"",""
ball,2,31.1,India,SS Iyer,V Kohli,Khushdil Shah,4,0,,,,,,"",""
ball,2,31.2,India,SS Iyer,V Kohli,Khushdil Shah,0,0,,,,,,"",""
ball,2,31.3,India,SS Iyer,V Kohli,Khushdil Shah,2,0,,,,,,"",""
ball,2,31.4,India,SS Iyer,V Kohli,Khushdil Shah,0,0,,,,,,"",""
ball,2,31.5,India,SS Iyer,V Kohli,Khushdil Shah,0,0,,,,,,"",""
ball,2,31.6,India,SS Iyer,V Kohli,Khushdil Shah,1,0,,,,,,"",""
ball,2,32.1,India,SS Iyer,V Kohli,Abrar Ahmed,0,0,,,,,,"",""
ball,2,32.2,India,SS Iyer,V Kohli,Abrar Ahmed,1,0,,,,,,"",""
ball,2,32.3,India,V Kohli,SS Iyer,Abrar Ahmed,0,0,,,,,,"",""
ball,2,32.4,India,V Kohli,SS Iyer,Abrar Ahmed,1,0,,,,,,"",""
ball,2,32.5,India,SS Iyer,V Kohli,Abrar Ahmed,1,0,,,,,,"",""
ball,2,32.6,India,V Kohli,SS Iyer,Abrar Ahmed,1,0,,,,,,"",""
ball,2,33.1,India,V Kohli,SS Iyer,Naseem Shah,1,0,,,,,,"",""
ball,2,33.2,India,SS Iyer,V Kohli,Naseem Shah,0,1,1,,,,,"",""
ball,2,33.3,India,SS Iyer,V Kohli,Naseem Shah,1,0,,,,,,"",""
ball,2,33.4,India,V Kohli,SS Iyer,Naseem Shah,0,0,,,,,,"",""
ball,2,33.5,India,V Kohli,SS Iyer,Naseem Shah,0,0,,,,,,"",""
ball,2,33.6,India,V Kohli,SS Iyer,Naseem Shah,1,0,,,,,,"",""
ball,2,33.7,India,SS Iyer,V Kohli,Naseem Shah,2,0,,,,,,"",""
ball,2,34.1,India,V Kohli,SS Iyer,Abrar Ahmed,0,0,,,,,,"",""
ball,2,34.2,India,V Kohli,SS Iyer,Abrar Ahmed,1,0,,,,,,"",""
ball,2,34.3,India,SS Iyer,V Kohli,Abrar Ahmed,1,0,,,,,,"",""
ball,2,34.4,India,V Kohli,SS Iyer,Abrar Ahmed,1,0,,,,,,"",""
ball,2,34.5,India,SS Iyer,V Kohli,Abrar Ahmed,0,0,,,,,,"",""
ball,2,34.6,India,SS Iyer,V Kohli,Abrar Ahmed,1,0,,,,,,"",""
ball,2,35.1,India,SS Iyer,V Kohli,Haris Rauf,0,0,,,,,,"",""
ball,2,35.2,India,SS Iyer,V Kohli,Haris Rauf,1,0,,,,,,"",""
ball,2,35.3,India,V Kohli,SS Iyer,Haris Rauf,2,0,,,,,,"",""
ball,2,35.4,India,V Kohli,SS Iyer,Haris Rauf,2,0,,,,,,"",""
ball,2,35.5,India,V Kohli,SS Iyer,Haris Rauf,4,0,,,,,,"",""
ball,2,35.6,India,V Kohli,SS Iyer,Haris Rauf,2,0,,,,,,"",""
ball,2,36.1,India,SS Iyer,V Kohli,Abrar Ahmed,0,0,,,,,,"",""
ball,2,36.2,India,SS Iyer,V Kohli,Abrar Ahmed,0,0,,,,,,"",""
ball,2,36.3,India,SS Iyer,V Kohli,Abrar Ahmed,0,0,,,,,,"",""
ball,2,36.4,India,SS Iyer,V Kohli,Abrar Ahmed,0,0,,,,,,"",""
ball,2,36.5,India,SS Iyer,V Kohli,Abrar Ahmed,1,0,,,,,,"",""
ball,2,36.6,India,V Kohli,SS Iyer,Abrar Ahmed,0,0,,,,,,"",""
ball,2,37.1,India,SS Iyer,V Kohli,Haris Rauf,0,2,2,,,,,"",""
ball,2,37.2,India,V Kohli,SS Iyer,Haris Rauf,0,0,,,,,,"",""
ball,2,37.3,India,V Kohli,SS Iyer,Haris Rauf,1,0,,,,,,"",""
ball,2,37.4,India,SS Iyer,V Kohli,Haris Rauf,0,1,1,,,,,"",""
ball,2,37.5,India,SS Iyer,V Kohli,Haris Rauf,1,0,,,,,,"",""
ball,2,37.6,India,V Kohli,SS Iyer,Haris Rauf,1,0,,,,,,"",""
ball,2,37.7,India,SS Iyer,V Kohli,Haris Rauf,1,0,,,,,,"",""
ball,2,37.8,India,V Kohli,SS Iyer,Haris Rauf,1,0,,,,,,"",""
ball,2,38.1,India,V Kohli,SS Iyer,Khushdil Shah,0,0,,,,,,"",""
ball,2,38.2,India,V Kohli,SS Iyer,Khushdil Shah,0,0,,,,,,"",""
ball,2,38.3,India,V Kohli,SS Iyer,Khushdil Shah,1,0,,,,,,"",""
ball,2,38.4,India,SS Iyer,V Kohli,Khushdil Shah,4,0,,,,,,"",""
ball,2,38.5,India,SS Iyer,V Kohli,Khushdil Shah,0,0,,,,,,caught,SS Iyer
ball,2,38.6,India,HH Pandya,V Kohli,Khushdil Shah,1,0,,,,,,"",""
ball,2,39.1,India,HH Pandya,V Kohli,Shaheen Shah Afridi,4,0,,,,,,"",""
ball,2,39.2,India,HH Pandya,V Kohli,Shaheen Shah Afridi,2,0,,,,,,"",""
ball,2,39.3,India,HH Pandya,V Kohli,Shaheen Shah Afridi,0,0,,,,,,"",""
ball,2,39.4,India,HH Pandya,V Kohli,Shaheen Shah Afridi,1,0,,,,,,"",""
ball,2,39.5,India,V Kohli,HH Pandya,Shaheen Shah Afridi,1,0,,,,,,"",""
ball,2,39.6,India,HH Pandya,V Kohli,Shaheen Shah Afridi,0,0,,,,,,caught,HH Pandya
ball,2,40.1,India,V Kohli,AR Patel,Agha Salman,0,0,,,,,,"",""
ball,2,40.2,India,V Kohli,AR Patel,Agha Salman,0,0,,,,,,"",""
ball,2,40.3,India,V Kohli,AR Patel,Agha Salman,1,0,,,,,,"",""
ball,2,40.4,India,AR Patel,V Kohli,Agha Salman,0,0,,,,,,"",""
ball,2,40.5,India,AR Patel,V Kohli,Agha Salman,1,0,,,,,,"",""
ball,2,40.6,India,V Kohli,AR Patel,Agha Salman,0,0,,,,,,"",""
ball,2,41.1,India,AR Patel,V Kohli,Shaheen Shah Afridi,1,0,,,,,,"",""
ball,2,41.2,India,V Kohli,AR Patel,Shaheen Shah Afridi,1,0,,,,,,"",""
ball,2,41.3,India,AR Patel,V Kohli,Shaheen Shah Afridi,0,2,2,,,,,"",""
ball,2,41.4,India,V Kohli,AR Patel,Shaheen Shah Afridi,0,1,1,,,,,"",""
ball,2,41.5,India,V Kohli,AR Patel,Shaheen Shah Afridi,2,0,,,,,,"",""
ball,2,41.6,India,V Kohli,AR Patel,Shaheen Shah Afridi,0,1,1,,,,,"",""
ball,2,41.7,India,V Kohli,AR Patel,Shaheen Shah Afridi,2,0,,,,,,"",""
ball,2,41.8,India,V Kohli,AR Patel,Shaheen Shah Afridi,2,0,,,,,,"",""
ball,2,41.9,India,V Kohli,AR Patel,Shaheen Shah Afridi,1,0,,,,,,"",""
ball,2,42.1,India,V Kohli,AR Patel,Khushdil Shah,1,0,,,,,,"",""
ball,2,42.2,India,AR Patel,V Kohli,Khushdil Shah,1,0,,,,,,"",""
ball,2,42.3,India,V Kohli,AR Patel,Khushdil Shah,4,0,,,,,,"",""
