version,1.7.0
info,balls_per_over,6
info,team,England
info,team,Australia
info,gender,male
info,season,2024/25
info,date,2025/02/22
info,event,ICC Champions Trophy
info,match_number,4
info,venue,"Gaddafi Stadium, Lahore"
info,city,Lahore
info,toss_winner,Australia
info,toss_decision,field
info,player_of_match,JP Inglis
info,umpire,Ahsan Raza
info,umpire,JS Wilson
info,reserve_umpire,Rashid Riaz
info,tv_umpire,HDPK Dharmasena
info,match_referee,AJ Pycroft
info,winner,Australia
info,winner_wickets,5
info,player,England,PD Salt
info,player,England,BM Duckett
info,player,England,JL Smith
info,player,England,JE Root
info,player,England,HC Brook
info,player,England,JC Buttler
info,player,England,LS Livingstone
info,player,England,BA Carse
info,player,England,JC Archer
info,player,England,AU Rashid
info,player,England,MA Wood
info,player,Australia,MW Short
info,player,Australia,TM Head
info,player,Australia,SPD Smith
info,player,Australia,M Labuschagne
info,player,Australia,JP Inglis
info,player,Australia,AT Carey
info,player,Australia,GJ Maxwell
info,player,Australia,BJ Dwarshuis
info,player,Australia,NT Ellis
info,player,Australia,A Zampa
info,player,Australia,SH Johnson
info,registry,people,A Zampa,14f96089
info,registry,people,AJ Pycroft,685d3f80
info,registry,people,AT Carey,69d03465
info,registry,people,AU Rashid,249d60c9
info,registry,people,Ahsan Raza,e0e5b209
info,registry,people,BA Carse,cad40f5e
info,registry,people,BJ Dwarshuis,e1b9f3a9
info,registry,people,BM Duckett,5f26f677
info,registry,people,GJ Maxwell,b681e71e
info,registry,people,HC Brook,4ae1755b
info,registry,people,HDPK Dharmasena,323e4c16
info,registry,people,JC Archer,5574750c
info,registry,people,JC Buttler,99b75528
info,registry,people,JE Root,a343262c
info,registry,people,JL Smith,c834c290
info,registry,people,JP Inglis,989889ff
info,registry,people,JS Wilson,d7f3b72f
info,registry,people,LS Livingstone,50c6bc2b
info,registry,people,M Labuschagne,fa433be6
info,registry,people,MA Wood,8d92a2c3
info,registry,people,MW Short,a90e53ec
info,registry,people,NT Ellis,9eb1455b
info,registry,people,PD Salt,3d284ca3
info,registry,people,Rashid Riaz,fb82725e
info,registry,people,SH Johnson,83c3e8e3
info,registry,people,SPD Smith,30a45b23
info,registry,people,TM Head,12b610c2
ball,1,0.1,England,PD Salt,BM Duckett,SH Johnson,0,1,,,1,,,"",""
ball,1,0.2,England,BM Duckett,PD Salt,SH Johnson,0,1,,,,1,,"",""
ball,1,0.3,England,PD Salt,BM Duckett,SH Johnson,0,0,,,,,,"",""
ball,1,0.4,England,PD Salt,BM Duckett,SH Johnson,0,0,,,,,,"",""
ball,1,0.5,England,PD Salt,BM Duckett,SH Johnson,4,0,,,,,,"",""
ball,1,0.6,England,PD Salt,BM Duckett,SH Johnson,6,0,,,,,,"",""
ball,1,1.1,England,BM Duckett,PD Salt,BJ Dwarshuis,0,0,,,,,,"",""
ball,1,1.2,England,BM Duckett,PD Salt,BJ Dwarshuis,0,0,,,,,,"",""
ball,1,1.3,England,BM Duckett,PD Salt,BJ Dwarshuis,1,0,,,,,,"",""
ball,1,1.4,England,PD Salt,BM Duckett,BJ Dwarshuis,0,0,,,,,,caught,PD Salt
ball,1,1.5,England,JL Smith,BM Duckett,BJ Dwarshuis,0,0,,,,,,"",""
ball,1,1.6,England,JL Smith,BM Duckett,BJ Dwarshuis,4,0,,,,,,"",""
ball,1,2.1,England,BM Duckett,JL Smith,SH Johnson,0,0,,,,,,"",""
ball,1,2.2,England,BM Duckett,JL Smith,SH Johnson,0,0,,,,,,"",""
ball,1,2.3,England,BM Duckett,JL Smith,SH Johnson,2,0,,,,,,"",""
ball,1,2.4,England,BM Duckett,JL Smith,SH Johnson,0,0,,,,,,"",""
ball,1,2.5,England,BM Duckett,JL Smith,SH Johnson,1,0,,,,,,"",""
ball,1,2.6,England,JL Smith,BM Duckett,SH Johnson,0,0,,,,,,"",""
ball,1,3.1,England,BM Duckett,JL Smith,BJ Dwarshuis,4,0,,,,,,"",""
ball,1,3.2,England,BM Duckett,JL Smith,BJ Dwarshuis,0,5,5,,,,,"",""
ball,1,3.3,England,BM Duckett,JL Smith,BJ Dwarshuis,0,0,,,,,,"",""
ball,1,3.4,England,BM Duckett,JL Smith,BJ Dwarshuis,1,0,,,,,,"",""
ball,1,3.5,England,JL Smith,BM Duckett,BJ Dwarshuis,0,1,1,,,,,"",""
ball,1,3.6,England,JL Smith,BM Duckett,BJ Dwarshuis,0,0,,,,,,"",""
ball,1,3.7,England,JL Smith,BM Duckett,BJ Dwarshuis,0,0,,,,,,"",""
ball,1,3.8,England,JL Smith,BM Duckett,BJ Dwarshuis,1,0,,,,,,"",""
ball,1,4.1,England,JL Smith,BM Duckett,SH Johnson,0,0,,,,,,"",""
ball,1,4.2,England,JL Smith,BM Duckett,SH Johnson,0,0,,,,,,"",""
ball,1,4.3,England,JL Smith,BM Duckett,SH Johnson,0,0,,,,,,"",""
ball,1,4.4,England,JL Smith,BM Duckett,SH Johnson,4,0,,,,,,"",""
ball,1,4.5,England,JL Smith,BM Duckett,SH Johnson,2,0,,,,,,"",""
ball,1,4.6,England,JL Smith,BM Duckett,SH Johnson,4,0,,,,,,"",""
ball,1,5.1,England,BM Duckett,JL Smith,BJ Dwarshuis,1,0,,,,,,"",""
ball,1,5.2,England,JL Smith,BM Duckett,BJ Dwarshuis,0,0,,,,,,caught,JL Smith
ball,1,5.3,England,JE Root,BM Duckett,BJ Dwarshuis,0,0,,,,,,"",""
ball,1,5.4,England,JE Root,BM Duckett,BJ Dwarshuis,0,0,,,,,,"",""
ball,1,5.5,England,JE Root,BM Duckett,BJ Dwarshuis,0,0,,,,,,"",""
ball,1,5.6,England,JE Root,BM Duckett,BJ Dwarshuis,3,0,,,,,,"",""
ball,1,6.1,England,JE Root,BM Duckett,NT Ellis,1,0,,,,,,"",""
ball,1,6.2,England,BM Duckett,JE Root,NT Ellis,4,0,,,,,,"",""
ball,1,6.3,England,BM Duckett,JE Root,NT Ellis,0,0,,,,,,"",""
ball,1,6.4,England,BM Duckett,JE Root,NT Ellis,0,0,,,,,,"",""
ball,1,6.5,England,BM Duckett,JE Root,NT Ellis,0,4,,,4,,,"",""
ball,1,6.6,England,BM Duckett,JE Root,NT Ellis,0,0,,,,,,"",""
ball,1,7.1,England,JE Root,BM Duckett,BJ Dwarshuis,0,0,,,,,,"",""
ball,1,7.2,England,JE Root,BM Duckett,BJ Dwarshuis,0,0,,,,,,"",""
ball,1,7.3,England,JE Root,BM Duckett,BJ Dwarshuis,2,0,,,,,,"",""
ball,1,7.4,England,JE Root,BM Duckett,BJ Dwarshuis,2,0,,,,,,"",""
ball,1,7.5,England,JE Root,BM Duckett,BJ Dwarshuis,1,0,,,,,,"",""
ball,1,7.6,England,BM Duckett,JE Root,BJ Dwarshuis,0,0,,,,,,"",""
ball,1,8.1,England,JE Root,BM Duckett,NT Ellis,0,0,,,,,,"",""
ball,1,8.2,England,JE Root,BM Duckett,NT Ellis,0,0,,,,,,"",""
ball,1,8.3,England,JE Root,BM Duckett,NT Ellis,2,0,,,,,,"",""
ball,1,8.4,England,JE Root,BM Duckett,NT Ellis,1,0,,,,,,"",""
ball,1,8.5,England,BM Duckett,JE Root,NT Ellis,0,0,,,,,,"",""
ball,1,8.6,England,BM Duckett,JE Root,NT Ellis,1,0,,,,,,"",""
ball,1,9.1,England,BM Duckett,JE Root,BJ Dwarshuis,0,1,1,,,,,"",""
ball,1,9.2,England,BM Duckett,JE Root,BJ Dwarshuis,1,0,,,,,,"",""
ball,1,9.3,England,JE Root,BM Duckett,BJ Dwarshuis,1,0,,,,,,"",""
ball,1,9.4,England,BM Duckett,JE Root,BJ Dwarshuis,0,0,,,,,,"",""
ball,1,9.5,England,BM Duckett,JE Root,BJ Dwarshuis,1,0,,,,,,"",""
ball,1,9.6,England,JE Root,BM Duckett,BJ Dwarshuis,1,0,,,,,,"",""
ball,1,9.7,England,BM Duckett,JE Root,BJ Dwarshuis,4,0,,,,,,"",""
ball,1,10.1,England,JE Root,BM Duckett,NT Ellis,1,0,,,,,,"",""
ball,1,10.2,England,BM Duckett,JE Root,NT Ellis,1,0,,,,,,"",""
ball,1,10.3,England,JE Root,BM Duckett,NT Ellis,0,0,,,,,,"",""
ball,1,10.4,England,JE Root,BM Duckett,NT Ellis,4,0,,,,,,"",""
ball,1,10.5,England,JE Root,BM Duckett,NT Ellis,0,0,,,,,,"",""
ball,1,10.6,England,JE Root,BM Duckett,NT Ellis,1,0,,,,,,"",""
ball,1,11.1,England,JE Root,BM Duckett,GJ Maxwell,1,0,,,,,,"",""
ball,1,11.2,England,BM Duckett,JE Root,GJ Maxwell,0,0,,,,,,"",""
ball,1,11.3,England,BM Duckett,JE Root,GJ Maxwell,1,0,,,,,,"",""
ball,1,11.4,England,JE Root,BM Duckett,GJ Maxwell,1,0,,,,,,"",""
ball,1,11.5,England,BM Duckett,JE Root,GJ Maxwell,0,0,,,,,,"",""
ball,1,11.6,England,BM Duckett,JE Root,GJ Maxwell,4,0,,,,,,"",""
ball,1,12.1,England,JE Root,BM Duckett,NT Ellis,1,0,,,,,,"",""
ball,1,12.2,England,BM Duckett,JE Root,NT Ellis,0,1,1,,,,,"",""
ball,1,12.3,England,BM Duckett,JE Root,NT Ellis,0,0,,,,,,"",""
ball,1,12.4,England,BM Duckett,JE Root,NT Ellis,1,0,,,,,,"",""
ball,1,12.5,England,JE Root,BM Duckett,NT Ellis,0,0,,,,,,"",""
ball,1,12.6,England,JE Root,BM Duckett,NT Ellis,0,0,,,,,,"",""
ball,1,12.7,England,JE Root,BM Duckett,NT Ellis,1,0,,,,,,"",""
ball,1,13.1,England,JE Root,BM Duckett,GJ Maxwell,1,0,,,,,,"",""
ball,1,13.2,England,BM Duckett,JE Root,GJ Maxwell,1,0,,,,,,"",""
ball,1,13.3,England,JE Root,BM Duckett,GJ Maxwell,1,0,,,,,,"",""
ball,1,13.4,England,BM Duckett,JE Root,GJ Maxwell,1,0,,,,,,"",""
ball,1,13.5,England,JE Root,BM Duckett,GJ Maxwell,1,0,,,,,,"",""
ball,1,13.6,England,BM Duckett,JE Root,GJ Maxwell,6,0,,,,,,"",""
ball,1,14.1,England,JE Root,BM Duckett,A Zampa,1,0,,,,,,"",""
ball,1,14.2,England,BM Duckett,JE Root,A Zampa,1,0,,,,,,"",""
ball,1,14.3,England,JE Root,BM Duckett,A Zampa,1,0,,,,,,"",""
ball,1,14.4,England,BM Duckett,JE Root,A Zampa,0,0,,,,,,"",""
ball,1,14.5,England,BM Duckett,JE Root,A Zampa,2,0,,,,,,"",""
ball,1,14.6,England,BM Duckett,JE Root,A Zampa,1,0,,,,,,"",""
ball,1,15.1,England,BM Duckett,JE Root,GJ Maxwell,1,0,,,,,,"",""
ball,1,15.2,England,JE Root,BM Duckett,GJ Maxwell,1,0,,,,,,"",""
ball,1,15.3,England,BM Duckett,JE Root,GJ Maxwell,0,0,,,,,,"",""
ball,1,15.4,England,BM Duckett,JE Root,GJ Maxwell,1,0,,,,,,"",""
ball,1,15.5,England,JE Root,BM Duckett,GJ Maxwell,1,0,,,,,,"",""
ball,1,15.6,England,BM Duckett,JE Root,GJ Maxwell,1,0,,,,,,"",""
ball,1,16.1,England,BM Duckett,JE Root,A Zampa,1,0,,,,,,"",""
ball,1,16.2,England,JE Root,BM Duckett,A Zampa,0,0,,,,,,"",""
ball,1,16.3,England,JE Root,BM Duckett,A Zampa,1,0,,,,,,"",""
ball,1,16.4,England,BM Duckett,JE Root,A Zampa,0,0,,,,,,"",""
ball,1,16.5,England,BM Duckett,JE Root,A Zampa,1,0,,,,,,"",""
ball,1,16.6,England,JE Root,BM Duckett,A Zampa,0,0,,,,,,"",""
ball,1,17.1,England,BM Duckett,JE Root,SH Johnson,0,0,,,,,,"",""
ball,1,17.2,England,BM Duckett,JE Root,SH Johnson,1,0,,,,,,"",""
ball,1,17.3,England,JE Root,BM Duckett,SH Johnson,4,0,,,,,,"",""
ball,1,17.4,England,JE Root,BM Duckett,SH Johnson,1,0,,,,,,"",""
ball,1,17.5,England,BM Duckett,JE Root,SH Johnson,4,0,,,,,,"",""
ball,1,17.6,England,BM Duckett,JE Root,SH Johnson,0,0,,,,,,"",""
ball,1,18.1,England,JE Root,BM Duckett,A Zampa,1,0,,,,,,"",""
ball,1,18.2,England,BM Duckett,JE Root,A Zampa,1,0,,,,,,"",""
ball,1,18.3,England,JE Root,BM Duckett,A Zampa,0,0,,,,,,"",""
ball,1,18.4,England,JE Root,BM Duckett,A Zampa,0,0,,,,,,"",""
ball,1,18.5,England,JE Root,BM Duckett,A Zampa,1,0,,,,,,"",""
ball,1,18.6,England,BM Duckett,JE Root,A Zampa,0,0,,,,,,"",""
ball,1,19.1,England,JE Root,BM Duckett,SH Johnson,0,0,,,,,,"",""
ball,1,19.2,England,JE Root,BM Duckett,SH Johnson,1,0,,,,,,"",""
ball,1,19.3,England,BM Duckett,JE Root,SH Johnson,1,0,,,,,,"",""
ball,1,19.4,England,JE Root,BM Duckett,SH Johnson,0,0,,,,,,"",""
ball,1,19.5,England,JE Root,BM Duckett,SH Johnson,0,0,,,,,,"",""
ball,1,19.6,England,JE Root,BM Duckett,SH Johnson,1,0,,,,,,"",""
ball,1,20.1,England,JE Root,BM Duckett,A Zampa,0,0,,,,,,"",""
ball,1,20.2,England,JE Root,BM Duckett,A Zampa,1,0,,,,,,"",""
ball,1,20.3,England,BM Duckett,JE Root,A Zampa,2,0,,,,,,"",""
ball,1,20.4,England,BM Duckett,JE Root,A Zampa,0,0,,,,,,"",""
ball,1,20.5,England,BM Duckett,JE Root,A Zampa,4,0,,,,,,"",""
ball,1,20.6,England,BM Duckett,JE Root,A Zampa,4,0,,,,,,"",""
ball,1,21.1,England,JE Root,BM Duckett,MW Short,4,0,,,,,,"",""
ball,1,21.2,England,JE Root,BM Duckett,MW Short,0,0,,,,,,"",""
ball,1,21.3,England,JE Root,BM Duckett,MW Short,1,0,,,,,,"",""
ball,1,21.4,England,BM Duckett,JE Root,MW Short,0,0,,,,,,"",""
ball,1,21.5,England,BM Duckett,JE Root,MW Short,1,0,,,,,,"",""
ball,1,21.6,England,JE Root,BM Duckett,MW Short,1,0,,,,,,"",""
ball,1,22.1,England,JE Root,BM Duckett,BJ Dwarshuis,1,0,,,,,,"",""
ball,1,22.2,England,BM Duckett,JE Root,BJ Dwarshuis,0,0,,,,,,"",""
ball,1,22.3,England,BM Duckett,JE Root,BJ Dwarshuis,0,0,,,,,,"",""
ball,1,22.4,England,BM Duckett,JE Root,BJ Dwarshuis,1,0,,,,,,"",""
ball,1,22.5,England,JE Root,BM Duckett,BJ Dwarshuis,1,0,,,,,,"",""
ball,1,22.6,England,BM Duckett,JE Root,BJ Dwarshuis,1,0,,,,,,"",""
ball,1,23.1,England,BM Duckett,JE Root,GJ Maxwell,1,0,,,,,,"",""
ball,1,23.2,England,JE Root,BM Duckett,GJ Maxwell,1,0,,,,,,"",""
ball,1,23.3,England,BM Duckett,JE Root,GJ Maxwell,0,0,,,,,,"",""
ball,1,23.4,England,BM Duckett,JE Root,GJ Maxwell,1,0,,,,,,"",""
ball,1,23.5,England,JE Root,BM Duckett,GJ Maxwell,1,0,,,,,,"",""
ball,1,23.6,England,BM Duckett,JE Root,GJ Maxwell,1,0,,,,,,"",""
ball,1,24.1,England,BM Duckett,JE Root,M Labuschagne,2,0,,,,,,"",""
ball,1,24.2,England,BM Duckett,JE Root,M Labuschagne,1,0,,,,,,"",""
ball,1,24.3,England,JE Root,BM Duckett,M Labuschagne,1,0,,,,,,"",""
ball,1,24.4,England,BM Duckett,JE Root,M Labuschagne,1,0,,,,,,"",""
ball,1,24.5,England,JE Root,BM Duckett,M Labuschagne,1,0,,,,,,"",""
ball,1,24.6,England,BM Duckett,JE Root,M Labuschagne,1,0,,,,,,"",""
ball,1,25.1,England,BM Duckett,JE Root,NT Ellis,1,0,,,,,,"",""
ball,1,25.2,England,JE Root,BM Duckett,NT Ellis,1,0,,,,,,"",""
ball,1,25.3,England,BM Duckett,JE Root,NT Ellis,1,0,,,,,,"",""
ball,1,25.4,England,JE Root,BM Duckett,NT Ellis,1,0,,,,,,"",""
ball,1,25.5,England,BM Duckett,JE Root,NT Ellis,0,0,,,,,,"",""
ball,1,25.6,England,BM Duckett,JE Root,NT Ellis,1,0,,,,,,"",""
ball,1,26.1,England,BM Duckett,JE Root,GJ Maxwell,1,0,,,,,,"",""
ball,1,26.2,England,JE Root,BM Duckett,GJ Maxwell,1,0,,,,,,"",""
ball,1,26.3,England,BM Duckett,JE Root,GJ Maxwell,0,0,,,,,,"",""
ball,1,26.4,England,BM Duckett,JE Root,GJ Maxwell,1,0,,,,,,"",""
ball,1,26.5,England,JE Root,BM Duckett,GJ Maxwell,1,0,,,,,,"",""
ball,1,26.6,England,BM Duckett,JE Root,GJ Maxwell,4,0,,,,,,"",""
ball,1,27.1,England,JE Root,BM Duckett,NT Ellis,0,0,,,,,,"",""
ball,1,27.2,England,JE Root,BM Duckett,NT Ellis,1,0,,,,,,"",""
ball,1,27.3,England,BM Duckett,JE Root,NT Ellis,1,0,,,,,,"",""
ball,1,27.4,England,JE Root,BM Duckett,NT Ellis,1,0,,,,,,"",""
ball,1,27.5,England,BM Duckett,JE Root,NT Ellis,0,0,,,,,,"",""
ball,1,27.6,England,BM Duckett,JE Root,NT Ellis,1,0,,,,,,"",""
ball,1,28.1,England,BM Duckett,JE Root,A Zampa,4,0,,,,,,"",""
ball,1,28.2,England,BM Duckett,JE Root,A Zampa,2,0,,,,,,"",""
ball,1,28.3,England,BM Duckett,JE Root,A Zampa,0,0,,,,,,"",""
ball,1,28.4,England,BM Duckett,JE Root,A Zampa,0,0,,,,,,"",""
ball,1,28.5,England,BM Duckett,JE Root,A Zampa,1,0,,,,,,"",""
ball,1,28.6,England,JE Root,BM Duckett,A Zampa,1,0,,,,,,"",""
ball,1,29.1,England,JE Root,BM Duckett,SH Johnson,0,0,,,,,,"",""
ball,1,29.2,England,JE Root,BM Duckett,SH Johnson,4,0,,,,,,"",""
ball,1,29.3,England,JE Root,BM Duckett,SH Johnson,0,1,,1,,,,"",""
ball,1,29.4,England,JE Root,BM Duckett,SH Johnson,2,0,,,,,,"",""
ball,1,29.5,England,JE Root,BM Duckett,SH Johnson,0,0,,,,,,"",""
ball,1,29.6,England,JE Root,BM Duckett,SH Johnson,1,0,,,,,,"",""
ball,1,29.7,England,BM Duckett,JE Root,SH Johnson,1,0,,,,,,"",""
ball,1,30.1,England,BM Duckett,JE Root,A Zampa,0,0,,,,,,"",""
ball,1,30.2,England,BM Duckett,JE Root,A Zampa,1,0,,,,,,"",""
ball,1,30.3,England,JE Root,BM Duckett,A Zampa,0,0,,,,,,"",""
ball,1,30.4,England,JE Root,BM Duckett,A Zampa,0,0,,,,,,"",""
ball,1,30.5,England,JE Root,BM Duckett,A Zampa,0,0,,,,,,"",""
ball,1,30.6,England,JE Root,BM Duckett,A Zampa,0,0,,,,,,lbw,JE Root
ball,1,31.1,England,BM Duckett,HC Brook,SH Johnson,0,0,,,,,,"",""
ball,1,31.2,England,BM Duckett,HC Brook,SH Johnson,0,0,,,,,,"",""
ball,1,31.3,England,BM Duckett,HC Brook,SH Johnson,0,0,,,,,,"",""
ball,1,31.4,England,BM Duckett,HC Brook,SH Johnson,4,0,,,,,,"",""
ball,1,31.5,England,BM Duckett,HC Brook,SH Johnson,4,0,,,,,,"",""
ball,1,31.6,England,BM Duckett,HC Brook,SH Johnson,1,0,,,,,,"",""
ball,1,32.1,England,BM Duckett,HC Brook,A Zampa,1,0,,,,,,"",""
ball,1,32.2,England,HC Brook,BM Duckett,A Zampa,1,0,,,,,,"",""
ball,1,32.3,England,BM Duckett,HC Brook,A Zampa,0,0,,,,,,"",""
ball,1,32.4,England,BM Duckett,HC Brook,A Zampa,0,0,,,,,,"",""
ball,1,32.5,England,BM Duckett,HC Brook,A Zampa,0,0,,,,,,"",""
ball,1,32.6,England,BM Duckett,HC Brook,A Zampa,4,0,,,,,,"",""
ball,1,33.1,England,HC Brook,BM Duckett,NT Ellis,0,0,,,,,,"",""
ball,1,33.2,England,HC Brook,BM Duckett,NT Ellis,1,0,,,,,,"",""
ball,1,33.3,England,BM Duckett,HC Brook,NT Ellis,0,0,,,,,,"",""
ball,1,33.4,England,BM Duckett,HC Brook,NT Ellis,1,0,,,,,,"",""
ball,1,33.5,England,HC Brook,BM Duckett,NT Ellis,0,0,,,,,,"",""
ball,1,33.6,England,HC Brook,BM Duckett,NT Ellis,1,0,,,,,,"",""
ball,1,34.1,England,HC Brook,BM Duckett,A Zampa,0,0,,,,,,caught,HC Brook
ball,1,34.2,England,JC Buttler,BM Duckett,A Zampa,1,0,,,,,,"",""
ball,1,34.3,England,BM Duckett,JC Buttler,A Zampa,1,0,,,,,,"",""
ball,1,34.4,England,JC Buttler,BM Duckett,A Zampa,1,0,,,,,,"",""
ball,1,34.5,England,BM Duckett,JC Buttler,A Zampa,2,0,,,,,,"",""
ball,1,34.6,England,BM Duckett,JC Buttler,A Zampa,0,0,,,,,,"",""
ball,1,35.1,England,JC Buttler,BM Duckett,BJ Dwarshuis,1,0,,,,,,"",""
ball,1,35.2,England,BM Duckett,JC Buttler,BJ Dwarshuis,0,0,,,,,,"",""
ball,1,35.3,England,BM Duckett,JC Buttler,BJ Dwarshuis,1,0,,,,,,"",""
ball,1,35.4,England,JC Buttler,BM Duckett,BJ Dwarshuis,0,0,,,,,,"",""
ball,1,35.5,England,JC Buttler,BM Duckett,BJ Dwarshuis,1,0,,,,,,"",""
ball,1,35.6,England,BM Duckett,JC Buttler,BJ Dwarshuis,1,0,,,,,,"",""
ball,1,36.1,England,BM Duckett,JC Buttler,A Zampa,4,0,,,,,,"",""
ball,1,36.2,England,BM Duckett,JC Buttler,A Zampa,0,0,,,,,,"",""
ball,1,36.3,England,BM Duckett,JC Buttler,A Zampa,1,0,,,,,,"",""
ball,1,36.4,England,JC Buttler,BM Duckett,A Zampa,0,0,,,,,,"",""
ball,1,36.5,England,JC Buttler,BM Duckett,A Zampa,0,0,,,,,,"",""
ball,1,36.6,England,JC Buttler,BM Duckett,A Zampa,1,1,,1,,,,"",""
ball,1,36.7,England,BM Duckett,JC Buttler,A Zampa,6,0,,,,,,"",""
ball,1,37.1,England,JC Buttler,BM Duckett,BJ Dwarshuis,0,0,,,,,,"",""
ball,1,37.2,England,JC Buttler,BM Duckett,BJ Dwarshuis,0,0,,,,,,"",""
ball,1,37.3,England,JC Buttler,BM Duckett,BJ Dwarshuis,1,0,,,,,,"",""
ball,1,37.4,England,BM Duckett,JC Buttler,BJ Dwarshuis,1,0,,,,,,"",""
ball,1,37.5,England,JC Buttler,BM Duckett,BJ Dwarshuis,1,0,,,,,,"",""
ball,1,37.6,England,BM Duckett,JC Buttler,BJ Dwarshuis,0,4,,,,4,,"",""
ball,1,38.1,England,JC Buttler,BM Duckett,GJ Maxwell,1,0,,,,,,"",""
ball,1,38.2,England,BM Duckett,JC Buttler,GJ Maxwell,0,0,,,,,,"",""
ball,1,38.3,England,BM Duckett,JC Buttler,GJ Maxwell,6,0,,,,,,"",""
ball,1,38.4,England,BM Duckett,JC Buttler,GJ Maxwell,2,0,,,,,,"",""
ball,1,38.5,England,BM Duckett,JC Buttler,GJ Maxwell,0,0,,,,,,"",""
ball,1,38.6,England,BM Duckett,JC Buttler,GJ Maxwell,1,0,,,,,,"",""
ball,1,39.1,England,BM Duckett,JC Buttler,BJ Dwarshuis,1,0,,,,,,"",""
ball,1,39.2,England,JC Buttler,BM Duckett,BJ Dwarshuis,2,0,,,,,,"",""
ball,1,39.3,England,JC Buttler,BM Duckett,BJ Dwarshuis,1,0,,,,,,"",""
ball,1,39.4,England,BM Duckett,JC Buttler,BJ Dwarshuis,1,0,,,,,,"",""
ball,1,39.5,England,JC Buttler,BM Duckett,BJ Dwarshuis,1,0,,,,,,"",""
ball,1,39.6,England,BM Duckett,JC Buttler,BJ Dwarshuis,4,0,,,,,,"",""
ball,1,40.1,England,JC Buttler,BM Duckett,GJ Maxwell,0,0,,,,,,"",""
ball,1,40.2,England,JC Buttler,BM Duckett,GJ Maxwell,6,0,,,,,,"",""
ball,1,40.3,England,JC Buttler,BM Duckett,GJ Maxwell,1,0,,,,,,"",""
ball,1,40.4,England,BM Duckett,JC Buttler,GJ Maxwell,1,0,,,,,,"",""
ball,1,40.5,England,JC Buttler,BM Duckett,GJ Maxwell,4,0,,,,,,"",""
ball,1,40.6,England,JC Buttler,BM Duckett,GJ Maxwell,0,0,,,,,,caught,JC Buttler
ball,1,41.1,England,BM Duckett,LS Livingstone,M Labuschagne,1,0,,,,,,"",""
ball,1,41.2,England,LS Livingstone,BM Duckett,M Labuschagne,0,0,,,,,,"",""
ball,1,41.3,England,LS Livingstone,BM Duckett,M Labuschagne,1,0,,,,,,"",""
ball,1,41.4,England,BM Duckett,LS Livingstone,M Labuschagne,1,0,,,,,,"",""
ball,1,41.5,England,LS Livingstone,BM Duckett,M Labuschagne,1,0,,,,,,"",""
ball,1,41.6,England,BM Duckett,LS Livingstone,M Labuschagne,1,0,,,,,,"",""
ball,1,42.1,England,BM Duckett,LS Livingstone,NT Ellis,1,0,,,,,,"",""
ball,1,42.2,England,LS Livingstone,BM Duckett,NT Ellis,0,0,,,,,,"",""
ball,1,42.3,England,LS Livingstone,BM Duckett,NT Ellis,1,0,,,,,,"",""
ball,1,42.4,England,BM Duckett,LS Livingstone,NT Ellis,1,0,,,,,,"",""
ball,1,42.5,England,LS Livingstone,BM Duckett,NT Ellis,1,0,,,,,,"",""
ball,1,42.6,England,BM Duckett,LS Livingstone,NT Ellis,0,0,,,,,,"",""
ball,1,43.1,England,LS Livingstone,BM Duckett,M Labuschagne,0,0,,,,,,"",""
ball,1,43.2,England,LS Livingstone,BM Duckett,M Labuschagne,6,0,,,,,,"",""
ball,1,43.3,England,LS Livingstone,BM Duckett,M Labuschagne,1,0,,,,,,"",""
ball,1,43.4,England,BM Duckett,LS Livingstone,M Labuschagne,1,0,,,,,,"",""
ball,1,43.5,England,LS Livingstone,BM Duckett,M Labuschagne,1,0,,,,,,"",""
ball,1,43.6,England,BM Duckett,LS Livingstone,M Labuschagne,1,0,,,,,,"",""
ball,1,44.1,England,BM Duckett,LS Livingstone,NT Ellis,0,1,1,,,,,"",""
ball,1,44.2,England,BM Duckett,LS Livingstone,NT Ellis,1,0,,,,,,"",""
ball,1,44.3,England,LS Livingstone,BM Duckett,NT Ellis,1,0,,,,,,"",""
ball,1,44.4,England,BM Duckett,LS Livingstone,NT Ellis,1,0,,,,,,"",""
ball,1,44.5,England,LS Livingstone,BM Duckett,NT Ellis,0,0,,,,,,"",""
ball,1,44.6,England,LS Livingstone,BM Duckett,NT Ellis,0,0,,,,,,"",""
ball,1,44.7,England,LS Livingstone,BM Duckett,NT Ellis,0,0,,,,,,"",""
ball,1,45.1,England,BM Duckett,LS Livingstone,A Zampa,4,0,,,,,,"",""
ball,1,45.2,England,BM Duckett,LS Livingstone,A Zampa,1,0,,,,,,"",""
ball,1,45.3,England,LS Livingstone,BM Duckett,A Zampa,0,1,1,,,,,"",""
ball,1,45.4,England,LS Livingstone,BM Duckett,A Zampa,0,0,,,,,,"",""
ball,1,45.5,England,LS Livingstone,BM Duckett,A Zampa,1,0,,,,,,"",""
ball,1,45.6,England,BM Duckett,LS Livingstone,A Zampa,0,0,,,,,,"",""
ball,1,45.7,England,BM Duckett,LS Livingstone,A Zampa,1,0,,,,,,"",""
ball,1,46.1,England,BM Duckett,LS Livingstone,BJ Dwarshuis,4,0,,,,,,"",""
ball,1,46.2,England,BM Duckett,LS Livingstone,BJ Dwarshuis,0,0,,,,,,"",""
ball,1,46.3,England,BM Duckett,LS Livingstone,BJ Dwarshuis,1,0,,,,,,"",""
ball,1,46.4,England,LS Livingstone,BM Duckett,BJ Dwarshuis,0,0,,,,,,caught,LS Livingstone
ball,1,46.5,England,BA Carse,BM Duckett,BJ Dwarshuis,1,0,,,,,,"",""
ball,1,46.6,England,BM Duckett,BA Carse,BJ Dwarshuis,4,0,,,,,,"",""
ball,1,47.1,England,BA Carse,BM Duckett,M Labuschagne,1,0,,,,,,"",""
ball,1,47.2,England,BM Duckett,BA Carse,M Labuschagne,0,0,,,,,,lbw,BM Duckett
ball,1,47.3,England,JC Archer,BA Carse,M Labuschagne,1,0,,,,,,"",""
ball,1,47.4,England,BA Carse,JC Archer,M Labuschagne,1,0,,,,,,"",""
ball,1,47.5,England,JC Archer,BA Carse,M Labuschagne,0,0,,,,,,"",""
ball,1,47.6,England,JC Archer,BA Carse,M Labuschagne,1,0,,,,,,"",""
ball,1,48.1,England,JC Archer,BA Carse,NT Ellis,0,0,,,,,,"",""
ball,1,48.2,England,JC Archer,BA Carse,NT Ellis,1,0,,,,,,"",""
ball,1,48.3,England,BA Carse,JC Archer,NT Ellis,2,0,,,,,,"",""
ball,1,48.4,England,BA Carse,JC Archer,NT Ellis,1,0,,,,,,"",""
ball,1,48.5,England,JC Archer,BA Carse,NT Ellis,0,1,1,,,,,"",""
ball,1,48.6,England,JC Archer,BA Carse,NT Ellis,2,0,,,,,,"",""
ball,1,48.7,England,JC Archer,BA Carse,NT Ellis,4,0,,,,,,"",""
ball,1,49.1,England,BA Carse,JC Archer,M Labuschagne,2,0,,,,,,"",""
ball,1,49.2,England,BA Carse,JC Archer,M Labuschagne,0,0,,,,,,caught and bowled,BA Carse
ball,1,49.3,England,AU Rashid,JC Archer,M Labuschagne,1,0,,,,,,"",""
ball,1,49.4,England,JC Archer,AU Rashid,M Labuschagne,4,0,,,,,,"",""
ball,1,49.5,England,JC Archer,AU Rashid,M Labuschagne,6,0,,,,,,"",""
ball,1,49.6,England,JC Archer,AU Rashid,M Labuschagne,2,0,,,,,,"",""
ball,2,0.1,Australia,MW Short,TM Head,MA Wood,0,0,,,,,,"",""
ball,2,0.2,Australia,MW Short,TM Head,MA Wood,4,0,,,,,,"",""
ball,2,0.3,Australia,MW Short,TM Head,MA Wood,0,0,,,,,,"",""
ball,2,0.4,Australia,MW Short,TM Head,MA Wood,0,0,,,,,,"",""
ball,2,0.5,Australia,MW Short,TM Head,MA Wood,4,0,,,,,,"",""
ball,2,0.6,Australia,MW Short,TM Head,MA Wood,0,0,,,,,,"",""
ball,2,1.1,Australia,TM Head,MW Short,JC Archer,1,0,,,,,,"",""
ball,2,1.2,Australia,MW Short,TM Head,JC Archer,0,1,,,,1,,"",""
ball,2,1.3,Australia,TM Head,MW Short,JC Archer,4,0,,,,,,"",""
ball,2,1.4,Australia,TM Head,MW Short,JC Archer,1,0,,,,,,"",""
ball,2,1.5,Australia,MW Short,TM Head,JC Archer,0,1,1,,,,,"",""
ball,2,1.6,Australia,MW Short,TM Head,JC Archer,0,1,,,,1,,"",""
ball,2,1.7,Australia,TM Head,MW Short,JC Archer,0,0,,,,,,"",""
ball,2,2.1,Australia,MW Short,TM Head,MA Wood,0,0,,,,,,"",""
ball,2,2.2,Australia,MW Short,TM Head,MA Wood,0,0,,,,,,"",""
ball,2,2.3,Australia,MW Short,TM Head,MA Wood,0,0,,,,,,"",""
ball,2,2.4,Australia,MW Short,TM Head,MA Wood,0,0,,,,,,"",""
ball,2,2.5,Australia,MW Short,TM Head,MA Wood,4,0,,,,,,"",""
ball,2,2.6,Australia,MW Short,TM Head,MA Wood,0,0,,,,,,"",""
ball,2,3.1,Australia,TM Head,MW Short,JC Archer,0,0,,,,,,caught and bowled,TM Head
ball,2,3.2,Australia,SPD Smith,MW Short,JC Archer,0,0,,,,,,"",""
ball,2,3.3,Australia,SPD Smith,MW Short,JC Archer,0,1,1,,,,,"",""
ball,2,3.4,Australia,SPD Smith,MW Short,JC Archer,0,0,,,,,,"",""
ball,2,3.5,Australia,SPD Smith,MW Short,JC Archer,0,0,,,,,,"",""
ball,2,3.6,Australia,SPD Smith,MW Short,JC Archer,4,0,,,,,,"",""
ball,2,3.7,Australia,SPD Smith,MW Short,JC Archer,1,0,,,,,,"",""
ball,2,4.1,Australia,SPD Smith,MW Short,MA Wood,0,0,,,,,,caught,SPD Smith
ball,2,4.2,Australia,M Labuschagne,MW Short,MA Wood,4,0,,,,,,"",""
ball,2,4.3,Australia,M Labuschagne,MW Short,MA Wood,0,0,,,,,,"",""
ball,2,4.4,Australia,M Labuschagne,MW Short,MA Wood,0,0,,,,,,"",""
ball,2,4.5,Australia,M Labuschagne,MW Short,MA Wood,0,0,,,,,,"",""
ball,2,4.6,Australia,M Labuschagne,MW Short,MA Wood,0,0,,,,,,"",""
ball,2,5.1,Australia,MW Short,M Labuschagne,JC Archer,0,0,,,,,,"",""
ball,2,5.2,Australia,MW Short,M Labuschagne,JC Archer,4,0,,,,,,"",""
ball,2,5.3,Australia,MW Short,M Labuschagne,JC Archer,0,0,,,,,,"",""
ball,2,5.4,Australia,MW Short,M Labuschagne,JC Archer,4,0,,,,,,"",""
ball,2,5.5,Australia,MW Short,M Labuschagne,JC Archer,4,0,,,,,,"",""
ball,2,5.6,Australia,MW Short,M Labuschagne,JC Archer,0,0,,,,,,"",""
ball,2,6.1,Australia,M Labuschagne,MW Short,MA Wood,0,0,,,,,,"",""
ball,2,6.2,Australia,M Labuschagne,MW Short,MA Wood,1,0,,,,,,"",""
ball,2,6.3,Australia,MW Short,M Labuschagne,MA Wood,2,0,,,,,,"",""
ball,2,6.4,Australia,MW Short,M Labuschagne,MA Wood,0,0,,,,,,"",""
ball,2,6.5,Australia,MW Short,M Labuschagne,MA Wood,4,0,,,,,,"",""
ball,2,6.6,Australia,MW Short,M Labuschagne,MA Wood,0,0,,,,,,"",""
ball,2,7.1,Australia,M Labuschagne,MW Short,BA Carse,4,0,,,,,,"",""
ball,2,7.2,Australia,M Labuschagne,MW Short,BA Carse,2,0,,,,,,"",""
ball,2,7.3,Australia,M Labuschagne,MW Short,BA Carse,0,0,,,,,,"",""
ball,2,7.4,Australia,M Labuschagne,MW Short,BA Carse,1,0,,,,,,"",""
ball,2,7.5,Australia,MW Short,M Labuschagne,BA Carse,0,0,,,,,,"",""
ball,2,7.6,Australia,MW Short,M Labuschagne,BA Carse,0,0,,,,,,"",""
ball,2,8.1,Australia,M Labuschagne,MW Short,JC Archer,2,0,,,,,,"",""
ball,2,8.2,Australia,M Labuschagne,MW Short,JC Archer,1,0,,,,,,"",""
ball,2,8.3,Australia,MW Short,M Labuschagne,JC Archer,0,0,,,,,,"",""
ball,2,8.4,Australia,MW Short,M Labuschagne,JC Archer,1,0,,,,,,"",""
ball,2,8.5,Australia,M Labuschagne,MW Short,JC Archer,1,0,,,,,,"",""
ball,2,8.6,Australia,MW Short,M Labuschagne,JC Archer,0,0,,,,,,"",""
ball,2,9.1,Australia,M Labuschagne,MW Short,BA Carse,0,0,,,,,,"",""
ball,2,9.2,Australia,M Labuschagne,MW Short,BA Carse,4,0,,,,,,"",""
ball,2,9.3,Australia,M Labuschagne,MW Short,BA Carse,2,0,,,,,,"",""
ball,2,9.4,Australia,M Labuschagne,MW Short,BA Carse,4,0,,,,,,"",""
ball,2,9.5,Australia,M Labuschagne,MW Short,BA Carse,4,0,,,,,,"",""
ball,2,9.6,Australia,M Labuschagne,MW Short,BA Carse,0,0,,,,,,"",""
ball,2,10.1,Australia,MW Short,M Labuschagne,JC Archer,0,0,,,,,,"",""
ball,2,10.2,Australia,MW Short,M Labuschagne,JC Archer,0,0,,,,,,"",""
ball,2,10.3,Australia,MW Short,M Labuschagne,JC Archer,1,0,,,,,,"",""
ball,2,10.4,Australia,M Labuschagne,MW Short,JC Archer,1,0,,,,,,"",""
ball,2,10.5,Australia,MW Short,M Labuschagne,JC Archer,1,0,,,,,,"",""
ball,2,10.6,Australia,M Labuschagne,MW Short,JC Archer,0,0,,,,,,"",""
ball,2,11.1,Australia,MW Short,M Labuschagne,AU Rashid,1,0,,,,,,"",""
ball,2,11.2,Australia,M Labuschagne,MW Short,AU Rashid,1,0,,,,,,"",""
ball,2,11.3,Australia,MW Short,M Labuschagne,AU Rashid,1,0,,,,,,"",""
ball,2,11.4,Australia,M Labuschagne,MW Short,AU Rashid,1,0,,,,,,"",""
ball,2,11.5,Australia,MW Short,M Labuschagne,AU Rashid,1,0,,,,,,"",""
ball,2,11.6,Australia,M Labuschagne,MW Short,AU Rashid,1,0,,,,,,"",""
ball,2,12.1,Australia,M Labuschagne,MW Short,BA Carse,1,0,,,,,,"",""
ball,2,12.2,Australia,MW Short,M Labuschagne,BA Carse,0,0,,,,,,"",""
ball,2,12.3,Australia,MW Short,M Labuschagne,BA Carse,0,0,,,,,,"",""
ball,2,12.4,Australia,MW Short,M Labuschagne,BA Carse,6,0,,,,,,"",""
ball,2,12.5,Australia,MW Short,M Labuschagne,BA Carse,0,0,,,,,,"",""
ball,2,12.6,Australia,MW Short,M Labuschagne,BA Carse,0,0,,,,,,"",""
ball,2,13.1,Australia,M Labuschagne,MW Short,AU Rashid,0,0,,,,,,"",""
ball,2,13.2,Australia,M Labuschagne,MW Short,AU Rashid,1,0,,,,,,"",""
ball,2,13.3,Australia,MW Short,M Labuschagne,AU Rashid,1,0,,,,,,"",""
ball,2,13.4,Australia,M Labuschagne,MW Short,AU Rashid,0,0,,,,,,"",""
ball,2,13.5,Australia,M Labuschagne,MW Short,AU Rashid,0,0,,,,,,"",""
ball,2,13.6,Australia,M Labuschagne,MW Short,AU Rashid,0,0,,,,,,"",""
ball,2,14.1,Australia,MW Short,M Labuschagne,BA Carse,0,0,,,,,,"",""
ball,2,14.2,Australia,MW Short,M Labuschagne,BA Carse,4,0,,,,,,"",""
ball,2,14.3,Australia,MW Short,M Labuschagne,BA Carse,0,0,,,,,,"",""
ball,2,14.4,Australia,MW Short,M Labuschagne,BA Carse,0,0,,,,,,"",""
ball,2,14.5,Australia,MW Short,M Labuschagne,BA Carse,4,0,,,,,,"",""
ball,2,14.6,Australia,MW Short,M Labuschagne,BA Carse,1,0,,,,,,"",""
ball,2,15.1,Australia,MW Short,M Labuschagne,AU Rashid,1,0,,,,,,"",""
ball,2,15.2,Australia,M Labuschagne,MW Short,AU Rashid,1,0,,,,,,"",""
ball,2,15.3,Australia,MW Short,M Labuschagne,AU Rashid,1,0,,,,,,"",""
ball,2,15.4,Australia,M Labuschagne,MW Short,AU Rashid,2,0,,,,,,"",""
ball,2,15.5,Australia,M Labuschagne,MW Short,AU Rashid,1,0,,,,,,"",""
ball,2,15.6,Australia,MW Short,M Labuschagne,AU Rashid,0,0,,,,,,"",""
ball,2,16.1,Australia,M Labuschagne,MW Short,LS Livingstone,1,0,,,,,,"",""
ball,2,16.2,Australia,MW Short,M Labuschagne,LS Livingstone,0,0,,,,,,"",""
ball,2,16.3,Australia,MW Short,M Labuschagne,LS Livingstone,1,0,,,,,,"",""
ball,2,16.4,Australia,M Labuschagne,MW Short,LS Livingstone,0,0,,,,,,"",""
ball,2,16.5,Australia,M Labuschagne,MW Short,LS Livingstone,1,0,,,,,,"",""
ball,2,16.6,Australia,MW Short,M Labuschagne,LS Livingstone,2,0,,,,,,"",""
ball,2,17.1,Australia,M Labuschagne,MW Short,AU Rashid,1,0,,,,,,"",""
ball,2,17.2,Australia,MW Short,M Labuschagne,AU Rashid,0,0,,,,,,"",""
ball,2,17.3,Australia,MW Short,M Labuschagne,AU Rashid,0,0,,,,,,"",""
ball,2,17.4,Australia,MW Short,M Labuschagne,AU Rashid,0,0,,,,,,"",""
ball,2,17.5,Australia,MW Short,M Labuschagne,AU Rashid,1,0,,,,,,"",""
ball,2,17.6,Australia,M Labuschagne,MW Short,AU Rashid,2,0,,,,,,"",""
ball,2,18.1,Australia,MW Short,M Labuschagne,LS Livingstone,1,0,,,,,,"",""
ball,2,18.2,Australia,M Labuschagne,MW Short,LS Livingstone,0,0,,,,,,"",""
ball,2,18.3,Australia,M Labuschagne,MW Short,LS Livingstone,0,0,,,,,,"",""
ball,2,18.4,Australia,M Labuschagne,MW Short,LS Livingstone,1,0,,,,,,"",""
ball,2,18.5,Australia,MW Short,M Labuschagne,LS Livingstone,1,0,,,,,,"",""
ball,2,18.6,Australia,M Labuschagne,MW Short,LS Livingstone,1,0,,,,,,"",""
ball,2,19.1,Australia,M Labuschagne,MW Short,AU Rashid,0,0,,,,,,"",""
ball,2,19.2,Australia,M Labuschagne,MW Short,AU Rashid,0,0,,,,,,caught,M Labuschagne
ball,2,19.3,Australia,JP Inglis,MW Short,AU Rashid,4,0,,,,,,"",""
ball,2,19.4,Australia,JP Inglis,MW Short,AU Rashid,0,0,,,,,,"",""
ball,2,19.5,Australia,JP Inglis,MW Short,AU Rashid,2,0,,,,,,"",""
ball,2,19.6,Australia,JP Inglis,MW Short,AU Rashid,1,0,,,,,,"",""
ball,2,20.1,Australia,JP Inglis,MW Short,LS Livingstone,0,0,,,,,,"",""
ball,2,20.2,Australia,JP Inglis,MW Short,LS Livingstone,1,0,,,,,,"",""
ball,2,20.3,Australia,MW Short,JP Inglis,LS Livingstone,2,0,,,,,,"",""
ball,2,20.4,Australia,MW Short,JP Inglis,LS Livingstone,1,0,,,,,,"",""
ball,2,20.5,Australia,JP Inglis,MW Short,LS Livingstone,2,0,,,,,,"",""
ball,2,20.6,Australia,JP Inglis,MW Short,LS Livingstone,0,0,,,,,,"",""
ball,2,21.1,Australia,MW Short,JP Inglis,AU Rashid,0,0,,,,,,"",""
ball,2,21.2,Australia,MW Short,JP Inglis,AU Rashid,0,1,,,,1,,"",""
ball,2,21.3,Australia,JP Inglis,MW Short,AU Rashid,0,0,,,,,,"",""
ball,2,21.4,Australia,JP Inglis,MW Short,AU Rashid,0,0,,,,,,"",""
ball,2,21.5,Australia,JP Inglis,MW Short,AU Rashid,0,0,,,,,,"",""
ball,2,21.6,Australia,JP Inglis,MW Short,AU Rashid,0,0,,,,,,"",""
ball,2,22.1,Australia,MW Short,JP Inglis,LS Livingstone,0,0,,,,,,"",""
ball,2,22.2,Australia,MW Short,JP Inglis,LS Livingstone,0,0,,,,,,caught and bowled,MW Short
ball,2,22.3,Australia,AT Carey,JP Inglis,LS Livingstone,1,0,,,,,,"",""
ball,2,22.4,Australia,JP Inglis,AT Carey,LS Livingstone,1,0,,,,,,"",""
ball,2,22.5,Australia,AT Carey,JP Inglis,LS Livingstone,0,0,,,,,,"",""
ball,2,22.6,Australia,AT Carey,JP Inglis,LS Livingstone,2,0,,,,,,"",""
ball,2,23.1,Australia,JP Inglis,AT Carey,JE Root,1,0,,,,,,"",""
ball,2,23.2,Australia,AT Carey,JP Inglis,JE Root,0,0,,,,,,"",""
ball,2,23.3,Australia,AT Carey,JP Inglis,JE Root,0,0,,,,,,"",""
ball,2,23.4,Australia,AT Carey,JP Inglis,JE Root,1,0,,,,,,"",""
ball,2,23.5,Australia,JP Inglis,AT Carey,JE Root,2,0,,,,,,"",""
ball,2,23.6,Australia,JP Inglis,AT Carey,JE Root,2,0,,,,,,"",""
ball,2,24.1,Australia,AT Carey,JP Inglis,LS Livingstone,2,0,,,,,,"",""
ball,2,24.2,Australia,AT Carey,JP Inglis,LS Livingstone,4,0,,,,,,"",""
ball,2,24.3,Australia,AT Carey,JP Inglis,LS Livingstone,0,0,,,,,,"",""
ball,2,24.4,Australia,AT Carey,JP Inglis,LS Livingstone,0,0,,,,,,"",""
ball,2,24.5,Australia,AT Carey,JP Inglis,LS Livingstone,4,0,,,,,,"",""
ball,2,24.6,Australia,AT Carey,JP Inglis,LS Livingstone,0,0,,,,,,"",""
ball,2,25.1,Australia,JP Inglis,AT Carey,JE Root,1,0,,,,,,"",""
ball,2,25.2,Australia,AT Carey,JP Inglis,JE Root,1,0,,,,,,"",""
ball,2,25.3,Australia,JP Inglis,AT Carey,JE Root,1,0,,,,,,"",""
ball,2,25.4,Australia,AT Carey,JP Inglis,JE Root,1,0,,,,,,"",""
ball,2,25.5,Australia,JP Inglis,AT Carey,JE Root,0,0,,,,,,"",""
ball,2,25.6,Australia,JP Inglis,AT Carey,JE Root,1,0,,,,,,"",""
ball,2,26.1,Australia,JP Inglis,AT Carey,LS Livingstone,6,0,,,,,,"",""
ball,2,26.2,Australia,JP Inglis,AT Carey,LS Livingstone,0,0,,,,,,"",""
ball,2,26.3,Australia,JP Inglis,AT Carey,LS Livingstone,2,0,,,,,,"",""
ball,2,26.4,Australia,JP Inglis,AT Carey,LS Livingstone,2,0,,,,,,"",""
ball,2,26.5,Australia,JP Inglis,AT Carey,LS Livingstone,0,4,,,4,,,"",""
ball,2,26.6,Australia,JP Inglis,AT Carey,LS Livingstone,1,0,,,,,,"",""
ball,2,27.1,Australia,JP Inglis,AT Carey,JE Root,1,0,,,,,,"",""
ball,2,27.2,Australia,AT Carey,JP Inglis,JE Root,1,0,,,,,,"",""
ball,2,27.3,Australia,JP Inglis,AT Carey,JE Root,2,0,,,,,,"",""
ball,2,27.4,Australia,JP Inglis,AT Carey,JE Root,1,0,,,,,,"",""
ball,2,27.5,Australia,AT Carey,JP Inglis,JE Root,2,0,,,,,,"",""
ball,2,27.6,Australia,AT Carey,JP Inglis,JE Root,1,0,,,,,,"",""
ball,2,28.1,Australia,AT Carey,JP Inglis,MA Wood,0,0,,,,,,"",""
ball,2,28.2,Australia,AT Carey,JP Inglis,MA Wood,0,0,,,,,,"",""
ball,2,28.3,Australia,AT Carey,JP Inglis,MA Wood,2,0,,,,,,"",""
ball,2,28.4,Australia,AT Carey,JP Inglis,MA Wood,0,0,,,,,,"",""
ball,2,28.5,Australia,AT Carey,JP Inglis,MA Wood,0,0,,,,,,"",""
ball,2,28.6,Australia,AT Carey,JP Inglis,MA Wood,4,0,,,,,,"",""
ball,2,29.1,Australia,JP Inglis,AT Carey,JE Root,4,0,,,,,,"",""
ball,2,29.2,Australia,JP Inglis,AT Carey,JE Root,0,0,,,,,,"",""
ball,2,29.3,Australia,JP Inglis,AT Carey,JE Root,1,0,,,,,,"",""
ball,2,29.4,Australia,AT Carey,JP Inglis,JE Root,2,0,,,,,,"",""
ball,2,29.5,Australia,AT Carey,JP Inglis,JE Root,0,0,,,,,,"",""
ball,2,29.6,Australia,AT Carey,JP Inglis,JE Root,0,0,,,,,,"",""
ball,2,30.1,Australia,JP Inglis,AT Carey,MA Wood,0,1,,,,1,,"",""
ball,2,30.2,Australia,AT Carey,JP Inglis,MA Wood,0,0,,,,,,"",""
ball,2,30.3,Australia,AT Carey,JP Inglis,MA Wood,1,0,,,,,,"",""
ball,2,30.4,Australia,JP Inglis,AT Carey,MA Wood,0,0,,,,,,"",""
ball,2,30.5,Australia,JP Inglis,AT Carey,MA Wood,4,0,,,,,,"",""
ball,2,30.6,Australia,JP Inglis,AT Carey,MA Wood,0,0,,,,,,"",""
ball,2,31.1,Australia,AT Carey,JP Inglis,BA Carse,0,0,,,,,,"",""
ball,2,31.2,Australia,AT Carey,JP Inglis,BA Carse,4,0,,,,,,"",""
ball,2,31.3,Australia,AT Carey,JP Inglis,BA Carse,0,0,,,,,,"",""
ball,2,31.4,Australia,AT Carey,JP Inglis,BA Carse,4,0,,,,,,"",""
ball,2,31.5,Australia,AT Carey,JP Inglis,BA Carse,1,0,,,,,,"",""
ball,2,31.6,Australia,JP Inglis,AT Carey,BA Carse,0,0,,,,,,"",""
ball,2,32.1,Australia,AT Carey,JP Inglis,MA Wood,1,0,,,,,,"",""
ball,2,32.2,Australia,JP Inglis,AT Carey,MA Wood,0,1,1,,,,,"",""
ball,2,32.3,Australia,JP Inglis,AT Carey,MA Wood,0,0,,,,,,"",""
ball,2,32.4,Australia,JP Inglis,AT Carey,MA Wood,4,0,,,,,,"",""
ball,2,32.5,Australia,JP Inglis,AT Carey,MA Wood,2,0,,,,,,"",""
ball,2,32.6,Australia,JP Inglis,AT Carey,MA Wood,1,0,,,,,,"",""
ball,2,32.7,Australia,AT Carey,JP Inglis,MA Wood,0,0,,,,,,"",""
ball,2,33.1,Australia,JP Inglis,AT Carey,AU Rashid,1,0,,,,,,"",""
ball,2,33.2,Australia,AT Carey,JP Inglis,AU Rashid,1,0,,,,,,"",""
ball,2,33.3,Australia,JP Inglis,AT Carey,AU Rashid,1,0,,,,,,"",""
ball,2,33.4,Australia,AT Carey,JP Inglis,AU Rashid,1,0,,,,,,"",""
ball,2,33.5,Australia,JP Inglis,AT Carey,AU Rashid,1,0,,,,,,"",""
ball,2,33.6,Australia,AT Carey,JP Inglis,AU Rashid,0,0,,,,,,"",""
ball,2,34.1,Australia,JP Inglis,AT Carey,JC Archer,0,0,,,,,,"",""
ball,2,34.2,Australia,JP Inglis,AT Carey,JC Archer,4,0,,,,,,"",""
ball,2,34.3,Australia,JP Inglis,AT Carey,JC Archer,0,0,,,,,,"",""
ball,2,34.4,Australia,JP Inglis,AT Carey,JC Archer,0,0,,,,,,"",""
ball,2,34.5,Australia,JP Inglis,AT Carey,JC Archer,4,0,,,,,,"",""
ball,2,34.6,Australia,JP Inglis,AT Carey,JC Archer,0,0,,,,,,"",""
ball,2,35.1,Australia,AT Carey,JP Inglis,AU Rashid,1,0,,,,,,"",""
ball,2,35.2,Australia,JP Inglis,AT Carey,AU Rashid,3,0,,,,,,"",""
ball,2,35.3,Australia,AT Carey,JP Inglis,AU Rashid,0,0,,,,,,"",""
ball,2,35.4,Australia,AT Carey,JP Inglis,AU Rashid,1,0,,,,,,"",""
ball,2,35.5,Australia,JP Inglis,AT Carey,AU Rashid,1,0,,,,,,"",""
ball,2,35.6,Australia,AT Carey,JP Inglis,AU Rashid,1,0,,,,,,"",""
ball,2,36.1,Australia,AT Carey,JP Inglis,JC Archer,1,0,,,,,,"",""
ball,2,36.2,Australia,JP Inglis,AT Carey,JC Archer,0,0,,,,,,"",""
ball,2,36.3,Australia,JP Inglis,AT Carey,JC Archer,0,0,,,,,,"",""
ball,2,36.4,Australia,JP Inglis,AT Carey,JC Archer,1,0,,,,,,"",""
ball,2,36.5,Australia,AT Carey,JP Inglis,JC Archer,1,0,,,,,,"",""
ball,2,36.6,Australia,JP Inglis,AT Carey,JC Archer,0,0,,,,,,"",""
ball,2,37.1,Australia,AT Carey,JP Inglis,AU Rashid,0,0,,,,,,"",""
ball,2,37.2,Australia,AT Carey,JP Inglis,AU Rashid,2,0,,,,,,"",""
ball,2,37.3,Australia,AT Carey,JP Inglis,AU Rashid,1,0,,,,,,"",""
ball,2,37.4,Australia,JP Inglis,AT Carey,AU Rashid,1,0,,,,,,"",""
ball,2,37.5,Australia,AT Carey,JP Inglis,AU Rashid,0,0,,,,,,"",""
ball,2,37.6,Australia,AT Carey,JP Inglis,AU Rashid,2,0,,,,,,"",""
ball,2,38.1,Australia,JP Inglis,AT Carey,JC Archer,4,0,,,,,,"",""
ball,2,38.2,Australia,JP Inglis,AT Carey,JC Archer,4,0,,,,,,"",""
ball,2,38.3,Australia,JP Inglis,AT Carey,JC Archer,0,2,,,,2,,"",""
ball,2,38.4,Australia,JP Inglis,AT Carey,JC Archer,1,0,,,,,,"",""
ball,2,38.5,Australia,AT Carey,JP Inglis,JC Archer,0,0,,,,,,"",""
ball,2,38.6,Australia,AT Carey,JP Inglis,JC Archer,0,0,,,,,,"",""
ball,2,39.1,Australia,JP Inglis,AT Carey,AU Rashid,1,0,,,,,,"",""
ball,2,39.2,Australia,AT Carey,JP Inglis,AU Rashid,1,0,,,,,,"",""
ball,2,39.3,Australia,JP Inglis,AT Carey,AU Rashid,0,0,,,,,,"",""
ball,2,39.4,Australia,JP Inglis,AT Carey,AU Rashid,1,0,,,,,,"",""
ball,2,39.5,Australia,AT Carey,JP Inglis,AU Rashid,0,0,,,,,,"",""
ball,2,39.6,Australia,AT Carey,JP Inglis,AU Rashid,1,0,,,,,,"",""
ball,2,40.1,Australia,AT Carey,JP Inglis,LS Livingstone,0,0,,,,,,"",""
ball,2,40.2,Australia,AT Carey,JP Inglis,LS Livingstone,4,0,,,,,,"",""
ball,2,40.3,Australia,AT Carey,JP Inglis,LS Livingstone,0,0,,,,,,"",""
ball,2,40.4,Australia,AT Carey,JP Inglis,LS Livingstone,1,0,,,,,,"",""
ball,2,40.5,Australia,JP Inglis,AT Carey,LS Livingstone,1,0,,,,,,"",""
ball,2,40.6,Australia,AT Carey,JP Inglis,LS Livingstone,1,0,,,,,,"",""
ball,2,41.1,Australia,AT Carey,JP Inglis,BA Carse,4,0,,,,,,"",""
ball,2,41.2,Australia,AT Carey,JP Inglis,BA Carse,2,0,,,,,,"",""
ball,2,41.3,Australia,AT Carey,JP Inglis,BA Carse,4,0,,,,,,"",""
ball,2,41.4,Australia,AT Carey,JP Inglis,BA Carse,0,0,,,,,,caught,AT Carey
ball,2,41.5,Australia,GJ Maxwell,JP Inglis,BA Carse,0,0,,,,,,"",""
ball,2,41.6,Australia,GJ Maxwell,JP Inglis,BA Carse,0,0,,,,,,"",""
ball,2,42.1,Australia,JP Inglis,GJ Maxwell,MA Wood,2,0,,,,,,"",""
ball,2,42.2,Australia,JP Inglis,GJ Maxwell,MA Wood,0,0,,,,,,"",""
ball,2,42.3,Australia,JP Inglis,GJ Maxwell,MA Wood,2,0,,,,,,"",""
ball,2,42.4,Australia,JP Inglis,GJ Maxwell,MA Wood,1,0,,,,,,"",""
ball,2,42.5,Australia,GJ Maxwell,JP Inglis,MA Wood,4,0,,,,,,"",""
ball,2,42.6,Australia,GJ Maxwell,JP Inglis,MA Wood,4,0,,,,,,"",""
ball,2,43.1,Australia,JP Inglis,GJ Maxwell,BA Carse,0,0,,,,,,"",""
ball,2,43.2,Australia,JP Inglis,GJ Maxwell,BA Carse,0,0,,,,,,"",""
ball,2,43.3,Australia,JP Inglis,GJ Maxwell,BA Carse,0,0,,,,,,"",""
ball,2,43.4,Australia,JP Inglis,GJ Maxwell,BA Carse,6,0,,,,,,"",""
ball,2,43.5,Australia,JP Inglis,GJ Maxwell,BA Carse,6,0,,,,,,"",""
ball,2,43.6,Australia,JP Inglis,GJ Maxwell,BA Carse,1,0,,,,,,"",""
ball,2,44.1,Australia,JP Inglis,GJ Maxwell,JC Archer,1,0,,,,,,"",""
ball,2,44.2,Australia,GJ Maxwell,JP Inglis,JC Archer,1,0,,,,,,"",""
ball,2,44.3,Australia,JP Inglis,GJ Maxwell,JC Archer,6,0,,,,,,"",""
ball,2,44.4,Australia,JP Inglis,GJ Maxwell,JC Archer,0,0,,,,,,"",""
ball,2,44.5,Australia,JP Inglis,GJ Maxwell,JC Archer,0,0,,,,,,"",""
ball,2,44.6,Australia,JP Inglis,GJ Maxwell,JC Archer,2,0,,,,,,"",""
ball,2,45.1,Australia,GJ Maxwell,JP Inglis,MA Wood,4,0,,,,,,"",""
ball,2,45.2,Australia,GJ Maxwell,JP Inglis,MA Wood,0,0,,,,,,"",""
ball,2,45.3,Australia,GJ Maxwell,JP Inglis,MA Wood,6,0,,,,,,"",""
ball,2,45.4,Australia,GJ Maxwell,JP Inglis,MA Wood,1,0,,,,,,"",""
ball,2,45.5,Australia,JP Inglis,GJ Maxwell,MA Wood,0,0,,,,,,"",""
ball,2,45.6,Australia,JP Inglis,GJ Maxwell,MA Wood,0,0,,,,,,"",""
ball,2,46.1,Australia,GJ Maxwell,JP Inglis,JC Archer,1,0,,,,,,"",""
ball,2,46.2,Australia,JP Inglis,GJ Maxwell,JC Archer,6,0,,,,,,"",""
ball,2,46.3,Australia,JP Inglis,GJ Maxwell,JC Archer,1,0,,,,,,"",""
ball,2,46.4,Australia,GJ Maxwell,JP Inglis,JC Archer,4,0,,,,,,"",""
ball,2,46.5,Australia,GJ Maxwell,JP Inglis,JC Archer,0,1,,1,,,,"",""
ball,2,46.6,Australia,GJ Maxwell,JP Inglis,JC Archer,6,0,,,,,,"",""
ball,2,46.7,Australia,GJ Maxwell,JP Inglis,JC Archer,0,0,,,,,,"",""
ball,2,47.1,Australia,JP Inglis,GJ Maxwell,MA Wood,1,0,,,,,,"",""
ball,2,47.2,Australia,GJ Maxwell,JP Inglis,MA Wood,1,0,,,,,,"",""
ball,2,47.3,Australia,JP Inglis,GJ Maxwell,MA Wood,6,0,,,,,,"",""
