version,1.7.0
info,balls_per_over,6
info,team,Bangladesh
info,team,India
info,gender,male
info,season,2024/25
info,date,2025/02/20
info,event,ICC Champions Trophy
info,match_number,2
info,venue,Dubai International Cricket Stadium
info,city,Dubai
info,toss_winner,Bangladesh
info,toss_decision,bat
info,player_of_match,Shubman Gill
info,umpire,AT Holdstock
info,umpire,PR Reiffel
info,reserve_umpire,MA Gough
info,tv_umpire,RK Illingworth
info,match_referee,DC Boon
info,winner,India
info,winner_wickets,6
info,player,Bangladesh,Tanzid Hasan
info,player,Bangladesh,Soumya Sarkar
info,player,Bangladesh,Nazmul Hossain Shanto
info,player,Bangladesh,Mehedi Hasan Miraz
info,player,Bangladesh,Towhid Hridoy
info,player,Bangladesh,Mushfiqur Rahim
info,player,Bangladesh,Jaker Ali
info,player,Bangladesh,Rishad Hossain
info,player,Bangladesh,Tanzim Hasan Sakib
info,player,Bangladesh,Taskin Ahmed
info,player,Bangladesh,Mustafizur Rahman
info,player,India,RG Sharma
info,player,India,Shubman Gill
info,player,India,V Kohli
info,player,India,SS Iyer
info,player,India,AR Patel
info,player,India,KL Rahul
info,player,India,HH Pandya
info,player,India,RA Jadeja
info,player,India,Harshit Rana
info,player,India,Mohammed Shami
info,player,India,Kuldeep Yadav
info,registry,people,AR Patel,2e171977
info,registry,people,AT Holdstock,6fa3258c
info,registry,people,DC Boon,e79a1fe3
info,registry,people,HH Pandya,dbe50b21
info,registry,people,Harshit Rana,77b1aa15
info,registry,people,Jaker Ali,cd56a813
info,registry,people,KL Rahul,b17e2f24
info,registry,people,Kuldeep Yadav,8d2c70ad
info,registry,people,MA Gough,76752ac8
info,registry,people,Mehedi Hasan Miraz,c58b0108
info,registry,people,Mohammed Shami,8cf9814c
info,registry,people,Mushfiqur Rahim,a94e08ea
info,registry,people,Mustafizur Rahman,0a8fce53
info,registry,people,Nazmul Hossain Shanto,1274d7ab
info,registry,people,PR Reiffel,c9354f29
info,registry,people,RA Jadeja,fe93fd9d
info,registry,people,RG Sharma,740742ef
info,registry,people,RK Illingworth,20672246
info,registry,people,Rishad Hossain,5935d694
info,registry,people,SS Iyer,85ec8e33
info,registry,people,Shubman Gill,b4b99816
info,registry,people,Soumya Sarkar,4d9f9686
info,registry,people,Tanzid Hasan,80fe764d
info,registry,people,Tanzim Hasan Sakib,0b0cc297
info,registry,people,Taskin Ahmed,ef18b66e
info,registry,people,Towhid Hridoy,9e52a414
info,registry,people,V Kohli,ba607b88
ball,1,0.1,Bangladesh,Tanzid Hasan,Soumya Sarkar,Mohammed Shami,1,0,,,,,,"",""
ball,1,0.2,Bangladesh,Soumya Sarkar,Tanzid Hasan,Mohammed Shami,0,0,,,,,,"",""
ball,1,0.3,Bangladesh,Soumya Sarkar,Tanzid Hasan,Mohammed Shami,0,0,,,,,,"",""
ball,1,0.4,Bangladesh,Soumya Sarkar,Tanzid Hasan,Mohammed Shami,0,0,,,,,,"",""
ball,1,0.5,Bangladesh,Soumya Sarkar,Tanzid Hasan,Mohammed Shami,0,0,,,,,,"",""
ball,1,0.6,Bangladesh,Soumya Sarkar,Tanzid Hasan,Mohammed Shami,0,0,,,,,,caught,Soumya Sarkar
ball,1,1.1,Bangladesh,Tanzid Hasan,Nazmul Hossain Shanto,Harshit Rana,0,0,,,,,,"",""
ball,1,1.2,Bangladesh,Tanzid Hasan,Nazmul Hossain Shanto,Harshit Rana,1,0,,,,,,"",""
ball,1,1.3,Bangladesh,Nazmul Hossain Shanto,Tanzid Hasan,Harshit Rana,0,0,,,,,,"",""
ball,1,1.4,Bangladesh,Nazmul Hossain Shanto,Tanzid Hasan,Harshit Rana,0,0,,,,,,caught,Nazmul Hossain Shanto
ball,1,1.5,Bangladesh,Mehedi Hasan Miraz,Tanzid Hasan,Harshit Rana,0,0,,,,,,"",""
ball,1,1.6,Bangladesh,Mehedi Hasan Miraz,Tanzid Hasan,Harshit Rana,0,0,,,,,,"",""
ball,1,2.1,Bangladesh,Tanzid Hasan,Mehedi Hasan Miraz,Mohammed Shami,0,0,,,,,,"",""
ball,1,2.2,Bangladesh,Tanzid Hasan,Mehedi Hasan Miraz,Mohammed Shami,0,0,,,,,,"",""
ball,1,2.3,Bangladesh,Tanzid Hasan,Mehedi Hasan Miraz,Mohammed Shami,0,0,,,,,,"",""
ball,1,2.4,Bangladesh,Tanzid Hasan,Mehedi Hasan Miraz,Mohammed Shami,4,0,,,,,,"",""
ball,1,2.5,Bangladesh,Tanzid Hasan,Mehedi Hasan Miraz,Mohammed Shami,4,0,,,,,,"",""
ball,1,2.6,Bangladesh,Tanzid Hasan,Mehedi Hasan Miraz,Mohammed Shami,1,0,,,,,,"",""
ball,1,3.1,Bangladesh,Tanzid Hasan,Mehedi Hasan Miraz,Harshit Rana,0,0,,,,,,"",""
ball,1,3.2,Bangladesh,Tanzid Hasan,Mehedi Hasan Miraz,Harshit Rana,0,0,,,,,,"",""
ball,1,3.3,Bangladesh,Tanzid Hasan,Mehedi Hasan Miraz,Harshit Rana,0,0,,,,,,"",""
ball,1,3.4,Bangladesh,Tanzid Hasan,Mehedi Hasan Miraz,Harshit Rana,1,0,,,,,,"",""
ball,1,3.5,Bangladesh,Mehedi Hasan Miraz,Tanzid Hasan,Harshit Rana,0,0,,,,,,"",""
ball,1,3.6,Bangladesh,Mehedi Hasan Miraz,Tanzid Hasan,Harshit Rana,0,1,1,,,,,"",""
ball,1,3.7,Bangladesh,Mehedi Hasan Miraz,Tanzid Hasan,Harshit Rana,0,0,,,,,,"",""
ball,1,4.1,Bangladesh,Tanzid Hasan,Mehedi Hasan Miraz,Mohammed Shami,0,0,,,,,,"",""
ball,1,4.2,Bangladesh,Tanzid Hasan,Mehedi Hasan Miraz,Mohammed Shami,4,0,,,,,,"",""
ball,1,4.3,Bangladesh,Tanzid Hasan,Mehedi Hasan Miraz,Mohammed Shami,1,0,,,,,,"",""
ball,1,4.4,Bangladesh,Mehedi Hasan Miraz,Tanzid Hasan,Mohammed Shami,0,0,,,,,,"",""
ball,1,4.5,Bangladesh,Mehedi Hasan Miraz,Tanzid Hasan,Mohammed Shami,4,0,,,,,,"",""
ball,1,4.6,Bangladesh,Mehedi Hasan Miraz,Tanzid Hasan,Mohammed Shami,0,0,,,,,,"",""
ball,1,5.1,Bangladesh,Tanzid Hasan,Mehedi Hasan Miraz,Harshit Rana,0,0,,,,,,"",""
ball,1,5.2,Bangladesh,Tanzid Hasan,Mehedi Hasan Miraz,Harshit Rana,0,0,,,,,,"",""
ball,1,5.3,Bangladesh,Tanzid Hasan,Mehedi Hasan Miraz,Harshit Rana,1,0,,,,,,"",""
ball,1,5.4,Bangladesh,Mehedi Hasan Miraz,Tanzid Hasan,Harshit Rana,1,0,,,,,,"",""
ball,1,5.5,Bangladesh,Tanzid Hasan,Mehedi Hasan Miraz,Harshit Rana,0,0,,,,,,"",""
ball,1,5.6,Bangladesh,Tanzid Hasan,Mehedi Hasan Miraz,Harshit Rana,2,0,,,,,,"",""
ball,1,6.1,Bangladesh,Mehedi Hasan Miraz,Tanzid Hasan,Mohammed Shami,0,0,,,,,,"",""
ball,1,6.2,Bangladesh,Mehedi Hasan Miraz,Tanzid Hasan,Mohammed Shami,0,0,,,,,,caught,Mehedi Hasan Miraz
ball,1,6.3,Bangladesh,Towhid Hridoy,Tanzid Hasan,Mohammed Shami,0,0,,,,,,"",""
ball,1,6.4,Bangladesh,Towhid Hridoy,Tanzid Hasan,Mohammed Shami,0,0,,,,,,"",""
ball,1,6.5,Bangladesh,Towhid Hridoy,Tanzid Hasan,Mohammed Shami,0,0,,,,,,"",""
ball,1,6.6,Bangladesh,Towhid Hridoy,Tanzid Hasan,Mohammed Shami,1,0,,,,,,"",""
ball,1,7.1,Bangladesh,Towhid Hridoy,Tanzid Hasan,Harshit Rana,0,0,,,,,,"",""
ball,1,7.2,Bangladesh,Towhid Hridoy,Tanzid Hasan,Harshit Rana,0,0,,,,,,"",""
ball,1,7.3,Bangladesh,Towhid Hridoy,Tanzid Hasan,Harshit Rana,3,0,,,,,,"",""
ball,1,7.4,Bangladesh,Tanzid Hasan,Towhid Hridoy,Harshit Rana,4,0,,,,,,"",""
ball,1,7.5,Bangladesh,Tanzid Hasan,Towhid Hridoy,Harshit Rana,1,0,,,,,,"",""
ball,1,7.6,Bangladesh,Towhid Hridoy,Tanzid Hasan,Harshit Rana,0,0,,,,,,"",""
ball,1,8.1,Bangladesh,Tanzid Hasan,Towhid Hridoy,AR Patel,0,0,,,,,,"",""
ball,1,8.2,Bangladesh,Tanzid Hasan,Towhid Hridoy,AR Patel,0,0,,,,,,caught,Tanzid Hasan
ball,1,8.3,Bangladesh,Mushfiqur Rahim,Towhid Hridoy,AR Patel,0,0,,,,,,caught,Mushfiqur Rahim
ball,1,8.4,Bangladesh,Jaker Ali,Towhid Hridoy,AR Patel,0,0,,,,,,"",""
ball,1,8.5,Bangladesh,Jaker Ali,Towhid Hridoy,AR Patel,1,0,,,,,,"",""
ball,1,8.6,Bangladesh,Towhid Hridoy,Jaker Ali,AR Patel,0,0,,,,,,"",""
ball,1,9.1,Bangladesh,Jaker Ali,Towhid Hridoy,HH Pandya,0,0,,,,,,"",""
ball,1,9.2,Bangladesh,Jaker Ali,Towhid Hridoy,HH Pandya,1,0,,,,,,"",""
ball,1,9.3,Bangladesh,Towhid Hridoy,Jaker Ali,HH Pandya,0,0,,,,,,"",""
ball,1,9.4,Bangladesh,Towhid Hridoy,Jaker Ali,HH Pandya,0,1,1,,,,,"",""
ball,1,9.5,Bangladesh,Towhid Hridoy,Jaker Ali,HH Pandya,0,1,1,,,,,"",""
ball,1,9.6,Bangladesh,Towhid Hridoy,Jaker Ali,HH Pandya,0,0,,,,,,"",""
ball,1,9.7,Bangladesh,Towhid Hridoy,Jaker Ali,HH Pandya,0,0,,,,,,"",""
ball,1,9.8,Bangladesh,Towhid Hridoy,Jaker Ali,HH Pandya,0,0,,,,,,"",""
ball,1,10.1,Bangladesh,Jaker Ali,Towhid Hridoy,AR Patel,0,0,,,,,,"",""
ball,1,10.2,Bangladesh,Jaker Ali,Towhid Hridoy,AR Patel,1,0,,,,,,"",""
ball,1,10.3,Bangladesh,Towhid Hridoy,Jaker Ali,AR Patel,0,0,,,,,,"",""
ball,1,10.4,Bangladesh,Towhid Hridoy,Jaker Ali,AR Patel,1,0,,,,,,"",""
ball,1,10.5,Bangladesh,Jaker Ali,Towhid Hridoy,AR Patel,0,0,,,,,,"",""
ball,1,10.6,Bangladesh,Jaker Ali,Towhid Hridoy,AR Patel,1,0,,,,,,"",""
ball,1,11.1,Bangladesh,Jaker Ali,Towhid Hridoy,HH Pandya,0,0,,,,,,"",""
ball,1,11.2,Bangladesh,Jaker Ali,Towhid Hridoy,HH Pandya,1,0,,,,,,"",""
ball,1,11.3,Bangladesh,Towhid Hridoy,Jaker Ali,HH Pandya,1,0,,,,,,"",""
ball,1,11.4,Bangladesh,Jaker Ali,Towhid Hridoy,HH Pandya,1,0,,,,,,"",""
ball,1,11.5,Bangladesh,Towhid Hridoy,Jaker Ali,HH Pandya,0,0,,,,,,"",""
ball,1,11.6,Bangladesh,Towhid Hridoy,Jaker Ali,HH Pandya,4,0,,,,,,"",""
ball,1,12.1,Bangladesh,Jaker Ali,Towhid Hridoy,AR Patel,1,0,,,,,,"",""
ball,1,12.2,Bangladesh,Towhid Hridoy,Jaker Ali,AR Patel,0,0,,,,,,"",""
ball,1,12.3,Bangladesh,Towhid Hridoy,Jaker Ali,AR Patel,0,0,,,,,,"",""
ball,1,12.4,Bangladesh,Towhid Hridoy,Jaker Ali,AR Patel,0,0,,,,,,"",""
ball,1,12.5,Bangladesh,Towhid Hridoy,Jaker Ali,AR Patel,0,0,,,,,,"",""
ball,1,12.6,Bangladesh,Towhid Hridoy,Jaker Ali,AR Patel,0,0,,,,,,"",""
ball,1,13.1,Bangladesh,Jaker Ali,Towhid Hridoy,RA Jadeja,1,0,,,,,,"",""
ball,1,13.2,Bangladesh,Towhid Hridoy,Jaker Ali,RA Jadeja,0,0,,,,,,"",""
ball,1,13.3,Bangladesh,Towhid Hridoy,Jaker Ali,RA Jadeja,0,0,,,,,,"",""
ball,1,13.4,Bangladesh,Towhid Hridoy,Jaker Ali,RA Jadeja,1,0,,,,,,"",""
ball,1,13.5,Bangladesh,Jaker Ali,Towhid Hridoy,RA Jadeja,2,0,,,,,,"",""
ball,1,13.6,Bangladesh,Jaker Ali,Towhid Hridoy,RA Jadeja,0,0,,,,,,"",""
ball,1,14.1,Bangladesh,Towhid Hridoy,Jaker Ali,AR Patel,2,0,,,,,,"",""
ball,1,14.2,Bangladesh,Towhid Hridoy,Jaker Ali,AR Patel,1,0,,,,,,"",""
ball,1,14.3,Bangladesh,Jaker Ali,Towhid Hridoy,AR Patel,0,0,,,,,,"",""
ball,1,14.4,Bangladesh,Jaker Ali,Towhid Hridoy,AR Patel,0,0,,,,,,"",""
ball,1,14.5,Bangladesh,Jaker Ali,Towhid Hridoy,AR Patel,4,0,,,,,,"",""
ball,1,14.6,Bangladesh,Jaker Ali,Towhid Hridoy,AR Patel,1,0,,,,,,"",""
ball,1,15.1,Bangladesh,Jaker Ali,Towhid Hridoy,RA Jadeja,1,0,,,,,,"",""
ball,1,15.2,Bangladesh,Towhid Hridoy,Jaker Ali,RA Jadeja,0,0,,,,,,"",""
ball,1,15.3,Bangladesh,Towhid Hridoy,Jaker Ali,RA Jadeja,1,0,,,,,,"",""
ball,1,15.4,Bangladesh,Jaker Ali,Towhid Hridoy,RA Jadeja,0,0,,,,,,"",""
ball,1,15.5,Bangladesh,Jaker Ali,Towhid Hridoy,RA Jadeja,0,0,,,,,,"",""
ball,1,15.6,Bangladesh,Jaker Ali,Towhid Hridoy,RA Jadeja,1,0,,,,,,"",""
ball,1,16.1,Bangladesh,Jaker Ali,Towhid Hridoy,AR Patel,0,0,,,,,,"",""
ball,1,16.2,Bangladesh,Jaker Ali,Towhid Hridoy,AR Patel,0,0,,,,,,"",""
ball,1,16.3,Bangladesh,Jaker Ali,Towhid Hridoy,AR Patel,0,0,,,,,,"",""
ball,1,16.4,Bangladesh,Jaker Ali,Towhid Hridoy,AR Patel,0,0,,,,,,"",""
ball,1,16.5,Bangladesh,Jaker Ali,Towhid Hridoy,AR Patel,0,0,,,,,,"",""
ball,1,16.6,Bangladesh,Jaker Ali,Towhid Hridoy,AR Patel,0,0,,,,,,"",""
ball,1,17.1,Bangladesh,Towhid Hridoy,Jaker Ali,RA Jadeja,0,0,,,,,,"",""
ball,1,17.2,Bangladesh,Towhid Hridoy,Jaker Ali,RA Jadeja,0,0,,,,,,"",""
ball,1,17.3,Bangladesh,Towhid Hridoy,Jaker Ali,RA Jadeja,1,0,,,,,,"",""
ball,1,17.4,Bangladesh,Jaker Ali,Towhid Hridoy,RA Jadeja,0,0,,,,,,"",""
ball,1,17.5,Bangladesh,Jaker Ali,Towhid Hridoy,RA Jadeja,0,0,,,,,,"",""
ball,1,17.6,Bangladesh,Jaker Ali,Towhid Hridoy,RA Jadeja,0,0,,,,,,"",""
ball,1,18.1,Bangladesh,Towhid Hridoy,Jaker Ali,AR Patel,1,0,,,,,,"",""
ball,1,18.2,Bangladesh,Jaker Ali,Towhid Hridoy,AR Patel,1,0,,,,,,"",""
ball,1,18.3,Bangladesh,Towhid Hridoy,Jaker Ali,AR Patel,1,0,,,,,,"",""
ball,1,18.4,Bangladesh,Jaker Ali,Towhid Hridoy,AR Patel,0,0,,,,,,"",""
ball,1,18.5,Bangladesh,Jaker Ali,Towhid Hridoy,AR Patel,0,0,,,,,,"",""
ball,1,18.6,Bangladesh,Jaker Ali,Towhid Hridoy,AR Patel,1,0,,,,,,"",""
ball,1,19.1,Bangladesh,Jaker Ali,Towhid Hridoy,Kuldeep Yadav,1,0,,,,,,"",""
ball,1,19.2,Bangladesh,Towhid Hridoy,Jaker Ali,Kuldeep Yadav,0,1,,1,,,,"",""
ball,1,19.3,Bangladesh,Towhid Hridoy,Jaker Ali,Kuldeep Yadav,4,0,,,,,,"",""
ball,1,19.4,Bangladesh,Towhid Hridoy,Jaker Ali,Kuldeep Yadav,1,0,,,,,,"",""
ball,1,19.5,Bangladesh,Jaker Ali,Towhid Hridoy,Kuldeep Yadav,1,0,,,,,,"",""
ball,1,19.6,Bangladesh,Towhid Hridoy,Jaker Ali,Kuldeep Yadav,1,0,,,,,,"",""
ball,1,19.7,Bangladesh,Jaker Ali,Towhid Hridoy,Kuldeep Yadav,0,0,,,,,,"",""
ball,1,20.1,Bangladesh,Towhid Hridoy,Jaker Ali,RA Jadeja,1,0,,,,,,"",""
ball,1,20.2,Bangladesh,Jaker Ali,Towhid Hridoy,RA Jadeja,1,0,,,,,,"",""
ball,1,20.3,Bangladesh,Towhid Hridoy,Jaker Ali,RA Jadeja,1,0,,,,,,"",""
ball,1,20.4,Bangladesh,Jaker Ali,Towhid Hridoy,RA Jadeja,1,0,,,,,,"",""
ball,1,20.5,Bangladesh,Towhid Hridoy,Jaker Ali,RA Jadeja,0,0,,,,,,"",""
ball,1,20.6,Bangladesh,Towhid Hridoy,Jaker Ali,RA Jadeja,0,0,,,,,,"",""
ball,1,21.1,Bangladesh,Jaker Ali,Towhid Hridoy,Kuldeep Yadav,0,0,,,,,,"",""
ball,1,21.2,Bangladesh,Jaker Ali,Towhid Hridoy,Kuldeep Yadav,0,0,,,,,,"",""
ball,1,21.3,Bangladesh,Jaker Ali,Towhid Hridoy,Kuldeep Yadav,0,0,,,,,,"",""
ball,1,21.4,Bangladesh,Jaker Ali,Towhid Hridoy,Kuldeep Yadav,0,0,,,,,,"",""
ball,1,21.5,Bangladesh,Jaker Ali,Towhid Hridoy,Kuldeep Yadav,1,0,,,,,,"",""
ball,1,21.6,Bangladesh,Towhid Hridoy,Jaker Ali,Kuldeep Yadav,0,0,,,,,,"",""
ball,1,22.1,Bangladesh,Jaker Ali,Towhid Hridoy,RA Jadeja,0,0,,,,,,"",""
ball,1,22.2,Bangladesh,Jaker Ali,Towhid Hridoy,RA Jadeja,1,0,,,,,,"",""
ball,1,22.3,Bangladesh,Towhid Hridoy,Jaker Ali,RA Jadeja,0,0,,,,,,"",""
ball,1,22.4,Bangladesh,Towhid Hridoy,Jaker Ali,RA Jadeja,0,0,,,,,,"",""
ball,1,22.5,Bangladesh,Towhid Hridoy,Jaker Ali,RA Jadeja,0,0,,,,,,"",""
ball,1,22.6,Bangladesh,Towhid Hridoy,Jaker Ali,RA Jadeja,1,0,,,,,,"",""
ball,1,23.1,Bangladesh,Towhid Hridoy,Jaker Ali,Kuldeep Yadav,1,0,,,,,,"",""
ball,1,23.2,Bangladesh,Jaker Ali,Towhid Hridoy,Kuldeep Yadav,0,0,,,,,,"",""
ball,1,23.3,Bangladesh,Jaker Ali,Towhid Hridoy,Kuldeep Yadav,1,0,,,,,,"",""
ball,1,23.4,Bangladesh,Towhid Hridoy,Jaker Ali,Kuldeep Yadav,1,0,,,,,,"",""
ball,1,23.5,Bangladesh,Jaker Ali,Towhid Hridoy,Kuldeep Yadav,0,0,,,,,,"",""
ball,1,23.6,Bangladesh,Jaker Ali,Towhid Hridoy,Kuldeep Yadav,1,0,,,,,,"",""
ball,1,24.1,Bangladesh,Jaker Ali,Towhid Hridoy,RA Jadeja,0,0,,,,,,"",""
ball,1,24.2,Bangladesh,Jaker Ali,Towhid Hridoy,RA Jadeja,2,0,,,,,,"",""
ball,1,24.3,Bangladesh,Jaker Ali,Towhid Hridoy,RA Jadeja,0,0,,,,,,"",""
ball,1,24.4,Bangladesh,Jaker Ali,Towhid Hridoy,RA Jadeja,0,0,,,,,,"",""
ball,1,24.5,Bangladesh,Jaker Ali,Towhid Hridoy,RA Jadeja,0,0,,,,,,"",""
ball,1,24.6,Bangladesh,Jaker Ali,Towhid Hridoy,RA Jadeja,0,0,,,,,,"",""
ball,1,25.1,Bangladesh,Towhid Hridoy,Jaker Ali,Kuldeep Yadav,0,0,,,,,,"",""
ball,1,25.2,Bangladesh,Towhid Hridoy,Jaker Ali,Kuldeep Yadav,1,0,,,,,,"",""
ball,1,25.3,Bangladesh,Jaker Ali,Towhid Hridoy,Kuldeep Yadav,1,0,,,,,,"",""
ball,1,25.4,Bangladesh,Towhid Hridoy,Jaker Ali,Kuldeep Yadav,0,0,,,,,,"",""
ball,1,25.5,Bangladesh,Towhid Hridoy,Jaker Ali,Kuldeep Yadav,1,0,,,,,,"",""
ball,1,25.6,Bangladesh,Jaker Ali,Towhid Hridoy,Kuldeep Yadav,0,0,,,,,,"",""
ball,1,26.1,Bangladesh,Towhid Hridoy,Jaker Ali,Mohammed Shami,0,0,,,,,,"",""
ball,1,26.2,Bangladesh,Towhid Hridoy,Jaker Ali,Mohammed Shami,0,1,1,,,,,"",""
ball,1,26.3,Bangladesh,Towhid Hridoy,Jaker Ali,Mohammed Shami,1,0,,,,,,"",""
ball,1,26.4,Bangladesh,Jaker Ali,Towhid Hridoy,Mohammed Shami,1,0,,,,,,"",""
ball,1,26.5,Bangladesh,Towhid Hridoy,Jaker Ali,Mohammed Shami,0,0,,,,,,"",""
ball,1,26.6,Bangladesh,Towhid Hridoy,Jaker Ali,Mohammed Shami,0,0,,,,,,"",""
ball,1,26.7,Bangladesh,Towhid Hridoy,Jaker Ali,Mohammed Shami,0,0,,,,,,"",""
ball,1,27.1,Bangladesh,Jaker Ali,Towhid Hridoy,Kuldeep Yadav,0,0,,,,,,"",""
ball,1,27.2,Bangladesh,Jaker Ali,Towhid Hridoy,Kuldeep Yadav,0,0,,,,,,"",""
ball,1,27.3,Bangladesh,Jaker Ali,Towhid Hridoy,Kuldeep Yadav,0,0,,,,,,"",""
ball,1,27.4,Bangladesh,Jaker Ali,Towhid Hridoy,Kuldeep Yadav,0,0,,,,,,"",""
ball,1,27.5,Bangladesh,Jaker Ali,Towhid Hridoy,Kuldeep Yadav,0,0,,,,,,"",""
ball,1,27.6,Bangladesh,Jaker Ali,Towhid Hridoy,Kuldeep Yadav,1,0,,,,,,"",""
ball,1,28.1,Bangladesh,Jaker Ali,Towhid Hridoy,Mohammed Shami,1,0,,,,,,"",""
ball,1,28.2,Bangladesh,Towhid Hridoy,Jaker Ali,Mohammed Shami,1,0,,,,,,"",""
ball,1,28.3,Bangladesh,Jaker Ali,Towhid Hridoy,Mohammed Shami,0,0,,,,,,"",""
ball,1,28.4,Bangladesh,Jaker Ali,Towhid Hridoy,Mohammed Shami,1,0,,,,,,"",""
ball,1,28.5,Bangladesh,Towhid Hridoy,Jaker Ali,Mohammed Shami,0,0,,,,,,"",""
ball,1,28.6,Bangladesh,Towhid Hridoy,Jaker Ali,Mohammed Shami,1,0,,,,,,"",""
ball,1,29.1,Bangladesh,Towhid Hridoy,Jaker Ali,Harshit Rana,1,0,,,,,,"",""
ball,1,29.2,Bangladesh,Jaker Ali,Towhid Hridoy,Harshit Rana,1,0,,,,,,"",""
ball,1,29.3,Bangladesh,Towhid Hridoy,Jaker Ali,Harshit Rana,1,0,,,,,,"",""
ball,1,29.4,Bangladesh,Jaker Ali,Towhid Hridoy,Harshit Rana,0,0,,,,,,"",""
ball,1,29.5,Bangladesh,Jaker Ali,Towhid Hridoy,Harshit Rana,4,0,,,,,,"",""
ball,1,29.6,Bangladesh,Jaker Ali,Towhid Hridoy,Harshit Rana,1,0,,,,,,"",""
ball,1,30.1,Bangladesh,Jaker Ali,Towhid Hridoy,AR Patel,1,0,,,,,,"",""
ball,1,30.2,Bangladesh,Towhid Hridoy,Jaker Ali,AR Patel,0,0,,,,,,"",""
ball,1,30.3,Bangladesh,Towhid Hridoy,Jaker Ali,AR Patel,0,0,,,,,,"",""
ball,1,30.4,Bangladesh,Towhid Hridoy,Jaker Ali,AR Patel,0,0,,,,,,"",""
ball,1,30.5,Bangladesh,Towhid Hridoy,Jaker Ali,AR Patel,0,0,,,,,,"",""
ball,1,30.6,Bangladesh,Towhid Hridoy,Jaker Ali,AR Patel,1,0,,,,,,"",""
ball,1,31.1,Bangladesh,Towhid Hridoy,Jaker Ali,Harshit Rana,1,0,,,,,,"",""
ball,1,31.2,Bangladesh,Jaker Ali,Towhid Hridoy,Harshit Rana,1,0,,,,,,"",""
ball,1,31.3,Bangladesh,Towhid Hridoy,Jaker Ali,Harshit Rana,2,0,,,,,,"",""
ball,1,31.4,Bangladesh,Towhid Hridoy,Jaker Ali,Harshit Rana,0,0,,,,,,"",""
ball,1,31.5,Bangladesh,Towhid Hridoy,Jaker Ali,Harshit Rana,0,0,,,,,,"",""
ball,1,31.6,Bangladesh,Towhid Hridoy,Jaker Ali,Harshit Rana,2,0,,,,,,"",""
ball,1,32.1,Bangladesh,Jaker Ali,Towhid Hridoy,AR Patel,1,0,,,,,,"",""
ball,1,32.2,Bangladesh,Towhid Hridoy,Jaker Ali,AR Patel,0,0,,,,,,"",""
ball,1,32.3,Bangladesh,Towhid Hridoy,Jaker Ali,AR Patel,2,0,,,,,,"",""
ball,1,32.4,Bangladesh,Towhid Hridoy,Jaker Ali,AR Patel,0,0,,,,,,"",""
ball,1,32.5,Bangladesh,Towhid Hridoy,Jaker Ali,AR Patel,1,0,,,,,,"",""
ball,1,32.6,Bangladesh,Jaker Ali,Towhid Hridoy,AR Patel,0,0,,,,,,"",""
ball,1,33.1,Bangladesh,Towhid Hridoy,Jaker Ali,Kuldeep Yadav,1,0,,,,,,"",""
ball,1,33.2,Bangladesh,Jaker Ali,Towhid Hridoy,Kuldeep Yadav,0,0,,,,,,"",""
ball,1,33.3,Bangladesh,Jaker Ali,Towhid Hridoy,Kuldeep Yadav,0,0,,,,,,"",""
ball,1,33.4,Bangladesh,Jaker Ali,Towhid Hridoy,Kuldeep Yadav,4,0,,,,,,"",""
ball,1,33.5,Bangladesh,Jaker Ali,Towhid Hridoy,Kuldeep Yadav,0,0,,,,,,"",""
ball,1,33.6,Bangladesh,Jaker Ali,Towhid Hridoy,Kuldeep Yadav,0,0,,,,,,"",""
ball,1,34.1,Bangladesh,Towhid Hridoy,Jaker Ali,RA Jadeja,1,0,,,,,,"",""
ball,1,34.2,Bangladesh,Jaker Ali,Towhid Hridoy,RA Jadeja,0,0,,,,,,"",""
ball,1,34.3,Bangladesh,Jaker Ali,Towhid Hridoy,RA Jadeja,1,0,,,,,,"",""
ball,1,34.4,Bangladesh,Towhid Hridoy,Jaker Ali,RA Jadeja,1,0,,,,,,"",""
ball,1,34.5,Bangladesh,Jaker Ali,Towhid Hridoy,RA Jadeja,1,0,,,,,,"",""
ball,1,34.6,Bangladesh,Towhid Hridoy,Jaker Ali,RA Jadeja,0,0,,,,,,"",""
ball,1,35.1,Bangladesh,Jaker Ali,Towhid Hridoy,Kuldeep Yadav,2,0,,,,,,"",""
ball,1,35.2,Bangladesh,Jaker Ali,Towhid Hridoy,Kuldeep Yadav,0,0,,,,,,"",""
ball,1,35.3,Bangladesh,Jaker Ali,Towhid Hridoy,Kuldeep Yadav,0,0,,,,,,"",""
ball,1,35.4,Bangladesh,Jaker Ali,Towhid Hridoy,Kuldeep Yadav,1,0,,,,,,"",""
ball,1,35.5,Bangladesh,Towhid Hridoy,Jaker Ali,Kuldeep Yadav,1,0,,,,,,"",""
ball,1,35.6,Bangladesh,Jaker Ali,Towhid Hridoy,Kuldeep Yadav,0,0,,,,,,"",""
ball,1,36.1,Bangladesh,Towhid Hridoy,Jaker Ali,RA Jadeja,0,0,,,,,,"",""
ball,1,36.2,Bangladesh,Towhid Hridoy,Jaker Ali,RA Jadeja,4,0,,,,,,"",""
ball,1,36.3,Bangladesh,Towhid Hridoy,Jaker Ali,RA Jadeja,1,0,,,,,,"",""
ball,1,36.4,Bangladesh,Jaker Ali,Towhid Hridoy,RA Jadeja,0,0,,,,,,"",""
ball,1,36.5,Bangladesh,Jaker Ali,Towhid Hridoy,RA Jadeja,0,0,,,,,,"",""
ball,1,36.6,Bangladesh,Jaker Ali,Towhid Hridoy,RA Jadeja,1,0,,,,,,"",""
ball,1,37.1,Bangladesh,Jaker Ali,Towhid Hridoy,Kuldeep Yadav,1,0,,,,,,"",""
ball,1,37.2,Bangladesh,Towhid Hridoy,Jaker Ali,Kuldeep Yadav,6,0,,,,,,"",""
ball,1,37.3,Bangladesh,Towhid Hridoy,Jaker Ali,Kuldeep Yadav,1,0,,,,,,"",""
ball,1,37.4,Bangladesh,Jaker Ali,Towhid Hridoy,Kuldeep Yadav,0,0,,,,,,"",""
ball,1,37.5,Bangladesh,Jaker Ali,Towhid Hridoy,Kuldeep Yadav,0,0,,,,,,"",""
ball,1,37.6,Bangladesh,Jaker Ali,Towhid Hridoy,Kuldeep Yadav,1,0,,,,,,"",""
ball,1,38.1,Bangladesh,Jaker Ali,Towhid Hridoy,RA Jadeja,1,0,,,,,,"",""
ball,1,38.2,Bangladesh,Towhid Hridoy,Jaker Ali,RA Jadeja,1,0,,,,,,"",""
ball,1,38.3,Bangladesh,Jaker Ali,Towhid Hridoy,RA Jadeja,1,0,,,,,,"",""
ball,1,38.4,Bangladesh,Towhid Hridoy,Jaker Ali,RA Jadeja,6,0,,,,,,"",""
ball,1,38.5,Bangladesh,Towhid Hridoy,Jaker Ali,RA Jadeja,1,0,,,,,,"",""
ball,1,38.6,Bangladesh,Jaker Ali,Towhid Hridoy,RA Jadeja,1,0,,,,,,"",""
ball,1,39.1,Bangladesh,Jaker Ali,Towhid Hridoy,HH Pandya,0,0,,,,,,"",""
ball,1,39.2,Bangladesh,Jaker Ali,Towhid Hridoy,HH Pandya,0,0,,,,,,"",""
ball,1,39.3,Bangladesh,Jaker Ali,Towhid Hridoy,HH Pandya,1,0,,,,,,"",""
ball,1,39.4,Bangladesh,Towhid Hridoy,Jaker Ali,HH Pandya,1,0,,,,,,"",""
ball,1,39.5,Bangladesh,Jaker Ali,Towhid Hridoy,HH Pandya,0,0,,,,,,"",""
ball,1,39.6,Bangladesh,Jaker Ali,Towhid Hridoy,HH Pandya,1,0,,,,,,"",""
ball,1,40.1,Bangladesh,Jaker Ali,Towhid Hridoy,Mohammed Shami,4,0,,,,,,"",""
ball,1,40.2,Bangladesh,Jaker Ali,Towhid Hridoy,Mohammed Shami,0,0,,,,,,"",""
ball,1,40.3,Bangladesh,Jaker Ali,Towhid Hridoy,Mohammed Shami,1,0,,,,,,"",""
ball,1,40.4,Bangladesh,Towhid Hridoy,Jaker Ali,Mohammed Shami,4,0,,,,,,"",""
ball,1,40.5,Bangladesh,Towhid Hridoy,Jaker Ali,Mohammed Shami,1,0,,,,,,"",""
ball,1,40.6,Bangladesh,Jaker Ali,Towhid Hridoy,Mohammed Shami,1,0,,,,,,"",""
ball,1,41.1,Bangladesh,Jaker Ali,Towhid Hridoy,HH Pandya,1,0,,,,,,"",""
ball,1,41.2,Bangladesh,Towhid Hridoy,Jaker Ali,HH Pandya,2,0,,,,,,"",""
ball,1,41.3,Bangladesh,Towhid Hridoy,Jaker Ali,HH Pandya,0,1,1,,,,,"",""
ball,1,41.4,Bangladesh,Towhid Hridoy,Jaker Ali,HH Pandya,1,0,,,,,,"",""
ball,1,41.5,Bangladesh,Jaker Ali,Towhid Hridoy,HH Pandya,0,0,,,,,,"",""
ball,1,41.6,Bangladesh,Jaker Ali,Towhid Hridoy,HH Pandya,1,0,,,,,,"",""
ball,1,41.7,Bangladesh,Towhid Hridoy,Jaker Ali,HH Pandya,1,0,,,,,,"",""
ball,1,42.1,Bangladesh,Towhid Hridoy,Jaker Ali,Mohammed Shami,0,0,,,,,,"",""
ball,1,42.2,Bangladesh,Towhid Hridoy,Jaker Ali,Mohammed Shami,4,0,,,,,,"",""
ball,1,42.3,Bangladesh,Towhid Hridoy,Jaker Ali,Mohammed Shami,1,0,,,,,,"",""
ball,1,42.4,Bangladesh,Jaker Ali,Towhid Hridoy,Mohammed Shami,0,1,1,,,,,"",""
ball,1,42.5,Bangladesh,Jaker Ali,Towhid Hridoy,Mohammed Shami,0,0,,,,,,caught,Jaker Ali
ball,1,42.6,Bangladesh,Rishad Hossain,Towhid Hridoy,Mohammed Shami,0,0,,,,,,"",""
ball,1,42.7,Bangladesh,Rishad Hossain,Towhid Hridoy,Mohammed Shami,0,0,,,,,,"",""
ball,1,43.1,Bangladesh,Towhid Hridoy,Rishad Hossain,Kuldeep Yadav,1,0,,,,,,"",""
ball,1,43.2,Bangladesh,Rishad Hossain,Towhid Hridoy,Kuldeep Yadav,0,0,,,,,,"",""
ball,1,43.3,Bangladesh,Rishad Hossain,Towhid Hridoy,Kuldeep Yadav,0,1,,,,1,,"",""
ball,1,43.4,Bangladesh,Towhid Hridoy,Rishad Hossain,Kuldeep Yadav,1,0,,,,,,"",""
ball,1,43.5,Bangladesh,Rishad Hossain,Towhid Hridoy,Kuldeep Yadav,0,0,,,,,,"",""
ball,1,43.6,Bangladesh,Rishad Hossain,Towhid Hridoy,Kuldeep Yadav,0,0,,,,,,"",""
ball,1,44.1,Bangladesh,Towhid Hridoy,Rishad Hossain,AR Patel,2,0,,,,,,"",""
ball,1,44.2,Bangladesh,Towhid Hridoy,Rishad Hossain,AR Patel,1,0,,,,,,"",""
ball,1,44.3,Bangladesh,Rishad Hossain,Towhid Hridoy,AR Patel,4,0,,,,,,"",""
ball,1,44.4,Bangladesh,Rishad Hossain,Towhid Hridoy,AR Patel,6,0,,,,,,"",""
ball,1,44.5,Bangladesh,Rishad Hossain,Towhid Hridoy,AR Patel,6,0,,,,,,"",""
ball,1,44.6,Bangladesh,Rishad Hossain,Towhid Hridoy,AR Patel,1,0,,,,,,"",""
ball,1,45.1,Bangladesh,Rishad Hossain,Towhid Hridoy,Harshit Rana,1,0,,,,,,"",""
ball,1,45.2,Bangladesh,Towhid Hridoy,Rishad Hossain,Harshit Rana,1,0,,,,,,"",""
ball,1,45.3,Bangladesh,Rishad Hossain,Towhid Hridoy,Harshit Rana,0,0,,,,,,caught,Rishad Hossain
ball,1,45.4,Bangladesh,Tanzim Hasan Sakib,Towhid Hridoy,Harshit Rana,0,0,,,,,,"",""
ball,1,45.5,Bangladesh,Tanzim Hasan Sakib,Towhid Hridoy,Harshit Rana,0,0,,,,,,"",""
ball,1,45.6,Bangladesh,Tanzim Hasan Sakib,Towhid Hridoy,Harshit Rana,0,0,,,,,,"",""
ball,1,46.1,Bangladesh,Towhid Hridoy,Tanzim Hasan Sakib,Mohammed Shami,1,0,,,,,,"",""
ball,1,46.2,Bangladesh,Tanzim Hasan Sakib,Towhid Hridoy,Mohammed Shami,0,0,,,,,,bowled,Tanzim Hasan Sakib
ball,1,46.3,Bangladesh,Taskin Ahmed,Towhid Hridoy,Mohammed Shami,1,0,,,,,,"",""
ball,1,46.4,Bangladesh,Towhid Hridoy,Taskin Ahmed,Mohammed Shami,0,0,,,,,,"",""
ball,1,46.5,Bangladesh,Towhid Hridoy,Taskin Ahmed,Mohammed Shami,4,0,,,,,,"",""
ball,1,46.6,Bangladesh,Towhid Hridoy,Taskin Ahmed,Mohammed Shami,1,0,,,,,,"",""
ball,1,47.1,Bangladesh,Towhid Hridoy,Taskin Ahmed,Kuldeep Yadav,1,0,,,,,,"",""
ball,1,47.2,Bangladesh,Taskin Ahmed,Towhid Hridoy,Kuldeep Yadav,1,0,,,,,,"",""
ball,1,47.3,Bangladesh,Towhid Hridoy,Taskin Ahmed,Kuldeep Yadav,1,0,,,,,,"",""
ball,1,47.4,Bangladesh,Taskin Ahmed,Towhid Hridoy,Kuldeep Yadav,1,0,,,,,,"",""
ball,1,47.5,Bangladesh,Towhid Hridoy,Taskin Ahmed,Kuldeep Yadav,0,0,,,,,,"",""
ball,1,47.6,Bangladesh,Towhid Hridoy,Taskin Ahmed,Kuldeep Yadav,1,0,,,,,,"",""
ball,1,48.1,Bangladesh,Towhid Hridoy,Taskin Ahmed,Mohammed Shami,0,1,1,,,,,"",""
ball,1,48.2,Bangladesh,Towhid Hridoy,Taskin Ahmed,Mohammed Shami,1,0,,,,,,"",""
ball,1,48.3,Bangladesh,Taskin Ahmed,Towhid Hridoy,Mohammed Shami,0,0,,,,,,"",""
ball,1,48.4,Bangladesh,Taskin Ahmed,Towhid Hridoy,Mohammed Shami,0,0,,,,,,"",""
ball,1,48.5,Bangladesh,Taskin Ahmed,Towhid Hridoy,Mohammed Shami,0,0,,,,,,caught,Taskin Ahmed
ball,1,48.6,Bangladesh,Mustafizur Rahman,Towhid Hridoy,Mohammed Shami,0,0,,,,,,"",""
ball,1,48.7,Bangladesh,Mustafizur Rahman,Towhid Hridoy,Mohammed Shami,0,0,,,,,,"",""
ball,1,49.1,Bangladesh,Towhid Hridoy,Mustafizur Rahman,Harshit Rana,0,0,,,,,,"",""
ball,1,49.2,Bangladesh,Towhid Hridoy,Mustafizur Rahman,Harshit Rana,0,0,,,,,,"",""
ball,1,49.3,Bangladesh,Towhid Hridoy,Mustafizur Rahman,Harshit Rana,0,0,,,,,,"",""
ball,1,49.4,Bangladesh,Towhid Hridoy,Mustafizur Rahman,Harshit Rana,0,0,,,,,,caught,Towhid Hridoy
ball,2,0.1,India,RG Sharma,Shubman Gill,Taskin Ahmed,1,0,,,,,,"",""
ball,2,0.2,India,Shubman Gill,RG Sharma,Taskin Ahmed,0,0,,,,,,"",""
ball,2,0.3,India,Shubman Gill,RG Sharma,Taskin Ahmed,4,0,,,,,,"",""
ball,2,0.4,India,Shubman Gill,RG Sharma,Taskin Ahmed,0,0,,,,,,"",""
ball,2,0.5,India,Shubman Gill,RG Sharma,Taskin Ahmed,0,0,,,,,,"",""
ball,2,0.6,India,Shubman Gill,RG Sharma,Taskin Ahmed,0,0,,,,,,"",""
ball,2,1.1,India,RG Sharma,Shubman Gill,Mustafizur Rahman,0,0,,,,,,"",""
ball,2,1.2,India,RG Sharma,Shubman Gill,Mustafizur Rahman,0,0,,,,,,"",""
ball,2,1.3,India,RG Sharma,Shubman Gill,Mustafizur Rahman,0,0,,,,,,"",""
ball,2,1.4,India,RG Sharma,Shubman Gill,Mustafizur Rahman,0,0,,,,,,"",""
ball,2,1.5,India,RG Sharma,Shubman Gill,Mustafizur Rahman,0,0,,,,,,"",""
ball,2,1.6,India,RG Sharma,Shubman Gill,Mustafizur Rahman,1,0,,,,,,"",""
ball,2,2.1,India,RG Sharma,Shubman Gill,Taskin Ahmed,0,0,,,,,,"",""
ball,2,2.2,India,RG Sharma,Shubman Gill,Taskin Ahmed,1,0,,,,,,"",""
ball,2,2.3,India,Shubman Gill,RG Sharma,Taskin Ahmed,0,0,,,,,,"",""
ball,2,2.4,India,Shubman Gill,RG Sharma,Taskin Ahmed,0,0,,,,,,"",""
ball,2,2.5,India,Shubman Gill,RG Sharma,Taskin Ahmed,4,0,,,,,,"",""
ball,2,2.6,India,Shubman Gill,RG Sharma,Taskin Ahmed,0,0,,,,,,"",""
ball,2,3.1,India,RG Sharma,Shubman Gill,Mustafizur Rahman,4,0,,,,,,"",""
ball,2,3.2,India,RG Sharma,Shubman Gill,Mustafizur Rahman,0,0,,,,,,"",""
ball,2,3.3,India,RG Sharma,Shubman Gill,Mustafizur Rahman,0,0,,,,,,"",""
ball,2,3.4,India,RG Sharma,Shubman Gill,Mustafizur Rahman,2,0,,,,,,"",""
ball,2,3.5,India,RG Sharma,Shubman Gill,Mustafizur Rahman,4,0,,,,,,"",""
ball,2,3.6,India,RG Sharma,Shubman Gill,Mustafizur Rahman,1,0,,,,,,"",""
ball,2,4.1,India,RG Sharma,Shubman Gill,Taskin Ahmed,0,0,,,,,,"",""
ball,2,4.2,India,RG Sharma,Shubman Gill,Taskin Ahmed,0,0,,,,,,"",""
ball,2,4.3,India,RG Sharma,Shubman Gill,Taskin Ahmed,0,0,,,,,,"",""
ball,2,4.4,India,RG Sharma,Shubman Gill,Taskin Ahmed,1,0,,,,,,"",""
ball,2,4.5,India,Shubman Gill,RG Sharma,Taskin Ahmed,0,0,,,,,,"",""
ball,2,4.6,India,Shubman Gill,RG Sharma,Taskin Ahmed,0,0,,,,,,"",""
ball,2,5.1,India,RG Sharma,Shubman Gill,Mustafizur Rahman,0,0,,,,,,"",""
ball,2,5.2,India,RG Sharma,Shubman Gill,Mustafizur Rahman,4,0,,,,,,"",""
ball,2,5.3,India,RG Sharma,Shubman Gill,Mustafizur Rahman,4,0,,,,,,"",""
ball,2,5.4,India,RG Sharma,Shubman Gill,Mustafizur Rahman,0,0,,,,,,"",""
ball,2,5.5,India,RG Sharma,Shubman Gill,Mustafizur Rahman,4,0,,,,,,"",""
ball,2,5.6,India,RG Sharma,Shubman Gill,Mustafizur Rahman,0,0,,,,,,"",""
ball,2,6.1,India,Shubman Gill,RG Sharma,Taskin Ahmed,4,0,,,,,,"",""
ball,2,6.2,India,Shubman Gill,RG Sharma,Taskin Ahmed,0,0,,,,,,"",""
ball,2,6.3,India,Shubman Gill,RG Sharma,Taskin Ahmed,1,0,,,,,,"",""
ball,2,6.4,India,RG Sharma,Shubman Gill,Taskin Ahmed,0,0,,,,,,"",""
ball,2,6.5,India,RG Sharma,Shubman Gill,Taskin Ahmed,1,0,,,,,,"",""
ball,2,6.6,India,Shubman Gill,RG Sharma,Taskin Ahmed,0,0,,,,,,"",""
ball,2,7.1,India,RG Sharma,Shubman Gill,Mustafizur Rahman,0,0,,,,,,"",""
ball,2,7.2,India,RG Sharma,Shubman Gill,Mustafizur Rahman,4,0,,,,,,"",""
ball,2,7.3,India,RG Sharma,Shubman Gill,Mustafizur Rahman,1,0,,,,,,"",""
ball,2,7.4,India,Shubman Gill,RG Sharma,Mustafizur Rahman,0,0,,,,,,"",""
ball,2,7.5,India,Shubman Gill,RG Sharma,Mustafizur Rahman,1,0,,,,,,"",""
ball,2,7.6,India,RG Sharma,Shubman Gill,Mustafizur Rahman,4,0,,,,,,"",""
ball,2,8.1,India,Shubman Gill,RG Sharma,Tanzim Hasan Sakib,0,0,,,,,,"",""
ball,2,8.2,India,Shubman Gill,RG Sharma,Tanzim Hasan Sakib,2,0,,,,,,"",""
ball,2,8.3,India,Shubman Gill,RG Sharma,Tanzim Hasan Sakib,0,0,,,,,,"",""
ball,2,8.4,India,Shubman Gill,RG Sharma,Tanzim Hasan Sakib,0,1,1,,,,,"",""
ball,2,8.5,India,Shubman Gill,RG Sharma,Tanzim Hasan Sakib,6,0,,,,,,"",""
ball,2,8.6,India,Shubman Gill,RG Sharma,Tanzim Hasan Sakib,0,1,1,,,,,"",""
ball,2,8.7,India,Shubman Gill,RG Sharma,Tanzim Hasan Sakib,4,0,,,,,,"",""
ball,2,8.8,India,Shubman Gill,RG Sharma,Tanzim Hasan Sakib,0,0,,,,,,"",""
ball,2,9.1,India,RG Sharma,Shubman Gill,Taskin Ahmed,2,0,,,,,,"",""
ball,2,9.2,India,RG Sharma,Shubman Gill,Taskin Ahmed,2,0,,,,,,"",""
ball,2,9.3,India,RG Sharma,Shubman Gill,Taskin Ahmed,0,0,,,,,,"",""
ball,2,9.4,India,RG Sharma,Shubman Gill,Taskin Ahmed,0,0,,,,,,"",""
ball,2,9.5,India,RG Sharma,Shubman Gill,Taskin Ahmed,0,0,,,,,,caught,RG Sharma
ball,2,9.6,India,V Kohli,Shubman Gill,Taskin Ahmed,0,0,,,,,,"",""
ball,2,10.1,India,Shubman Gill,V Kohli,Tanzim Hasan Sakib,1,0,,,,,,"",""
ball,2,10.2,India,V Kohli,Shubman Gill,Tanzim Hasan Sakib,0,0,,,,,,"",""
ball,2,10.3,India,V Kohli,Shubman Gill,Tanzim Hasan Sakib,0,0,,,,,,"",""
ball,2,10.4,India,V Kohli,Shubman Gill,Tanzim Hasan Sakib,0,0,,,,,,"",""
ball,2,10.5,India,V Kohli,Shubman Gill,Tanzim Hasan Sakib,0,0,,,,,,"",""
ball,2,10.6,India,V Kohli,Shubman Gill,Tanzim Hasan Sakib,0,0,,,,,,"",""
ball,2,11.1,India,Shubman Gill,V Kohli,Mehedi Hasan Miraz,0,0,,,,,,"",""
ball,2,11.2,India,Shubman Gill,V Kohli,Mehedi Hasan Miraz,1,0,,,,,,"",""
ball,2,11.3,India,V Kohli,Shubman Gill,Mehedi Hasan Miraz,0,0,,,,,,"",""
ball,2,11.4,India,V Kohli,Shubman Gill,Mehedi Hasan Miraz,0,0,,,,,,"",""
ball,2,11.5,India,V Kohli,Shubman Gill,Mehedi Hasan Miraz,0,0,,,,,,"",""
ball,2,11.6,India,V Kohli,Shubman Gill,Mehedi Hasan Miraz,1,0,,,,,,"",""
ball,2,12.1,India,V Kohli,Shubman Gill,Tanzim Hasan Sakib,1,0,,,,,,"",""
ball,2,12.2,India,Shubman Gill,V Kohli,Tanzim Hasan Sakib,1,0,,,,,,"",""
ball,2,12.3,India,V Kohli,Shubman Gill,Tanzim Hasan Sakib,1,0,,,,,,"",""
ball,2,12.4,India,Shubman Gill,V Kohli,Tanzim Hasan Sakib,0,0,,,,,,"",""
ball,2,12.5,India,Shubman Gill,V Kohli,Tanzim Hasan Sakib,0,0,,,,,,"",""
ball,2,12.6,India,Shubman Gill,V Kohli,Tanzim Hasan Sakib,0,0,,,,,,"",""
ball,2,13.1,India,V Kohli,Shubman Gill,Mehedi Hasan Miraz,1,0,,,,,,"",""
ball,2,13.2,India,Shubman Gill,V Kohli,Mehedi Hasan Miraz,0,0,,,,,,"",""
ball,2,13.3,India,Shubman Gill,V Kohli,Mehedi Hasan Miraz,0,0,,,,,,"",""
ball,2,13.4,India,Shubman Gill,V Kohli,Mehedi Hasan Miraz,0,0,,,,,,"",""
ball,2,13.5,India,Shubman Gill,V Kohli,Mehedi Hasan Miraz,0,0,,,,,,"",""
ball,2,13.6,India,Shubman Gill,V Kohli,Mehedi Hasan Miraz,2,0,,,,,,"",""
ball,2,14.1,India,V Kohli,Shubman Gill,Tanzim Hasan Sakib,1,0,,,,,,"",""
ball,2,14.2,India,Shubman Gill,V Kohli,Tanzim Hasan Sakib,4,0,,,,,,"",""
ball,2,14.3,India,Shubman Gill,V Kohli,Tanzim Hasan Sakib,0,0,,,,,,"",""
ball,2,14.4,India,Shubman Gill,V Kohli,Tanzim Hasan Sakib,0,0,,,,,,"",""
ball,2,14.5,India,Shubman Gill,V Kohli,Tanzim Hasan Sakib,1,0,,,,,,"",""
ball,2,14.6,India,V Kohli,Shubman Gill,Tanzim Hasan Sakib,0,0,,,,,,"",""
ball,2,15.1,India,Shubman Gill,V Kohli,Mehedi Hasan Miraz,1,0,,,,,,"",""
ball,2,15.2,India,V Kohli,Shubman Gill,Mehedi Hasan Miraz,0,0,,,,,,"",""
ball,2,15.3,India,V Kohli,Shubman Gill,Mehedi Hasan Miraz,1,0,,,,,,"",""
ball,2,15.4,India,Shubman Gill,V Kohli,Mehedi Hasan Miraz,0,0,,,,,,"",""
ball,2,15.5,India,Shubman Gill,V Kohli,Mehedi Hasan Miraz,1,0,,,,,,"",""
ball,2,15.6,India,V Kohli,Shubman Gill,Mehedi Hasan Miraz,1,0,,,,,,"",""
ball,2,16.1,India,V Kohli,Shubman Gill,Rishad Hossain,0,0,,,,,,"",""
ball,2,16.2,India,V Kohli,Shubman Gill,Rishad Hossain,1,0,,,,,,"",""
ball,2,16.3,India,Shubman Gill,V Kohli,Rishad Hossain,0,0,,,,,,"",""
ball,2,16.4,India,Shubman Gill,V Kohli,Rishad Hossain,1,0,,,,,,"",""
ball,2,16.5,India,V Kohli,Shubman Gill,Rishad Hossain,1,0,,,,,,"",""
ball,2,16.6,India,Shubman Gill,V Kohli,Rishad Hossain,0,0,,,,,,"",""
ball,2,17.1,India,V Kohli,Shubman Gill,Mehedi Hasan Miraz,1,0,,,,,,"",""
ball,2,17.2,India,Shubman Gill,V Kohli,Mehedi Hasan Miraz,1,0,,,,,,"",""
ball,2,17.3,India,V Kohli,Shubman Gill,Mehedi Hasan Miraz,0,0,,,,,,"",""
ball,2,17.4,India,V Kohli,Shubman Gill,Mehedi Hasan Miraz,0,0,,,,,,"",""
ball,2,17.5,India,V Kohli,Shubman Gill,Mehedi Hasan Miraz,1,0,,,,,,"",""
ball,2,17.6,India,Shubman Gill,V Kohli,Mehedi Hasan Miraz,0,0,,,,,,"",""
ball,2,18.1,India,V Kohli,Shubman Gill,Rishad Hossain,0,0,,,,,,"",""
ball,2,18.2,India,V Kohli,Shubman Gill,Rishad Hossain,0,0,,,,,,"",""
ball,2,18.3,India,V Kohli,Shubman Gill,Rishad Hossain,1,0,,,,,,"",""
ball,2,18.4,India,Shubman Gill,V Kohli,Rishad Hossain,1,0,,,,,,"",""
ball,2,18.5,India,V Kohli,Shubman Gill,Rishad Hossain,1,0,,,,,,"",""
ball,2,18.6,India,Shubman Gill,V Kohli,Rishad Hossain,0,0,,,,,,"",""
ball,2,19.1,India,V Kohli,Shubman Gill,Mehedi Hasan Miraz,0,0,,,,,,"",""
ball,2,19.2,India,V Kohli,Shubman Gill,Mehedi Hasan Miraz,1,0,,,,,,"",""
ball,2,19.3,India,Shubman Gill,V Kohli,Mehedi Hasan Miraz,0,0,,,,,,"",""
ball,2,19.4,India,Shubman Gill,V Kohli,Mehedi Hasan Miraz,0,0,,,,,,"",""
ball,2,19.5,India,Shubman Gill,V Kohli,Mehedi Hasan Miraz,1,0,,,,,,"",""
ball,2,19.6,India,V Kohli,Shubman Gill,Mehedi Hasan Miraz,2,0,,,,,,"",""
ball,2,20.1,India,Shubman Gill,V Kohli,Rishad Hossain,0,0,,,,,,"",""
ball,2,20.2,India,Shubman Gill,V Kohli,Rishad Hossain,1,0,,,,,,"",""
ball,2,20.3,India,V Kohli,Shubman Gill,Rishad Hossain,1,0,,,,,,"",""
ball,2,20.4,India,Shubman Gill,V Kohli,Rishad Hossain,0,0,,,,,,"",""
ball,2,20.5,India,Shubman Gill,V Kohli,Rishad Hossain,0,0,,,,,,"",""
ball,2,20.6,India,Shubman Gill,V Kohli,Rishad Hossain,1,0,,,,,,"",""
ball,2,21.1,India,Shubman Gill,V Kohli,Mehedi Hasan Miraz,1,0,,,,,,"",""
ball,2,21.2,India,V Kohli,Shubman Gill,Mehedi Hasan Miraz,1,0,,,,,,"",""
ball,2,21.3,India,Shubman Gill,V Kohli,Mehedi Hasan Miraz,0,0,,,,,,"",""
ball,2,21.4,India,Shubman Gill,V Kohli,Mehedi Hasan Miraz,0,0,,,,,,"",""
ball,2,21.5,India,Shubman Gill,V Kohli,Mehedi Hasan Miraz,1,0,,,,,,"",""
ball,2,21.6,India,V Kohli,Shubman Gill,Mehedi Hasan Miraz,4,0,,,,,,"",""
ball,2,22.1,India,Shubman Gill,V Kohli,Rishad Hossain,1,0,,,,,,"",""
ball,2,22.2,India,V Kohli,Shubman Gill,Rishad Hossain,0,0,,,,,,"",""
ball,2,22.3,India,V Kohli,Shubman Gill,Rishad Hossain,0,0,,,,,,"",""
ball,2,22.4,India,V Kohli,Shubman Gill,Rishad Hossain,0,0,,,,,,caught,V Kohli
ball,2,22.5,India,SS Iyer,Shubman Gill,Rishad Hossain,0,0,,,,,,"",""
ball,2,22.6,India,SS Iyer,Shubman Gill,Rishad Hossain,0,0,,,,,,"",""
ball,2,23.1,India,Shubman Gill,SS Iyer,Mustafizur Rahman,0,0,,,,,,"",""
ball,2,23.2,India,Shubman Gill,SS Iyer,Mustafizur Rahman,0,0,,,,,,"",""
ball,2,23.3,India,Shubman Gill,SS Iyer,Mustafizur Rahman,0,0,,,,,,"",""
ball,2,23.4,India,Shubman Gill,SS Iyer,Mustafizur Rahman,1,0,,,,,,"",""
ball,2,23.5,India,SS Iyer,Shubman Gill,Mustafizur Rahman,4,0,,,,,,"",""
ball,2,23.6,India,SS Iyer,Shubman Gill,Mustafizur Rahman,1,0,,,,,,"",""
ball,2,24.1,India,SS Iyer,Shubman Gill,Rishad Hossain,0,0,,,,,,"",""
ball,2,24.2,India,SS Iyer,Shubman Gill,Rishad Hossain,1,0,,,,,,"",""
ball,2,24.3,India,Shubman Gill,SS Iyer,Rishad Hossain,1,0,,,,,,"",""
ball,2,24.4,India,SS Iyer,Shubman Gill,Rishad Hossain,1,0,,,,,,"",""
ball,2,24.5,India,Shubman Gill,SS Iyer,Rishad Hossain,0,0,,,,,,"",""
ball,2,24.6,India,Shubman Gill,SS Iyer,Rishad Hossain,1,0,,,,,,"",""
ball,2,25.1,India,Shubman Gill,SS Iyer,Mustafizur Rahman,0,0,,,,,,"",""
ball,2,25.2,India,Shubman Gill,SS Iyer,Mustafizur Rahman,0,0,,,,,,"",""
ball,2,25.3,India,Shubman Gill,SS Iyer,Mustafizur Rahman,0,0,,,,,,"",""
ball,2,25.4,India,Shubman Gill,SS Iyer,Mustafizur Rahman,1,0,,,,,,"",""
ball,2,25.5,India,SS Iyer,Shubman Gill,Mustafizur Rahman,0,0,,,,,,"",""
ball,2,25.6,India,SS Iyer,Shubman Gill,Mustafizur Rahman,1,0,,,,,,"",""
ball,2,26.1,India,SS Iyer,Shubman Gill,Rishad Hossain,0,0,,,,,,"",""
ball,2,26.2,India,SS Iyer,Shubman Gill,Rishad Hossain,0,0,,,,,,"",""
ball,2,26.3,India,SS Iyer,Shubman Gill,Rishad Hossain,0,0,,,,,,"",""
ball,2,26.4,India,SS Iyer,Shubman Gill,Rishad Hossain,1,0,,,,,,"",""
ball,2,26.5,India,Shubman Gill,SS Iyer,Rishad Hossain,1,0,,,,,,"",""
ball,2,26.6,India,SS Iyer,Shubman Gill,Rishad Hossain,0,0,,,,,,"",""
ball,2,27.1,India,Shubman Gill,SS Iyer,Mustafizur Rahman,1,0,,,,,,"",""
ball,2,27.2,India,SS Iyer,Shubman Gill,Mustafizur Rahman,2,0,,,,,,"",""
ball,2,27.3,India,SS Iyer,Shubman Gill,Mustafizur Rahman,4,0,,,,,,"",""
ball,2,27.4,India,SS Iyer,Shubman Gill,Mustafizur Rahman,0,0,,,,,,caught,SS Iyer
ball,2,27.5,India,AR Patel,Shubman Gill,Mustafizur Rahman,0,0,,,,,,"",""
ball,2,27.6,India,AR Patel,Shubman Gill,Mustafizur Rahman,1,0,,,,,,"",""
ball,2,28.1,India,AR Patel,Shubman Gill,Rishad Hossain,0,0,,,,,,"",""
ball,2,28.2,India,AR Patel,Shubman Gill,Rishad Hossain,0,0,,,,,,"",""
ball,2,28.3,India,AR Patel,Shubman Gill,Rishad Hossain,1,0,,,,,,"",""
ball,2,28.4,India,Shubman Gill,AR Patel,Rishad Hossain,1,0,,,,,,"",""
ball,2,28.5,India,AR Patel,Shubman Gill,Rishad Hossain,1,0,,,,,,"",""
ball,2,28.6,India,Shubman Gill,AR Patel,Rishad Hossain,1,0,,,,,,"",""
ball,2,29.1,India,Shubman Gill,AR Patel,Tanzim Hasan Sakib,1,0,,,,,,"",""
ball,2,29.2,India,AR Patel,Shubman Gill,Tanzim Hasan Sakib,0,0,,,,,,"",""
ball,2,29.3,India,AR Patel,Shubman Gill,Tanzim Hasan Sakib,0,0,,,,,,"",""
ball,2,29.4,India,AR Patel,Shubman Gill,Tanzim Hasan Sakib,0,0,,,,,,"",""
ball,2,29.5,India,AR Patel,Shubman Gill,Tanzim Hasan Sakib,4,0,,,,,,"",""
ball,2,29.6,India,AR Patel,Shubman Gill,Tanzim Hasan Sakib,1,0,,,,,,"",""
ball,2,30.1,India,AR Patel,Shubman Gill,Rishad Hossain,0,0,,,,,,caught and bowled,AR Patel
ball,2,30.2,India,KL Rahul,Shubman Gill,Rishad Hossain,0,0,,,,,,"",""
ball,2,30.3,India,KL Rahul,Shubman Gill,Rishad Hossain,0,0,,,,,,"",""
ball,2,30.4,India,KL Rahul,Shubman Gill,Rishad Hossain,0,0,,,,,,"",""
ball,2,30.5,India,KL Rahul,Shubman Gill,Rishad Hossain,0,0,,,,,,"",""
ball,2,30.6,India,KL Rahul,Shubman Gill,Rishad Hossain,1,0,,,,,,"",""
ball,2,31.1,India,KL Rahul,Shubman Gill,Tanzim Hasan Sakib,0,0,,,,,,"",""
ball,2,31.2,India,KL Rahul,Shubman Gill,Tanzim Hasan Sakib,1,0,,,,,,"",""
ball,2,31.3,India,Shubman Gill,KL Rahul,Tanzim Hasan Sakib,4,0,,,,,,"",""
ball,2,31.4,India,Shubman Gill,KL Rahul,Tanzim Hasan Sakib,0,0,,,,,,"",""
ball,2,31.5,India,Shubman Gill,KL Rahul,Tanzim Hasan Sakib,0,0,,,,,,"",""
ball,2,31.6,India,Shubman Gill,KL Rahul,Tanzim Hasan Sakib,1,0,,,,,,"",""
ball,2,32.1,India,Shubman Gill,KL Rahul,Taskin Ahmed,0,0,,,,,,"",""
ball,2,32.2,India,Shubman Gill,KL Rahul,Taskin Ahmed,1,0,,,,,,"",""
ball,2,32.3,India,KL Rahul,Shubman Gill,Taskin Ahmed,0,0,,,,,,"",""
ball,2,32.4,India,KL Rahul,Shubman Gill,Taskin Ahmed,1,0,,,,,,"",""
ball,2,32.5,India,Shubman Gill,KL Rahul,Taskin Ahmed,0,0,,,,,,"",""
ball,2,32.6,India,Shubman Gill,KL Rahul,Taskin Ahmed,1,0,,,,,,"",""
ball,2,33.1,India,Shubman Gill,KL Rahul,Mehedi Hasan Miraz,0,0,,,,,,"",""
ball,2,33.2,India,Shubman Gill,KL Rahul,Mehedi Hasan Miraz,0,0,,,,,,"",""
ball,2,33.3,India,Shubman Gill,KL Rahul,Mehedi Hasan Miraz,1,0,,,,,,"",""
ball,2,33.4,India,KL Rahul,Shubman Gill,Mehedi Hasan Miraz,1,0,,,,,,"",""
ball,2,33.5,India,Shubman Gill,KL Rahul,Mehedi Hasan Miraz,1,0,,,,,,"",""
ball,2,33.6,India,KL Rahul,Shubman Gill,Mehedi Hasan Miraz,1,0,,,,,,"",""
ball,2,34.1,India,KL Rahul,Shubman Gill,Taskin Ahmed,0,0,,,,,,"",""
ball,2,34.2,India,KL Rahul,Shubman Gill,Taskin Ahmed,1,0,,,,,,"",""
ball,2,34.3,India,Shubman Gill,KL Rahul,Taskin Ahmed,0,0,,,,,,"",""
ball,2,34.4,India,Shubman Gill,KL Rahul,Taskin Ahmed,1,0,,,,,,"",""
ball,2,34.5,India,KL Rahul,Shubman Gill,Taskin Ahmed,1,0,,,,,,"",""
ball,2,34.6,India,Shubman Gill,KL Rahul,Taskin Ahmed,0,0,,,,,,"",""
ball,2,35.1,India,KL Rahul,Shubman Gill,Mehedi Hasan Miraz,1,0,,,,,,"",""
ball,2,35.2,India,Shubman Gill,KL Rahul,Mehedi Hasan Miraz,1,0,,,,,,"",""
ball,2,35.3,India,KL Rahul,Shubman Gill,Mehedi Hasan Miraz,0,0,,,,,,"",""
ball,2,35.4,India,KL Rahul,Shubman Gill,Mehedi Hasan Miraz,1,0,,,,,,"",""
ball,2,35.5,India,Shubman Gill,KL Rahul,Mehedi Hasan Miraz,1,0,,,,,,"",""
ball,2,35.6,India,KL Rahul,Shubman Gill,Mehedi Hasan Miraz,0,0,,,,,,"",""
ball,2,36.1,India,Shubman Gill,KL Rahul,Taskin Ahmed,1,0,,,,,,"",""
ball,2,36.2,India,KL Rahul,Shubman Gill,Taskin Ahmed,0,0,,,,,,"",""
ball,2,36.3,India,KL Rahul,Shubman Gill,Taskin Ahmed,1,0,,,,,,"",""
ball,2,36.4,India,Shubman Gill,KL Rahul,Taskin Ahmed,4,0,,,,,,"",""
ball,2,36.5,India,Shubman Gill,KL Rahul,Taskin Ahmed,1,0,,,,,,"",""
ball,2,36.6,India,KL Rahul,Shubman Gill,Taskin Ahmed,0,0,,,,,,"",""
ball,2,37.1,India,Shubman Gill,KL Rahul,Mehedi Hasan Miraz,0,0,,,,,,"",""
ball,2,37.2,India,Shubman Gill,KL Rahul,Mehedi Hasan Miraz,1,0,,,,,,"",""
ball,2,37.3,India,KL Rahul,Shubman Gill,Mehedi Hasan Miraz,1,0,,,,,,"",""
ball,2,37.4,India,Shubman Gill,KL Rahul,Mehedi Hasan Miraz,0,0,,,,,,"",""
ball,2,37.5,India,Shubman Gill,KL Rahul,Mehedi Hasan Miraz,1,0,,,,,,"",""
ball,2,37.6,India,KL Rahul,Shubman Gill,Mehedi Hasan Miraz,0,0,,,,,,"",""
ball,2,38.1,India,Shubman Gill,KL Rahul,Rishad Hossain,1,0,,,,,,"",""
ball,2,38.2,India,KL Rahul,Shubman Gill,Rishad Hossain,6,0,,,,,,"",""
ball,2,38.3,India,KL Rahul,Shubman Gill,Rishad Hossain,2,0,,,,,,"",""
ball,2,38.4,India,KL Rahul,Shubman Gill,Rishad Hossain,0,0,,,,,,"",""
ball,2,38.5,India,KL Rahul,Shubman Gill,Rishad Hossain,1,0,,,,,,"",""
ball,2,38.6,India,Shubman Gill,KL Rahul,Rishad Hossain,1,0,,,,,,"",""
ball,2,39.1,India,Shubman Gill,KL Rahul,Mehedi Hasan Miraz,1,0,,,,,,"",""
ball,2,39.2,India,KL Rahul,Shubman Gill,Mehedi Hasan Miraz,1,0,,,,,,"",""
ball,2,39.3,India,Shubman Gill,KL Rahul,Mehedi Hasan Miraz,0,0,,,,,,"",""
ball,2,39.4,India,Shubman Gill,KL Rahul,Mehedi Hasan Miraz,0,0,,,,,,"",""
ball,2,39.5,India,Shubman Gill,KL Rahul,Mehedi Hasan Miraz,1,0,,,,,,"",""
ball,2,39.6,India,KL Rahul,Shubman Gill,Mehedi Hasan Miraz,0,0,,,,,,"",""
ball,2,40.1,India,Shubman Gill,KL Rahul,Rishad Hossain,0,0,,,,,,"",""
ball,2,40.2,India,Shubman Gill,KL Rahul,Rishad Hossain,1,0,,,,,,"",""
ball,2,40.3,India,KL Rahul,Shubman Gill,Rishad Hossain,0,0,,,,,,"",""
ball,2,40.4,India,KL Rahul,Shubman Gill,Rishad Hossain,1,0,,,,,,"",""
ball,2,40.5,India,Shubman Gill,KL Rahul,Rishad Hossain,0,0,,,,,,"",""
ball,2,40.6,India,Shubman Gill,KL Rahul,Rishad Hossain,4,0,,,,,,"",""
ball,2,41.1,India,KL Rahul,Shubman Gill,Mustafizur Rahman,0,0,,,,,,"",""
ball,2,41.2,India,KL Rahul,Shubman Gill,Mustafizur Rahman,0,0,,,,,,"",""
ball,2,41.3,India,KL Rahul,Shubman Gill,Mustafizur Rahman,2,0,,,,,,"",""
ball,2,41.4,India,KL Rahul,Shubman Gill,Mustafizur Rahman,1,0,,,,,,"",""
ball,2,41.5,India,Shubman Gill,KL Rahul,Mustafizur Rahman,0,0,,,,,,"",""
ball,2,41.6,India,Shubman Gill,KL Rahul,Mustafizur Rahman,0,0,,,,,,"",""
ball,2,42.1,India,KL Rahul,Shubman Gill,Tanzim Hasan Sakib,1,0,,,,,,"",""
ball,2,42.2,India,Shubman Gill,KL Rahul,Tanzim Hasan Sakib,0,0,,,,,,"",""
ball,2,42.3,India,Shubman Gill,KL Rahul,Tanzim Hasan Sakib,1,0,,,,,,"",""
ball,2,42.4,India,KL Rahul,Shubman Gill,Tanzim Hasan Sakib,0,0,,,,,,"",""
ball,2,42.5,India,KL Rahul,Shubman Gill,Tanzim Hasan Sakib,0,0,,,,,,"",""
ball,2,42.6,India,KL Rahul,Shubman Gill,Tanzim Hasan Sakib,1,0,,,,,,"",""
ball,2,43.1,India,KL Rahul,Shubman Gill,Mustafizur Rahman,1,0,,,,,,"",""
ball,2,43.2,India,Shubman Gill,KL Rahul,Mustafizur Rahman,1,0,,,,,,"",""
ball,2,43.3,India,KL Rahul,Shubman Gill,Mustafizur Rahman,4,0,,,,,,"",""
ball,2,43.4,India,KL Rahul,Shubman Gill,Mustafizur Rahman,0,0,,,,,,"",""
ball,2,43.5,India,KL Rahul,Shubman Gill,Mustafizur Rahman,1,0,,,,,,"",""
ball,2,43.6,India,Shubman Gill,KL Rahul,Mustafizur Rahman,0,1,1,,,,,"",""
ball,2,43.7,India,Shubman Gill,KL Rahul,Mustafizur Rahman,1,0,,,,,,"",""
ball,2,44.1,India,Shubman Gill,KL Rahul,Tanzim Hasan Sakib,0,0,,,,,,"",""
ball,2,44.2,India,Shubman Gill,KL Rahul,Tanzim Hasan Sakib,6,0,,,,,,"",""
ball,2,44.3,India,Shubman Gill,KL Rahul,Tanzim Hasan Sakib,0,0,,,,,,"",""
ball,2,44.4,India,Shubman Gill,KL Rahul,Tanzim Hasan Sakib,4,0,,,,,,"",""
ball,2,44.5,India,Shubman Gill,KL Rahul,Tanzim Hasan Sakib,1,0,,,,,,"",""
ball,2,44.6,India,KL Rahul,Shubman Gill,Tanzim Hasan Sakib,0,0,,,,,,"",""
ball,2,45.1,India,Shubman Gill,KL Rahul,Taskin Ahmed,0,0,,,,,,"",""
ball,2,45.2,India,Shubman Gill,KL Rahul,Taskin Ahmed,1,0,,,,,,"",""
ball,2,45.3,India,KL Rahul,Shubman Gill,Taskin Ahmed,1,0,,,,,,"",""
ball,2,45.4,India,Shubman Gill,KL Rahul,Taskin Ahmed,0,0,,,,,,"",""
ball,2,45.5,India,Shubman Gill,KL Rahul,Taskin Ahmed,0,0,,,,,,"",""
ball,2,45.6,India,Shubman Gill,KL Rahul,Taskin Ahmed,0,0,,,,,,"",""
ball,2,46.1,India,KL Rahul,Shubman Gill,Tanzim Hasan Sakib,1,0,,,,,,"",""
ball,2,46.2,India,Shubman Gill,KL Rahul,Tanzim Hasan Sakib,1,0,,,,,,"",""
ball,2,46.3,India,KL Rahul,Shubman Gill,Tanzim Hasan Sakib,6,0,,,,,,"",""
