version,1.7.0
info,balls_per_over,6
info,team,Bahrain
info,team,Indonesia
info,gender,male
info,season,2024/25
info,date,2025/02/23
info,event,Bahrain tour of Indonesia
info,match_number,4
info,venue,Udayana Cricket Ground
info,city,Bali
info,toss_winner,Indonesia
info,toss_decision,field
info,player_of_match,Fiaz Ahmed
info,umpire,Suresh Subramanian
info,umpire,Yousuf Wadu
info,winner,Bahrain
info,winner_runs,112
info,player,Bahrain,Fiaz Ahmed
info,player,Bahrain,P Kurup
info,player,Bahrain,Sohail Ahmed
info,player,Bahrain,Ahmer Bin Nisar
info,player,Bahrain,Junaid Aziz
info,player,Bahrain,Ubaid Minhas
info,player,Bahrain,Rizwan Butt
info,player,Bahrain,Asif Shaikh
info,player,Bahrain,Abdul Majid Abbasi
info,player,Bahrain,Imran Khan
info,player,Bahrain,Ali Dawood
info,player,Indonesia,KD Kesuma
info,player,Indonesia,Gaurav Tiwari
info,player,Indonesia,Ashish Gupta
info,player,Indonesia,KC Ramamoorthy
info,player,Indonesia,PR Surve
info,player,Indonesia,IK Gamantika
info,player,Indonesia,Ahmad Ramdoni
info,player,Indonesia,DJ Hawoe
info,player,Indonesia,IKEG Artawan
info,player,Indonesia,RM Koda
info,player,Indonesia,F Banunaek
info,registry,people,Abdul Majid Abbasi,0cfb42b5
info,registry,people,Ahmad Ramdoni,b5f30525
info,registry,people,Ahmer Bin Nisar,afbc53ba
info,registry,people,Ali Dawood,596982e6
info,registry,people,Ashish Gupta,552518ea
info,registry,people,Asif Shaikh,231daa19
info,registry,people,DJ Hawoe,a62f55ba
info,registry,people,F Banunaek,3c8faed4
info,registry,people,Fiaz Ahmed,df1f2f29
info,registry,people,Gaurav Tiwari,cab3f89a
info,registry,people,IK Gamantika,4d7c5b56
info,registry,people,IKEG Artawan,190957d2
info,registry,people,Imran Khan,da3b91fd
info,registry,people,Junaid Aziz,c39ee9e0
info,registry,people,KC Ramamoorthy,a89c270b
info,registry,people,KD Kesuma,4b349dc0
info,registry,people,P Kurup,50ceaef6
info,registry,people,PR Surve,206efeb1
info,registry,people,RM Koda,f0a45427
info,registry,people,Rizwan Butt,e741ed8f
info,registry,people,Sohail Ahmed,4db71b2e
info,registry,people,Suresh Subramanian,4e869e23
info,registry,people,Ubaid Minhas,87493f1d
info,registry,people,Yousuf Wadu,cf41005c
ball,1,0.1,Bahrain,Fiaz Ahmed,P Kurup,RM Koda,0,0,,,,,,"",""
ball,1,0.2,Bahrain,Fiaz Ahmed,P Kurup,RM Koda,1,0,,,,,,"",""
ball,1,0.3,Bahrain,P Kurup,Fiaz Ahmed,RM Koda,0,0,,,,,,"",""
ball,1,0.4,Bahrain,P Kurup,Fiaz Ahmed,RM Koda,0,0,,,,,,"",""
ball,1,0.5,Bahrain,P Kurup,Fiaz Ahmed,RM Koda,2,0,,,,,,"",""
ball,1,0.6,Bahrain,P Kurup,Fiaz Ahmed,RM Koda,1,0,,,,,,"",""
ball,1,1.1,Bahrain,P Kurup,Fiaz Ahmed,F Banunaek,1,0,,,,,,"",""
ball,1,1.2,Bahrain,Fiaz Ahmed,P Kurup,F Banunaek,2,0,,,,,,"",""
ball,1,1.3,Bahrain,Fiaz Ahmed,P Kurup,F Banunaek,4,0,,,,,,"",""
ball,1,1.4,Bahrain,Fiaz Ahmed,P Kurup,F Banunaek,1,0,,,,,,"",""
ball,1,1.5,Bahrain,P Kurup,Fiaz Ahmed,F Banunaek,0,1,1,,,,,"",""
ball,1,1.6,Bahrain,P Kurup,Fiaz Ahmed,F Banunaek,1,0,,,,,,"",""
ball,1,1.7,Bahrain,Fiaz Ahmed,P Kurup,F Banunaek,1,0,,,,,,"",""
ball,1,2.1,Bahrain,Fiaz Ahmed,P Kurup,RM Koda,4,0,,,,,,"",""
ball,1,2.2,Bahrain,Fiaz Ahmed,P Kurup,RM Koda,0,0,,,,,,"",""
ball,1,2.3,Bahrain,Fiaz Ahmed,P Kurup,RM Koda,0,0,,,,,,"",""
ball,1,2.4,Bahrain,Fiaz Ahmed,P Kurup,RM Koda,1,0,,,,,,"",""
ball,1,2.5,Bahrain,P Kurup,Fiaz Ahmed,RM Koda,0,0,,,,,,"",""
ball,1,2.6,Bahrain,P Kurup,Fiaz Ahmed,RM Koda,0,0,,,,,,"",""
ball,1,3.1,Bahrain,Fiaz Ahmed,P Kurup,F Banunaek,0,0,,,,,,"",""
ball,1,3.2,Bahrain,Fiaz Ahmed,P Kurup,F Banunaek,4,0,,,,,,"",""
ball,1,3.3,Bahrain,Fiaz Ahmed,P Kurup,F Banunaek,0,0,,,,,,"",""
ball,1,3.4,Bahrain,Fiaz Ahmed,P Kurup,F Banunaek,1,0,,,,,,"",""
ball,1,3.5,Bahrain,P Kurup,Fiaz Ahmed,F Banunaek,1,0,,,,,,"",""
ball,1,3.6,Bahrain,Fiaz Ahmed,P Kurup,F Banunaek,6,0,,,,,,"",""
ball,1,4.1,Bahrain,P Kurup,Fiaz Ahmed,RM Koda,4,0,,,,,,"",""
ball,1,4.2,Bahrain,P Kurup,Fiaz Ahmed,RM Koda,6,0,,,,,,"",""
ball,1,4.3,Bahrain,P Kurup,Fiaz Ahmed,RM Koda,0,0,,,,,,"",""
ball,1,4.4,Bahrain,P Kurup,Fiaz Ahmed,RM Koda,1,0,,,,,,"",""
ball,1,4.5,Bahrain,Fiaz Ahmed,P Kurup,RM Koda,0,0,,,,,,"",""
ball,1,4.6,Bahrain,Fiaz Ahmed,P Kurup,RM Koda,1,0,,,,,,"",""
ball,1,5.1,Bahrain,Fiaz Ahmed,P Kurup,DJ Hawoe,1,0,,,,,,"",""
ball,1,5.2,Bahrain,P Kurup,Fiaz Ahmed,DJ Hawoe,4,0,,,,,,"",""
ball,1,5.3,Bahrain,P Kurup,Fiaz Ahmed,DJ Hawoe,0,0,,,,,,"",""
ball,1,5.4,Bahrain,P Kurup,Fiaz Ahmed,DJ Hawoe,0,0,,,,,,"",""
ball,1,5.5,Bahrain,P Kurup,Fiaz Ahmed,DJ Hawoe,6,0,,,,,,"",""
ball,1,5.6,Bahrain,P Kurup,Fiaz Ahmed,DJ Hawoe,4,0,,,,,,"",""
ball,1,6.1,Bahrain,Fiaz Ahmed,P Kurup,IKEG Artawan,1,0,,,,,,"",""
ball,1,6.2,Bahrain,P Kurup,Fiaz Ahmed,IKEG Artawan,0,0,,,,,,caught,P Kurup
ball,1,6.3,Bahrain,Sohail Ahmed,Fiaz Ahmed,IKEG Artawan,1,0,,,,,,"",""
ball,1,6.4,Bahrain,Fiaz Ahmed,Sohail Ahmed,IKEG Artawan,0,0,,,,,,"",""
ball,1,6.5,Bahrain,Fiaz Ahmed,Sohail Ahmed,IKEG Artawan,4,0,,,,,,"",""
ball,1,6.6,Bahrain,Fiaz Ahmed,Sohail Ahmed,IKEG Artawan,2,0,,,,,,"",""
ball,1,7.1,Bahrain,Sohail Ahmed,Fiaz Ahmed,Gaurav Tiwari,2,0,,,,,,"",""
ball,1,7.2,Bahrain,Sohail Ahmed,Fiaz Ahmed,Gaurav Tiwari,0,0,,,,,,"",""
ball,1,7.3,Bahrain,Sohail Ahmed,Fiaz Ahmed,Gaurav Tiwari,0,0,,,,,,"",""
ball,1,7.4,Bahrain,Sohail Ahmed,Fiaz Ahmed,Gaurav Tiwari,1,0,,,,,,"",""
ball,1,7.5,Bahrain,Fiaz Ahmed,Sohail Ahmed,Gaurav Tiwari,6,0,,,,,,"",""
ball,1,7.6,Bahrain,Fiaz Ahmed,Sohail Ahmed,Gaurav Tiwari,1,0,,,,,,"",""
ball,1,8.1,Bahrain,Fiaz Ahmed,Sohail Ahmed,IKEG Artawan,1,0,,,,,,"",""
ball,1,8.2,Bahrain,Sohail Ahmed,Fiaz Ahmed,IKEG Artawan,1,0,,,,,,"",""
ball,1,8.3,Bahrain,Fiaz Ahmed,Sohail Ahmed,IKEG Artawan,0,0,,,,,,"",""
ball,1,8.4,Bahrain,Fiaz Ahmed,Sohail Ahmed,IKEG Artawan,1,0,,,,,,"",""
ball,1,8.5,Bahrain,Sohail Ahmed,Fiaz Ahmed,IKEG Artawan,0,0,,,,,,"",""
ball,1,8.6,Bahrain,Sohail Ahmed,Fiaz Ahmed,IKEG Artawan,1,0,,,,,,"",""
ball,1,9.1,Bahrain,Sohail Ahmed,Fiaz Ahmed,Gaurav Tiwari,0,0,,,,,,"",""
ball,1,9.2,Bahrain,Sohail Ahmed,Fiaz Ahmed,Gaurav Tiwari,1,0,,,,,,"",""
ball,1,9.3,Bahrain,Fiaz Ahmed,Sohail Ahmed,Gaurav Tiwari,1,0,,,,,,"",""
ball,1,9.4,Bahrain,Sohail Ahmed,Fiaz Ahmed,Gaurav Tiwari,0,0,,,,,,"",""
ball,1,9.5,Bahrain,Sohail Ahmed,Fiaz Ahmed,Gaurav Tiwari,1,0,,,,,,"",""
ball,1,9.6,Bahrain,Fiaz Ahmed,Sohail Ahmed,Gaurav Tiwari,6,0,,,,,,"",""
ball,1,10.1,Bahrain,Sohail Ahmed,Fiaz Ahmed,IKEG Artawan,0,0,,,,,,"",""
ball,1,10.2,Bahrain,Sohail Ahmed,Fiaz Ahmed,IKEG Artawan,1,0,,,,,,"",""
ball,1,10.3,Bahrain,Fiaz Ahmed,Sohail Ahmed,IKEG Artawan,6,0,,,,,,"",""
ball,1,10.4,Bahrain,Fiaz Ahmed,Sohail Ahmed,IKEG Artawan,0,0,,,,,,"",""
ball,1,10.5,Bahrain,Fiaz Ahmed,Sohail Ahmed,IKEG Artawan,6,0,,,,,,"",""
ball,1,10.6,Bahrain,Fiaz Ahmed,Sohail Ahmed,IKEG Artawan,1,0,,,,,,"",""
ball,1,11.1,Bahrain,Fiaz Ahmed,Sohail Ahmed,Gaurav Tiwari,6,0,,,,,,"",""
ball,1,11.2,Bahrain,Fiaz Ahmed,Sohail Ahmed,Gaurav Tiwari,0,0,,,,,,"",""
ball,1,11.3,Bahrain,Fiaz Ahmed,Sohail Ahmed,Gaurav Tiwari,1,0,,,,,,"",""
ball,1,11.4,Bahrain,Sohail Ahmed,Fiaz Ahmed,Gaurav Tiwari,0,0,,,,,,"",""
ball,1,11.5,Bahrain,Sohail Ahmed,Fiaz Ahmed,Gaurav Tiwari,1,0,,,,,,"",""
ball,1,11.6,Bahrain,Fiaz Ahmed,Sohail Ahmed,Gaurav Tiwari,1,0,,,,,,"",""
ball,1,12.1,Bahrain,Fiaz Ahmed,Sohail Ahmed,DJ Hawoe,1,0,,,,,,"",""
ball,1,12.2,Bahrain,Sohail Ahmed,Fiaz Ahmed,DJ Hawoe,1,0,,,,,,"",""
ball,1,12.3,Bahrain,Fiaz Ahmed,Sohail Ahmed,DJ Hawoe,6,0,,,,,,"",""
ball,1,12.4,Bahrain,Fiaz Ahmed,Sohail Ahmed,DJ Hawoe,1,0,,,,,,"",""
ball,1,12.5,Bahrain,Sohail Ahmed,Fiaz Ahmed,DJ Hawoe,1,0,,,,,,"",""
ball,1,12.6,Bahrain,Fiaz Ahmed,Sohail Ahmed,DJ Hawoe,1,0,,,,,,"",""
ball,1,13.1,Bahrain,Fiaz Ahmed,Sohail Ahmed,Gaurav Tiwari,6,0,,,,,,"",""
ball,1,13.2,Bahrain,Fiaz Ahmed,Sohail Ahmed,Gaurav Tiwari,6,0,,,,,,"",""
ball,1,13.3,Bahrain,Fiaz Ahmed,Sohail Ahmed,Gaurav Tiwari,0,1,1,,,,,"",""
ball,1,13.4,Bahrain,Fiaz Ahmed,Sohail Ahmed,Gaurav Tiwari,4,0,,,,,,"",""
ball,1,13.5,Bahrain,Fiaz Ahmed,Sohail Ahmed,Gaurav Tiwari,0,0,,,,,,caught,Fiaz Ahmed
ball,1,13.6,Bahrain,Ahmer Bin Nisar,Sohail Ahmed,Gaurav Tiwari,1,0,,,,,,"",""
ball,1,13.7,Bahrain,Sohail Ahmed,Ahmer Bin Nisar,Gaurav Tiwari,0,0,,,,,,bowled,Sohail Ahmed
ball,1,14.1,Bahrain,Ahmer Bin Nisar,Junaid Aziz,PR Surve,0,0,,,,,,"",""
ball,1,14.2,Bahrain,Ahmer Bin Nisar,Junaid Aziz,PR Surve,2,0,,,,,,"",""
ball,1,14.3,Bahrain,Ahmer Bin Nisar,Junaid Aziz,PR Surve,0,0,,,,,,"",""
ball,1,14.4,Bahrain,Ahmer Bin Nisar,Junaid Aziz,PR Surve,0,0,,,,,,"",""
ball,1,14.5,Bahrain,Ahmer Bin Nisar,Junaid Aziz,PR Surve,1,0,,,,,,"",""
ball,1,14.6,Bahrain,Junaid Aziz,Ahmer Bin Nisar,PR Surve,1,0,,,,,,"",""
ball,1,15.1,Bahrain,Junaid Aziz,Ahmer Bin Nisar,F Banunaek,0,0,,,,,,"",""
ball,1,15.2,Bahrain,Junaid Aziz,Ahmer Bin Nisar,F Banunaek,0,0,,,,,,caught,Junaid Aziz
ball,1,15.3,Bahrain,Ubaid Minhas,Ahmer Bin Nisar,F Banunaek,0,0,,,,,,"",""
ball,1,15.4,Bahrain,Ubaid Minhas,Ahmer Bin Nisar,F Banunaek,1,0,,,,,,"",""
ball,1,15.5,Bahrain,Ahmer Bin Nisar,Ubaid Minhas,F Banunaek,0,0,,,,,,"",""
ball,1,15.6,Bahrain,Ahmer Bin Nisar,Ubaid Minhas,F Banunaek,1,0,,,,,,"",""
ball,1,16.1,Bahrain,Ahmer Bin Nisar,Ubaid Minhas,PR Surve,6,0,,,,,,"",""
ball,1,16.2,Bahrain,Ahmer Bin Nisar,Ubaid Minhas,PR Surve,6,0,,,,,,"",""
ball,1,16.3,Bahrain,Ahmer Bin Nisar,Ubaid Minhas,PR Surve,2,0,,,,,,"",""
ball,1,16.4,Bahrain,Ahmer Bin Nisar,Ubaid Minhas,PR Surve,6,0,,,,,,"",""
ball,1,16.5,Bahrain,Ahmer Bin Nisar,Ubaid Minhas,PR Surve,4,0,,,,,,"",""
ball,1,16.6,Bahrain,Ahmer Bin Nisar,Ubaid Minhas,PR Surve,1,0,,,,,,"",""
ball,1,17.1,Bahrain,Ahmer Bin Nisar,Ubaid Minhas,F Banunaek,2,0,,,,,,"",""
ball,1,17.2,Bahrain,Ahmer Bin Nisar,Ubaid Minhas,F Banunaek,6,0,,,,,,"",""
ball,1,17.3,Bahrain,Ahmer Bin Nisar,Ubaid Minhas,F Banunaek,1,0,,,,,,"",""
ball,1,17.4,Bahrain,Ubaid Minhas,Ahmer Bin Nisar,F Banunaek,1,0,,,,,,"",""
ball,1,17.5,Bahrain,Ahmer Bin Nisar,Ubaid Minhas,F Banunaek,2,0,,,,,,"",""
ball,1,17.6,Bahrain,Ahmer Bin Nisar,Ubaid Minhas,F Banunaek,1,0,,,,,,"",""
ball,1,18.1,Bahrain,Ahmer Bin Nisar,Ubaid Minhas,RM Koda,1,0,,,,,,"",""
ball,1,18.2,Bahrain,Ubaid Minhas,Ahmer Bin Nisar,RM Koda,2,0,,,,,,"",""
ball,1,18.3,Bahrain,Ubaid Minhas,Ahmer Bin Nisar,RM Koda,1,0,,,,,,"",""
ball,1,18.4,Bahrain,Ahmer Bin Nisar,Ubaid Minhas,RM Koda,6,0,,,,,,"",""
ball,1,18.5,Bahrain,Ahmer Bin Nisar,Ubaid Minhas,RM Koda,1,0,,,,,,"",""
ball,1,18.6,Bahrain,Ubaid Minhas,Ahmer Bin Nisar,RM Koda,2,1,,1,,,,"",""
ball,1,18.7,Bahrain,Ubaid Minhas,Ahmer Bin Nisar,RM Koda,4,0,,,,,,"",""
ball,1,19.1,Bahrain,Ahmer Bin Nisar,Ubaid Minhas,DJ Hawoe,1,0,,,,,,"",""
ball,1,19.2,Bahrain,Ubaid Minhas,Ahmer Bin Nisar,DJ Hawoe,0,0,,,,,,"",""
ball,1,19.3,Bahrain,Ubaid Minhas,Ahmer Bin Nisar,DJ Hawoe,1,0,,,,,,"",""
ball,1,19.4,Bahrain,Ahmer Bin Nisar,Ubaid Minhas,DJ Hawoe,6,0,,,,,,"",""
ball,1,19.5,Bahrain,Ahmer Bin Nisar,Ubaid Minhas,DJ Hawoe,0,0,,,,,,"",""
ball,1,19.6,Bahrain,Ahmer Bin Nisar,Ubaid Minhas,DJ Hawoe,4,0,,,,,,"",""
ball,2,0.1,Indonesia,KD Kesuma,Gaurav Tiwari,Ali Dawood,0,0,,,,,,caught,KD Kesuma
ball,2,0.2,Indonesia,Ashish Gupta,Gaurav Tiwari,Ali Dawood,0,0,,,,,,"",""
ball,2,0.3,Indonesia,Ashish Gupta,Gaurav Tiwari,Ali Dawood,0,0,,,,,,"",""
ball,2,0.4,Indonesia,Ashish Gupta,Gaurav Tiwari,Ali Dawood,0,0,,,,,,"",""
ball,2,0.5,Indonesia,Ashish Gupta,Gaurav Tiwari,Ali Dawood,0,0,,,,,,"",""
ball,2,0.6,Indonesia,Ashish Gupta,Gaurav Tiwari,Ali Dawood,1,0,,,,,,"",""
ball,2,1.1,Indonesia,Ashish Gupta,Gaurav Tiwari,Imran Khan,0,0,,,,,,"",""
ball,2,1.2,Indonesia,Ashish Gupta,Gaurav Tiwari,Imran Khan,0,0,,,,,,caught,Ashish Gupta
ball,2,1.3,Indonesia,KC Ramamoorthy,Gaurav Tiwari,Imran Khan,0,0,,,,,,"",""
ball,2,1.4,Indonesia,KC Ramamoorthy,Gaurav Tiwari,Imran Khan,0,0,,,,,,"",""
ball,2,1.5,Indonesia,KC Ramamoorthy,Gaurav Tiwari,Imran Khan,0,0,,,,,,"",""
ball,2,1.6,Indonesia,KC Ramamoorthy,Gaurav Tiwari,Imran Khan,0,0,,,,,,"",""
ball,2,2.1,Indonesia,Gaurav Tiwari,KC Ramamoorthy,Ali Dawood,1,0,,,,,,"",""
ball,2,2.2,Indonesia,KC Ramamoorthy,Gaurav Tiwari,Ali Dawood,1,0,,,,,,"",""
ball,2,2.3,Indonesia,Gaurav Tiwari,KC Ramamoorthy,Ali Dawood,1,0,,,,,,"",""
ball,2,2.4,Indonesia,KC Ramamoorthy,Gaurav Tiwari,Ali Dawood,0,0,,,,,,"",""
ball,2,2.5,Indonesia,KC Ramamoorthy,Gaurav Tiwari,Ali Dawood,1,0,,,,,,"",""
ball,2,2.6,Indonesia,Gaurav Tiwari,KC Ramamoorthy,Ali Dawood,0,0,,,,,,"",""
ball,2,3.1,Indonesia,KC Ramamoorthy,Gaurav Tiwari,Imran Khan,4,0,,,,,,"",""
ball,2,3.2,Indonesia,KC Ramamoorthy,Gaurav Tiwari,Imran Khan,1,0,,,,,,"",""
ball,2,3.3,Indonesia,Gaurav Tiwari,KC Ramamoorthy,Imran Khan,0,0,,,,,,"",""
ball,2,3.4,Indonesia,Gaurav Tiwari,KC Ramamoorthy,Imran Khan,0,0,,,,,,"",""
ball,2,3.5,Indonesia,Gaurav Tiwari,KC Ramamoorthy,Imran Khan,0,0,,,,,,"",""
ball,2,3.6,Indonesia,Gaurav Tiwari,KC Ramamoorthy,Imran Khan,2,0,,,,,,"",""
ball,2,4.1,Indonesia,KC Ramamoorthy,Gaurav Tiwari,Rizwan Butt,1,0,,,,,,"",""
ball,2,4.2,Indonesia,Gaurav Tiwari,KC Ramamoorthy,Rizwan Butt,0,0,,,,,,"",""
ball,2,4.3,Indonesia,Gaurav Tiwari,KC Ramamoorthy,Rizwan Butt,0,0,,,,,,"",""
ball,2,4.4,Indonesia,Gaurav Tiwari,KC Ramamoorthy,Rizwan Butt,0,1,1,,,,,"",""
ball,2,4.5,Indonesia,Gaurav Tiwari,KC Ramamoorthy,Rizwan Butt,1,0,,,,,,"",""
ball,2,4.6,Indonesia,KC Ramamoorthy,Gaurav Tiwari,Rizwan Butt,1,0,,,,,,"",""
ball,2,4.7,Indonesia,Gaurav Tiwari,KC Ramamoorthy,Rizwan Butt,0,0,,,,,,"",""
ball,2,5.1,Indonesia,KC Ramamoorthy,Gaurav Tiwari,Abdul Majid Abbasi,1,0,,,,,,"",""
ball,2,5.2,Indonesia,Gaurav Tiwari,KC Ramamoorthy,Abdul Majid Abbasi,0,2,,,2,,,"",""
ball,2,5.3,Indonesia,Gaurav Tiwari,KC Ramamoorthy,Abdul Majid Abbasi,0,0,,,,,,"",""
ball,2,5.4,Indonesia,Gaurav Tiwari,KC Ramamoorthy,Abdul Majid Abbasi,2,0,,,,,,"",""
ball,2,5.5,Indonesia,Gaurav Tiwari,KC Ramamoorthy,Abdul Majid Abbasi,0,0,,,,,,"",""
ball,2,5.6,Indonesia,Gaurav Tiwari,KC Ramamoorthy,Abdul Majid Abbasi,0,0,,,,,,"",""
ball,2,6.1,Indonesia,KC Ramamoorthy,Gaurav Tiwari,Rizwan Butt,0,0,,,,,,"",""
ball,2,6.2,Indonesia,KC Ramamoorthy,Gaurav Tiwari,Rizwan Butt,1,0,,,,,,"",""
ball,2,6.3,Indonesia,Gaurav Tiwari,KC Ramamoorthy,Rizwan Butt,4,0,,,,,,"",""
ball,2,6.4,Indonesia,Gaurav Tiwari,KC Ramamoorthy,Rizwan Butt,0,0,,,,,,"",""
ball,2,6.5,Indonesia,Gaurav Tiwari,KC Ramamoorthy,Rizwan Butt,0,0,,,,,,"",""
ball,2,6.6,Indonesia,Gaurav Tiwari,KC Ramamoorthy,Rizwan Butt,6,0,,,,,,"",""
ball,2,7.1,Indonesia,KC Ramamoorthy,Gaurav Tiwari,Abdul Majid Abbasi,0,0,,,,,,"",""
ball,2,7.2,Indonesia,KC Ramamoorthy,Gaurav Tiwari,Abdul Majid Abbasi,1,0,,,,,,"",""
ball,2,7.3,Indonesia,Gaurav Tiwari,KC Ramamoorthy,Abdul Majid Abbasi,1,0,,,,,,"",""
ball,2,7.4,Indonesia,KC Ramamoorthy,Gaurav Tiwari,Abdul Majid Abbasi,0,0,,,,,,"",""
ball,2,7.5,Indonesia,KC Ramamoorthy,Gaurav Tiwari,Abdul Majid Abbasi,0,0,,,,,,lbw,KC Ramamoorthy
ball,2,7.6,Indonesia,PR Surve,Gaurav Tiwari,Abdul Majid Abbasi,0,0,,,,,,"",""
ball,2,8.1,Indonesia,Gaurav Tiwari,PR Surve,Asif Shaikh,0,0,,,,,,bowled,Gaurav Tiwari
ball,2,8.2,Indonesia,IK Gamantika,PR Surve,Asif Shaikh,0,0,,,,,,"",""
ball,2,8.3,Indonesia,IK Gamantika,PR Surve,Asif Shaikh,0,0,,,,,,"",""
ball,2,8.4,Indonesia,IK Gamantika,PR Surve,Asif Shaikh,1,0,,,,,,"",""
ball,2,8.5,Indonesia,PR Surve,IK Gamantika,Asif Shaikh,0,0,,,,,,"",""
ball,2,8.6,Indonesia,PR Surve,IK Gamantika,Asif Shaikh,1,0,,,,,,"",""
ball,2,9.1,Indonesia,PR Surve,IK Gamantika,Abdul Majid Abbasi,0,0,,,,,,"",""
ball,2,9.2,Indonesia,PR Surve,IK Gamantika,Abdul Majid Abbasi,0,0,,,,,,"",""
ball,2,9.3,Indonesia,PR Surve,IK Gamantika,Abdul Majid Abbasi,1,0,,,,,,"",""
ball,2,9.4,Indonesia,IK Gamantika,PR Surve,Abdul Majid Abbasi,0,0,,,,,,"",""
ball,2,9.5,Indonesia,IK Gamantika,PR Surve,Abdul Majid Abbasi,0,0,,,,,,"",""
ball,2,9.6,Indonesia,IK Gamantika,PR Surve,Abdul Majid Abbasi,1,0,,,,,,"",""
ball,2,10.1,Indonesia,IK Gamantika,PR Surve,Asif Shaikh,0,0,,,,,,"",""
ball,2,10.2,Indonesia,IK Gamantika,PR Surve,Asif Shaikh,1,0,,,,,,"",""
ball,2,10.3,Indonesia,PR Surve,IK Gamantika,Asif Shaikh,2,0,,,,,,"",""
ball,2,10.4,Indonesia,PR Surve,IK Gamantika,Asif Shaikh,1,0,,,,,,"",""
ball,2,10.5,Indonesia,IK Gamantika,PR Surve,Asif Shaikh,1,0,,,,,,"",""
ball,2,10.6,Indonesia,PR Surve,IK Gamantika,Asif Shaikh,4,0,,,,,,"",""
ball,2,11.1,Indonesia,IK Gamantika,PR Surve,Abdul Majid Abbasi,0,0,,,,,,"",""
ball,2,11.2,Indonesia,IK Gamantika,PR Surve,Abdul Majid Abbasi,0,0,,,,,,"",""
ball,2,11.3,Indonesia,IK Gamantika,PR Surve,Abdul Majid Abbasi,0,0,,,,,,"",""
ball,2,11.4,Indonesia,IK Gamantika,PR Surve,Abdul Majid Abbasi,0,0,,,,,,"",""
ball,2,11.5,Indonesia,IK Gamantika,PR Surve,Abdul Majid Abbasi,0,0,,,,,,"",""
ball,2,11.6,Indonesia,IK Gamantika,PR Surve,Abdul Majid Abbasi,0,0,,,,,,"",""
ball,2,12.1,Indonesia,PR Surve,IK Gamantika,Asif Shaikh,4,0,,,,,,"",""
ball,2,12.2,Indonesia,PR Surve,IK Gamantika,Asif Shaikh,1,0,,,,,,"",""
ball,2,12.3,Indonesia,IK Gamantika,PR Surve,Asif Shaikh,1,0,,,,,,"",""
ball,2,12.4,Indonesia,PR Surve,IK Gamantika,Asif Shaikh,4,0,,,,,,"",""
ball,2,12.5,Indonesia,PR Surve,IK Gamantika,Asif Shaikh,1,0,,,,,,"",""
ball,2,12.6,Indonesia,IK Gamantika,PR Surve,Asif Shaikh,1,0,,,,,,"",""
ball,2,13.1,Indonesia,IK Gamantika,PR Surve,Imran Khan,2,0,,,,,,"",""
ball,2,13.2,Indonesia,IK Gamantika,PR Surve,Imran Khan,0,1,1,,,,,"",""
ball,2,13.3,Indonesia,IK Gamantika,PR Surve,Imran Khan,0,0,,,,,,"",""
ball,2,13.4,Indonesia,IK Gamantika,PR Surve,Imran Khan,1,0,,,,,,"",""
ball,2,13.5,Indonesia,PR Surve,IK Gamantika,Imran Khan,4,0,,,,,,"",""
ball,2,13.6,Indonesia,PR Surve,IK Gamantika,Imran Khan,0,0,,,,,,"",""
ball,2,13.7,Indonesia,PR Surve,IK Gamantika,Imran Khan,1,0,,,,,,"",""
ball,2,14.1,Indonesia,PR Surve,IK Gamantika,Asif Shaikh,1,0,,,,,,"",""
ball,2,14.2,Indonesia,IK Gamantika,PR Surve,Asif Shaikh,0,0,,,,,,"",""
ball,2,14.3,Indonesia,IK Gamantika,PR Surve,Asif Shaikh,0,4,,,4,,,"",""
ball,2,14.4,Indonesia,IK Gamantika,PR Surve,Asif Shaikh,1,0,,,,,,"",""
ball,2,14.5,Indonesia,PR Surve,IK Gamantika,Asif Shaikh,2,0,,,,,,"",""
ball,2,14.6,Indonesia,PR Surve,IK Gamantika,Asif Shaikh,1,0,,,,,,"",""
ball,2,15.1,Indonesia,PR Surve,IK Gamantika,Imran Khan,1,0,,,,,,"",""
ball,2,15.2,Indonesia,IK Gamantika,PR Surve,Imran Khan,0,1,1,,,,,"",""
ball,2,15.3,Indonesia,IK Gamantika,PR Surve,Imran Khan,2,0,,,,,,"",""
ball,2,15.4,Indonesia,IK Gamantika,PR Surve,Imran Khan,2,0,,,,,,"",""
ball,2,15.5,Indonesia,IK Gamantika,PR Surve,Imran Khan,0,0,,,,,,"",""
ball,2,15.6,Indonesia,IK Gamantika,PR Surve,Imran Khan,1,0,,,,,,"",""
ball,2,15.7,Indonesia,PR Surve,IK Gamantika,Imran Khan,0,0,,,,,,caught,PR Surve
ball,2,16.1,Indonesia,IK Gamantika,Ahmad Ramdoni,Ali Dawood,0,0,,,,,,"",""
ball,2,16.2,Indonesia,IK Gamantika,Ahmad Ramdoni,Ali Dawood,1,0,,,,,,"",""
ball,2,16.3,Indonesia,Ahmad Ramdoni,IK Gamantika,Ali Dawood,1,0,,,,,,"",""
ball,2,16.4,Indonesia,IK Gamantika,Ahmad Ramdoni,Ali Dawood,0,0,,,,,,"",""
ball,2,16.5,Indonesia,IK Gamantika,Ahmad Ramdoni,Ali Dawood,0,0,,,,,,"",""
ball,2,16.6,Indonesia,IK Gamantika,Ahmad Ramdoni,Ali Dawood,0,0,,,,,,"",""
ball,2,17.1,Indonesia,Ahmad Ramdoni,IK Gamantika,Rizwan Butt,0,0,,,,,,"",""
ball,2,17.2,Indonesia,Ahmad Ramdoni,IK Gamantika,Rizwan Butt,0,0,,,,,,"",""
ball,2,17.3,Indonesia,Ahmad Ramdoni,IK Gamantika,Rizwan Butt,4,0,,,,,,"",""
ball,2,17.4,Indonesia,Ahmad Ramdoni,IK Gamantika,Rizwan Butt,1,0,,,,,,"",""
ball,2,17.5,Indonesia,IK Gamantika,Ahmad Ramdoni,Rizwan Butt,0,0,,,,,,bowled,IK Gamantika
ball,2,17.6,Indonesia,DJ Hawoe,Ahmad Ramdoni,Rizwan Butt,0,0,,,,,,"",""
ball,2,18.1,Indonesia,Ahmad Ramdoni,DJ Hawoe,Ali Dawood,1,0,,,,,,"",""
ball,2,18.2,Indonesia,DJ Hawoe,Ahmad Ramdoni,Ali Dawood,1,0,,,,,,"",""
ball,2,18.3,Indonesia,Ahmad Ramdoni,DJ Hawoe,Ali Dawood,1,0,,,,,,"",""
ball,2,18.4,Indonesia,DJ Hawoe,Ahmad Ramdoni,Ali Dawood,0,0,,,,,,"",""
ball,2,18.5,Indonesia,DJ Hawoe,Ahmad Ramdoni,Ali Dawood,0,0,,,,,,"",""
ball,2,18.6,Indonesia,DJ Hawoe,Ahmad Ramdoni,Ali Dawood,2,0,,,,,,"",""
ball,2,19.1,Indonesia,Ahmad Ramdoni,DJ Hawoe,Rizwan Butt,0,0,,,,,,"",""
ball,2,19.2,Indonesia,Ahmad Ramdoni,DJ Hawoe,Rizwan Butt,1,0,,,,,,"",""
ball,2,19.3,Indonesia,DJ Hawoe,Ahmad Ramdoni,Rizwan Butt,2,0,,,,,,"",""
ball,2,19.4,Indonesia,DJ Hawoe,Ahmad Ramdoni,Rizwan Butt,4,0,,,,,,"",""
ball,2,19.5,Indonesia,DJ Hawoe,Ahmad Ramdoni,Rizwan Butt,0,0,,,,,,bowled,DJ Hawoe
ball,2,19.6,Indonesia,IKEG Artawan,Ahmad Ramdoni,Rizwan Butt,1,0,,,,,,"",""
