version,1.7.0
info,balls_per_over,6
info,team,Oman
info,team,United States of America
info,gender,male
info,season,2024/25
info,date,2025/02/21
info,event,United States of America tour of Oman
info,match_number,2
info,venue,Al Amerat Cricket Ground Oman Cricket (Ministry Turf 1)
info,city,Al Amarat
info,toss_winner,United States of America
info,toss_decision,field
info,player_of_match,MD Patel
info,umpire,Rahul Asher
info,umpire,Vinod Babu
info,reserve_umpire,Harikrishna Pillai
info,match_referee,V Narayan Kutty
info,winner,United States of America
info,winner_wickets,4
info,player,Oman,Aamir Kaleem
info,player,Oman,Jatinder Singh
info,player,Oman,Mujibur Ali
info,player,Oman,Hammad Mirza
info,player,Oman,Wasim Ali
info,player,Oman,V Shukla
info,player,Oman,J Ramanandi
info,player,Oman,Sufyan Mehmood
info,player,Oman,Shakeel Ahmed
info,player,Oman,B Siddharth
info,player,Oman,Muhammed Imran
info,player,United States of America,SR Taylor
info,player,United States of America,SR Mukkamalla
info,player,United States of America,MD Patel
info,player,United States of America,Milind Kumar
info,player,United States of America,SP Krishnamurthi
info,player,United States of America,Aaron Jones
info,player,United States of America,Ali Sheikh
info,player,United States of America,SV Wiig
info,player,United States of America,Yasir Mohammad
info,player,United States of America,Ali Khan
info,player,United States of America,J Drysdale
info,registry,people,Aamir Kaleem,7ecb9a14
info,registry,people,Aaron Jones,17aa4f1d
info,registry,people,Ali Khan,b0eaaac6
info,registry,people,Ali Sheikh,fa4f5a0b
info,registry,people,B Siddharth,80de053e
info,registry,people,Hammad Mirza,0b7b78c6
info,registry,people,Harikrishna Pillai,ed918c90
info,registry,people,J Drysdale,23f94c02
info,registry,people,J Ramanandi,f7ce2ff9
info,registry,people,Jatinder Singh,b80dd12c
info,registry,people,MD Patel,25d7f1ac
info,registry,people,Milind Kumar,b4296080
info,registry,people,Muhammed Imran,5278cecc
info,registry,people,Mujibur Ali,e88468b7
info,registry,people,NP Kenjige,f7d267f7
info,registry,people,Rahul Asher,4956b0bf
info,registry,people,SP Krishnamurthi,3b8e7647
info,registry,people,SR Mukkamalla,156d0ea2
info,registry,people,SR Taylor,a9231c3f
info,registry,people,SV Wiig,44f11bd0
info,registry,people,Shakeel Ahmed,e29e9c12
info,registry,people,Sufyan Mehmood,bf172ae6
info,registry,people,V Narayan Kutty,4bacee3d
info,registry,people,V Shukla,101b1180
info,registry,people,Vinod Babu,37e6187d
info,registry,people,Wasim Ali,ea59139a
info,registry,people,Yasir Mohammad,fe5175ce
ball,1,0.1,Oman,Aamir Kaleem,Jatinder Singh,J Drysdale,0,0,,,,,,"",""
ball,1,0.2,Oman,Aamir Kaleem,Jatinder Singh,J Drysdale,4,0,,,,,,"",""
ball,1,0.3,Oman,Aamir Kaleem,Jatinder Singh,J Drysdale,1,0,,,,,,"",""
ball,1,0.4,Oman,Jatinder Singh,Aamir Kaleem,J Drysdale,0,0,,,,,,"",""
ball,1,0.5,Oman,Jatinder Singh,Aamir Kaleem,J Drysdale,4,0,,,,,,"",""
ball,1,0.6,Oman,Jatinder Singh,Aamir Kaleem,J Drysdale,4,0,,,,,,"",""
ball,1,1.1,Oman,Aamir Kaleem,Jatinder Singh,SV Wiig,0,0,,,,,,"",""
ball,1,1.2,Oman,Aamir Kaleem,Jatinder Singh,SV Wiig,0,0,,,,,,"",""
ball,1,1.3,Oman,Aamir Kaleem,Jatinder Singh,SV Wiig,6,0,,,,,,"",""
ball,1,1.4,Oman,Aamir Kaleem,Jatinder Singh,SV Wiig,4,1,,1,,,,"",""
ball,1,1.5,Oman,Aamir Kaleem,Jatinder Singh,SV Wiig,1,0,,,,,,"",""
ball,1,1.6,Oman,Jatinder Singh,Aamir Kaleem,SV Wiig,1,0,,,,,,"",""
ball,1,1.7,Oman,Aamir Kaleem,Jatinder Singh,SV Wiig,1,0,,,,,,"",""
ball,1,2.1,Oman,Aamir Kaleem,Jatinder Singh,J Drysdale,1,0,,,,,,"",""
ball,1,2.2,Oman,Jatinder Singh,Aamir Kaleem,J Drysdale,0,0,,,,,,"",""
ball,1,2.3,Oman,Jatinder Singh,Aamir Kaleem,J Drysdale,0,0,,,,,,"",""
ball,1,2.4,Oman,Jatinder Singh,Aamir Kaleem,J Drysdale,1,0,,,,,,"",""
ball,1,2.5,Oman,Aamir Kaleem,Jatinder Singh,J Drysdale,0,0,,,,,,"",""
ball,1,2.6,Oman,Aamir Kaleem,Jatinder Singh,J Drysdale,1,0,,,,,,"",""
ball,1,3.1,Oman,Aamir Kaleem,Jatinder Singh,SV Wiig,1,0,,,,,,"",""
ball,1,3.2,Oman,Jatinder Singh,Aamir Kaleem,SV Wiig,1,0,,,,,,"",""
ball,1,3.3,Oman,Aamir Kaleem,Jatinder Singh,SV Wiig,4,0,,,,,,"",""
ball,1,3.4,Oman,Aamir Kaleem,Jatinder Singh,SV Wiig,1,0,,,,,,"",""
ball,1,3.5,Oman,Jatinder Singh,Aamir Kaleem,SV Wiig,2,0,,,,,,"",""
ball,1,3.6,Oman,Jatinder Singh,Aamir Kaleem,SV Wiig,4,0,,,,,,"",""
ball,1,4.1,Oman,Aamir Kaleem,Jatinder Singh,SR Taylor,0,0,,,,,,"",""
ball,1,4.2,Oman,Aamir Kaleem,Jatinder Singh,SR Taylor,2,0,,,,,,"",""
ball,1,4.3,Oman,Aamir Kaleem,Jatinder Singh,SR Taylor,0,0,,,,,,"",""
ball,1,4.4,Oman,Aamir Kaleem,Jatinder Singh,SR Taylor,0,0,,,,,,"",""
ball,1,4.5,Oman,Aamir Kaleem,Jatinder Singh,SR Taylor,0,0,,,,,,"",""
ball,1,4.6,Oman,Aamir Kaleem,Jatinder Singh,SR Taylor,0,0,,,,,,"",""
ball,1,5.1,Oman,Jatinder Singh,Aamir Kaleem,Ali Khan,2,0,,,,,,"",""
ball,1,5.2,Oman,Jatinder Singh,Aamir Kaleem,Ali Khan,0,1,,,,1,,"",""
ball,1,5.3,Oman,Aamir Kaleem,Jatinder Singh,Ali Khan,0,0,,,,,,caught,Aamir Kaleem
ball,1,5.4,Oman,Mujibur Ali,Jatinder Singh,Ali Khan,1,0,,,,,,"",""
ball,1,5.5,Oman,Jatinder Singh,Mujibur Ali,Ali Khan,1,0,,,,,,"",""
ball,1,5.6,Oman,Mujibur Ali,Jatinder Singh,Ali Khan,1,0,,,,,,"",""
ball,1,6.1,Oman,Mujibur Ali,Jatinder Singh,SR Taylor,0,0,,,,,,"",""
ball,1,6.2,Oman,Mujibur Ali,Jatinder Singh,SR Taylor,0,0,,,,,,"",""
ball,1,6.3,Oman,Mujibur Ali,Jatinder Singh,SR Taylor,1,0,,,,,,"",""
ball,1,6.4,Oman,Jatinder Singh,Mujibur Ali,SR Taylor,0,0,,,,,,"",""
ball,1,6.5,Oman,Jatinder Singh,Mujibur Ali,SR Taylor,1,0,,,,,,"",""
ball,1,6.6,Oman,Mujibur Ali,Jatinder Singh,SR Taylor,0,0,,,,,,"",""
ball,1,7.1,Oman,Jatinder Singh,Mujibur Ali,Ali Sheikh,2,0,,,,,,"",""
ball,1,7.2,Oman,Jatinder Singh,Mujibur Ali,Ali Sheikh,0,0,,,,,,"",""
ball,1,7.3,Oman,Jatinder Singh,Mujibur Ali,Ali Sheikh,2,0,,,,,,"",""
ball,1,7.4,Oman,Jatinder Singh,Mujibur Ali,Ali Sheikh,0,0,,,,,,"",""
ball,1,7.5,Oman,Jatinder Singh,Mujibur Ali,Ali Sheikh,4,0,,,,,,"",""
ball,1,7.6,Oman,Jatinder Singh,Mujibur Ali,Ali Sheikh,1,0,,,,,,"",""
ball,1,8.1,Oman,Jatinder Singh,Mujibur Ali,SR Taylor,1,0,,,,,,"",""
ball,1,8.2,Oman,Mujibur Ali,Jatinder Singh,SR Taylor,1,0,,,,,,"",""
ball,1,8.3,Oman,Jatinder Singh,Mujibur Ali,SR Taylor,0,0,,,,,,"",""
ball,1,8.4,Oman,Jatinder Singh,Mujibur Ali,SR Taylor,4,0,,,,,,"",""
ball,1,8.5,Oman,Jatinder Singh,Mujibur Ali,SR Taylor,1,0,,,,,,"",""
ball,1,8.6,Oman,Mujibur Ali,Jatinder Singh,SR Taylor,1,0,,,,,,"",""
ball,1,9.1,Oman,Mujibur Ali,Jatinder Singh,Ali Sheikh,0,0,,,,,,"",""
ball,1,9.2,Oman,Mujibur Ali,Jatinder Singh,Ali Sheikh,1,0,,,,,,"",""
ball,1,9.3,Oman,Jatinder Singh,Mujibur Ali,Ali Sheikh,1,0,,,,,,"",""
ball,1,9.4,Oman,Mujibur Ali,Jatinder Singh,Ali Sheikh,1,0,,,,,,"",""
ball,1,9.5,Oman,Jatinder Singh,Mujibur Ali,Ali Sheikh,2,0,,,,,,"",""
ball,1,9.6,Oman,Jatinder Singh,Mujibur Ali,Ali Sheikh,0,0,,,,,,"",""
ball,1,10.1,Oman,Mujibur Ali,Jatinder Singh,SR Taylor,1,0,,,,,,"",""
ball,1,10.2,Oman,Jatinder Singh,Mujibur Ali,SR Taylor,6,0,,,,,,"",""
ball,1,10.3,Oman,Jatinder Singh,Mujibur Ali,SR Taylor,4,0,,,,,,"",""
ball,1,10.4,Oman,Jatinder Singh,Mujibur Ali,SR Taylor,1,0,,,,,,"",""
ball,1,10.5,Oman,Mujibur Ali,Jatinder Singh,SR Taylor,0,0,,,,,,"",""
ball,1,10.6,Oman,Mujibur Ali,Jatinder Singh,SR Taylor,0,0,,,,,,"",""
ball,1,11.1,Oman,Jatinder Singh,Mujibur Ali,Ali Sheikh,0,0,,,,,,"",""
ball,1,11.2,Oman,Jatinder Singh,Mujibur Ali,Ali Sheikh,0,0,,,,,,"",""
ball,1,11.3,Oman,Jatinder Singh,Mujibur Ali,Ali Sheikh,1,0,,,,,,"",""
ball,1,11.4,Oman,Mujibur Ali,Jatinder Singh,Ali Sheikh,1,0,,,,,,"",""
ball,1,11.5,Oman,Jatinder Singh,Mujibur Ali,Ali Sheikh,1,0,,,,,,"",""
ball,1,11.6,Oman,Mujibur Ali,Jatinder Singh,Ali Sheikh,0,0,,,,,,caught,Mujibur Ali
ball,1,12.1,Oman,Jatinder Singh,Hammad Mirza,SV Wiig,0,1,1,,,,,"",""
ball,1,12.2,Oman,Jatinder Singh,Hammad Mirza,SV Wiig,0,0,,,,,,"",""
ball,1,12.3,Oman,Jatinder Singh,Hammad Mirza,SV Wiig,0,0,,,,,,"",""
ball,1,12.4,Oman,Jatinder Singh,Hammad Mirza,SV Wiig,0,0,,,,,,"",""
ball,1,12.5,Oman,Jatinder Singh,Hammad Mirza,SV Wiig,1,0,,,,,,"",""
ball,1,12.6,Oman,Hammad Mirza,Jatinder Singh,SV Wiig,1,0,,,,,,"",""
ball,1,12.7,Oman,Jatinder Singh,Hammad Mirza,SV Wiig,4,0,,,,,,"",""
ball,1,13.1,Oman,Hammad Mirza,Jatinder Singh,Ali Sheikh,1,0,,,,,,"",""
ball,1,13.2,Oman,Jatinder Singh,Hammad Mirza,Ali Sheikh,0,0,,,,,,caught,Jatinder Singh
ball,1,13.3,Oman,Wasim Ali,Hammad Mirza,Ali Sheikh,1,0,,,,,,"",""
ball,1,13.4,Oman,Hammad Mirza,Wasim Ali,Ali Sheikh,1,0,,,,,,"",""
ball,1,13.5,Oman,Wasim Ali,Hammad Mirza,Ali Sheikh,1,0,,,,,,"",""
ball,1,13.6,Oman,Hammad Mirza,Wasim Ali,Ali Sheikh,1,0,,,,,,"",""
ball,1,14.1,Oman,Hammad Mirza,Wasim Ali,Ali Khan,1,0,,,,,,"",""
ball,1,14.2,Oman,Wasim Ali,Hammad Mirza,Ali Khan,4,0,,,,,,"",""
ball,1,14.3,Oman,Wasim Ali,Hammad Mirza,Ali Khan,0,0,,,,,,"",""
ball,1,14.4,Oman,Wasim Ali,Hammad Mirza,Ali Khan,1,0,,,,,,"",""
ball,1,14.5,Oman,Hammad Mirza,Wasim Ali,Ali Khan,0,0,,,,,,caught and bowled,Hammad Mirza
ball,1,14.6,Oman,V Shukla,Wasim Ali,Ali Khan,1,0,,,,,,"",""
ball,1,15.1,Oman,V Shukla,Wasim Ali,SP Krishnamurthi,1,0,,,,,,"",""
ball,1,15.2,Oman,Wasim Ali,V Shukla,SP Krishnamurthi,4,0,,,,,,"",""
ball,1,15.3,Oman,Wasim Ali,V Shukla,SP Krishnamurthi,0,0,,,,,,"",""
ball,1,15.4,Oman,Wasim Ali,V Shukla,SP Krishnamurthi,0,0,,,,,,caught,Wasim Ali
ball,1,15.5,Oman,J Ramanandi,V Shukla,SP Krishnamurthi,1,0,,,,,,"",""
ball,1,15.6,Oman,V Shukla,J Ramanandi,SP Krishnamurthi,1,0,,,,,,"",""
ball,1,16.1,Oman,V Shukla,J Ramanandi,Ali Khan,3,0,,,,,,"",""
ball,1,16.2,Oman,J Ramanandi,V Shukla,Ali Khan,0,0,,,,,,bowled,J Ramanandi
ball,1,16.3,Oman,Sufyan Mehmood,V Shukla,Ali Khan,0,0,,,,,,"",""
ball,1,16.4,Oman,Sufyan Mehmood,V Shukla,Ali Khan,0,1,1,,,,,"",""
ball,1,16.5,Oman,Sufyan Mehmood,V Shukla,Ali Khan,0,1,,,,1,,"",""
ball,1,16.6,Oman,V Shukla,Sufyan Mehmood,Ali Khan,1,0,,,,,,"",""
ball,1,16.7,Oman,Sufyan Mehmood,V Shukla,Ali Khan,1,0,,,,,,"",""
ball,1,17.1,Oman,Sufyan Mehmood,V Shukla,SP Krishnamurthi,1,0,,,,,,"",""
ball,1,17.2,Oman,V Shukla,Sufyan Mehmood,SP Krishnamurthi,0,0,,,,,,caught,V Shukla
ball,1,17.3,Oman,Shakeel Ahmed,Sufyan Mehmood,SP Krishnamurthi,1,0,,,,,,"",""
ball,1,17.4,Oman,Sufyan Mehmood,Shakeel Ahmed,SP Krishnamurthi,1,0,,,,,,"",""
ball,1,17.5,Oman,Shakeel Ahmed,Sufyan Mehmood,SP Krishnamurthi,2,0,,,,,,"",""
ball,1,17.6,Oman,Shakeel Ahmed,Sufyan Mehmood,SP Krishnamurthi,1,0,,,,,,"",""
ball,1,18.1,Oman,Shakeel Ahmed,Sufyan Mehmood,Ali Khan,1,0,,,,,,"",""
ball,1,18.2,Oman,Sufyan Mehmood,Shakeel Ahmed,Ali Khan,1,0,,,,,,"",""
ball,1,18.3,Oman,Shakeel Ahmed,Sufyan Mehmood,Ali Khan,1,0,,,,,,"",""
ball,1,18.4,Oman,Sufyan Mehmood,Shakeel Ahmed,Ali Khan,0,0,,,,,,"",""
ball,1,18.5,Oman,Sufyan Mehmood,Shakeel Ahmed,Ali Khan,1,0,,,,,,"",""
ball,1,18.6,Oman,Shakeel Ahmed,Sufyan Mehmood,Ali Khan,1,0,,,,,,"",""
ball,1,19.1,Oman,Shakeel Ahmed,Sufyan Mehmood,J Drysdale,0,0,,,,,,caught,Shakeel Ahmed
ball,1,19.2,Oman,B Siddharth,Sufyan Mehmood,J Drysdale,1,0,,,,,,"",""
ball,1,19.3,Oman,Sufyan Mehmood,B Siddharth,J Drysdale,1,0,,,,,,"",""
ball,1,19.4,Oman,B Siddharth,Sufyan Mehmood,J Drysdale,4,0,,,,,,"",""
ball,1,19.5,Oman,B Siddharth,Sufyan Mehmood,J Drysdale,0,0,,,,,,caught,B Siddharth
ball,1,19.6,Oman,Muhammed Imran,Sufyan Mehmood,J Drysdale,1,0,,,,,,"",""
ball,2,0.1,United States of America,SR Taylor,SR Mukkamalla,Shakeel Ahmed,0,0,,,,,,"",""
ball,2,0.2,United States of America,SR Taylor,SR Mukkamalla,Shakeel Ahmed,0,0,,,,,,bowled,SR Taylor
ball,2,0.3,United States of America,MD Patel,SR Mukkamalla,Shakeel Ahmed,0,0,,,,,,"",""
ball,2,0.4,United States of America,MD Patel,SR Mukkamalla,Shakeel Ahmed,1,0,,,,,,"",""
ball,2,0.5,United States of America,SR Mukkamalla,MD Patel,Shakeel Ahmed,0,0,,,,,,"",""
ball,2,0.6,United States of America,SR Mukkamalla,MD Patel,Shakeel Ahmed,1,0,,,,,,"",""
ball,2,1.1,United States of America,SR Mukkamalla,MD Patel,Muhammed Imran,1,0,,,,,,"",""
ball,2,1.2,United States of America,MD Patel,SR Mukkamalla,Muhammed Imran,0,1,1,,,,,"",""
ball,2,1.3,United States of America,MD Patel,SR Mukkamalla,Muhammed Imran,0,0,,,,,,"",""
ball,2,1.4,United States of America,MD Patel,SR Mukkamalla,Muhammed Imran,1,0,,,,,,"",""
ball,2,1.5,United States of America,SR Mukkamalla,MD Patel,Muhammed Imran,0,1,1,,,,,"",""
ball,2,1.6,United States of America,SR Mukkamalla,MD Patel,Muhammed Imran,0,0,,,,,,"",""
ball,2,1.7,United States of America,SR Mukkamalla,MD Patel,Muhammed Imran,0,0,,,,,,"",""
ball,2,1.8,United States of America,SR Mukkamalla,MD Patel,Muhammed Imran,0,0,,,,,,caught,SR Mukkamalla
ball,2,2.1,United States of America,MD Patel,Milind Kumar,Shakeel Ahmed,0,0,,,,,,"",""
ball,2,2.2,United States of America,MD Patel,Milind Kumar,Shakeel Ahmed,1,0,,,,,,"",""
ball,2,2.3,United States of America,Milind Kumar,MD Patel,Shakeel Ahmed,0,0,,,,,,lbw,Milind Kumar
ball,2,2.4,United States of America,SP Krishnamurthi,MD Patel,Shakeel Ahmed,0,0,,,,,,"",""
ball,2,2.5,United States of America,SP Krishnamurthi,MD Patel,Shakeel Ahmed,0,0,,,,,,"",""
ball,2,2.6,United States of America,SP Krishnamurthi,MD Patel,Shakeel Ahmed,0,0,,,,,,"",""
ball,2,3.1,United States of America,MD Patel,SP Krishnamurthi,Muhammed Imran,0,0,,,,,,"",""
ball,2,3.2,United States of America,MD Patel,SP Krishnamurthi,Muhammed Imran,4,0,,,,,,"",""
ball,2,3.3,United States of America,MD Patel,SP Krishnamurthi,Muhammed Imran,0,0,,,,,,"",""
ball,2,3.4,United States of America,MD Patel,SP Krishnamurthi,Muhammed Imran,1,0,,,,,,"",""
ball,2,3.5,United States of America,SP Krishnamurthi,MD Patel,Muhammed Imran,0,0,,,,,,"",""
ball,2,3.6,United States of America,SP Krishnamurthi,MD Patel,Muhammed Imran,4,0,,,,,,"",""
ball,2,4.1,United States of America,MD Patel,SP Krishnamurthi,Shakeel Ahmed,0,0,,,,,,"",""
ball,2,4.2,United States of America,MD Patel,SP Krishnamurthi,Shakeel Ahmed,1,0,,,,,,"",""
ball,2,4.3,United States of America,SP Krishnamurthi,MD Patel,Shakeel Ahmed,0,0,,,,,,"",""
ball,2,4.4,United States of America,SP Krishnamurthi,MD Patel,Shakeel Ahmed,6,0,,,,,,"",""
ball,2,4.5,United States of America,SP Krishnamurthi,MD Patel,Shakeel Ahmed,0,0,,,,,,"",""
ball,2,4.6,United States of America,SP Krishnamurthi,MD Patel,Shakeel Ahmed,0,0,,,,,,"",""
ball,2,5.1,United States of America,MD Patel,SP Krishnamurthi,J Ramanandi,0,0,,,,,,"",""
ball,2,5.2,United States of America,MD Patel,SP Krishnamurthi,J Ramanandi,1,0,,,,,,"",""
ball,2,5.3,United States of America,SP Krishnamurthi,MD Patel,J Ramanandi,0,0,,,,,,"",""
ball,2,5.4,United States of America,SP Krishnamurthi,MD Patel,J Ramanandi,0,0,,,,,,"",""
ball,2,5.5,United States of America,SP Krishnamurthi,MD Patel,J Ramanandi,1,0,,,,,,"",""
ball,2,5.6,United States of America,MD Patel,SP Krishnamurthi,J Ramanandi,1,0,,,,,,"",""
ball,2,6.1,United States of America,MD Patel,SP Krishnamurthi,Aamir Kaleem,0,0,,,,,,"",""
ball,2,6.2,United States of America,MD Patel,SP Krishnamurthi,Aamir Kaleem,1,0,,,,,,"",""
ball,2,6.3,United States of America,SP Krishnamurthi,MD Patel,Aamir Kaleem,6,0,,,,,,"",""
ball,2,6.4,United States of America,SP Krishnamurthi,MD Patel,Aamir Kaleem,0,0,,,,,,"",""
ball,2,6.5,United States of America,SP Krishnamurthi,MD Patel,Aamir Kaleem,4,0,,,,,,"",""
ball,2,6.6,United States of America,SP Krishnamurthi,MD Patel,Aamir Kaleem,0,0,,,,,,"",""
ball,2,7.1,United States of America,MD Patel,SP Krishnamurthi,J Ramanandi,0,0,,,,,,"",""
ball,2,7.2,United States of America,MD Patel,SP Krishnamurthi,J Ramanandi,6,0,,,,,,"",""
ball,2,7.3,United States of America,MD Patel,SP Krishnamurthi,J Ramanandi,0,1,1,,,,,"",""
ball,2,7.4,United States of America,MD Patel,SP Krishnamurthi,J Ramanandi,1,0,,,,,,"",""
ball,2,7.5,United States of America,SP Krishnamurthi,MD Patel,J Ramanandi,1,0,,,,,,"",""
ball,2,7.6,United States of America,MD Patel,SP Krishnamurthi,J Ramanandi,2,0,,,,,,"",""
ball,2,7.7,United States of America,MD Patel,SP Krishnamurthi,J Ramanandi,1,0,,,,,,"",""
ball,2,8.1,United States of America,MD Patel,SP Krishnamurthi,Sufyan Mehmood,0,0,,,,,,"",""
ball,2,8.2,United States of America,MD Patel,SP Krishnamurthi,Sufyan Mehmood,1,0,,,,,,"",""
ball,2,8.3,United States of America,SP Krishnamurthi,MD Patel,Sufyan Mehmood,0,0,,,,,,"",""
ball,2,8.4,United States of America,SP Krishnamurthi,MD Patel,Sufyan Mehmood,1,0,,,,,,"",""
ball,2,8.5,United States of America,MD Patel,SP Krishnamurthi,Sufyan Mehmood,1,0,,,,,,"",""
ball,2,8.6,United States of America,SP Krishnamurthi,MD Patel,Sufyan Mehmood,0,0,,,,,,caught and bowled,SP Krishnamurthi
ball,2,9.1,United States of America,MD Patel,Aaron Jones,J Ramanandi,1,0,,,,,,"",""
ball,2,9.2,United States of America,Aaron Jones,MD Patel,J Ramanandi,1,0,,,,,,"",""
ball,2,9.3,United States of America,MD Patel,Aaron Jones,J Ramanandi,6,0,,,,,,"",""
ball,2,9.4,United States of America,MD Patel,Aaron Jones,J Ramanandi,1,0,,,,,,"",""
ball,2,9.5,United States of America,Aaron Jones,MD Patel,J Ramanandi,1,0,,,,,,"",""
ball,2,9.6,United States of America,MD Patel,Aaron Jones,J Ramanandi,4,0,,,,,,"",""
ball,2,10.1,United States of America,Aaron Jones,MD Patel,Sufyan Mehmood,1,0,,,,,,"",""
ball,2,10.2,United States of America,MD Patel,Aaron Jones,Sufyan Mehmood,1,0,,,,,,"",""
ball,2,10.3,United States of America,Aaron Jones,MD Patel,Sufyan Mehmood,1,0,,,,,,"",""
ball,2,10.4,United States of America,MD Patel,Aaron Jones,Sufyan Mehmood,1,0,,,,,,"",""
ball,2,10.5,United States of America,Aaron Jones,MD Patel,Sufyan Mehmood,2,0,,,,,,"",""
ball,2,10.6,United States of America,Aaron Jones,MD Patel,Sufyan Mehmood,1,0,,,,,,"",""
ball,2,11.1,United States of America,Aaron Jones,MD Patel,B Siddharth,1,0,,,,,,"",""
ball,2,11.2,United States of America,MD Patel,Aaron Jones,B Siddharth,1,0,,,,,,"",""
ball,2,11.3,United States of America,Aaron Jones,MD Patel,B Siddharth,0,0,,,,,,"",""
ball,2,11.4,United States of America,Aaron Jones,MD Patel,B Siddharth,1,0,,,,,,"",""
ball,2,11.5,United States of America,MD Patel,Aaron Jones,B Siddharth,0,0,,,,,,"",""
ball,2,11.6,United States of America,MD Patel,Aaron Jones,B Siddharth,1,0,,,,,,"",""
ball,2,12.1,United States of America,MD Patel,Aaron Jones,Sufyan Mehmood,1,0,,,,,,"",""
ball,2,12.2,United States of America,Aaron Jones,MD Patel,Sufyan Mehmood,1,0,,,,,,"",""
ball,2,12.3,United States of America,MD Patel,Aaron Jones,Sufyan Mehmood,4,0,,,,,,"",""
ball,2,12.4,United States of America,MD Patel,Aaron Jones,Sufyan Mehmood,0,0,,,,,,"",""
ball,2,12.5,United States of America,MD Patel,Aaron Jones,Sufyan Mehmood,0,1,,,,1,,"",""
ball,2,12.6,United States of America,Aaron Jones,MD Patel,Sufyan Mehmood,1,0,,,,,,"",""
ball,2,13.1,United States of America,Aaron Jones,MD Patel,B Siddharth,0,0,,,,,,"",""
ball,2,13.2,United States of America,Aaron Jones,MD Patel,B Siddharth,4,0,,,,,,"",""
ball,2,13.3,United States of America,Aaron Jones,MD Patel,B Siddharth,0,0,,,,,,"",""
ball,2,13.4,United States of America,Aaron Jones,MD Patel,B Siddharth,0,1,,,,1,,"",""
ball,2,13.5,United States of America,MD Patel,Aaron Jones,B Siddharth,2,0,,,,,,"",""
ball,2,13.6,United States of America,MD Patel,Aaron Jones,B Siddharth,4,0,,,,,,"",""
ball,2,14.1,United States of America,Aaron Jones,MD Patel,Mujibur Ali,4,0,,,,,,"",""
ball,2,14.2,United States of America,Aaron Jones,MD Patel,Mujibur Ali,0,0,,,,,,"",""
ball,2,14.3,United States of America,Aaron Jones,MD Patel,Mujibur Ali,6,0,,,,,,"",""
ball,2,14.4,United States of America,Aaron Jones,MD Patel,Mujibur Ali,0,0,,,,,,"",""
ball,2,14.5,United States of America,Aaron Jones,MD Patel,Mujibur Ali,0,0,,,,,,"",""
ball,2,14.6,United States of America,Aaron Jones,MD Patel,Mujibur Ali,1,0,,,,,,"",""
ball,2,15.1,United States of America,Aaron Jones,MD Patel,Shakeel Ahmed,1,0,,,,,,"",""
ball,2,15.2,United States of America,MD Patel,Aaron Jones,Shakeel Ahmed,1,0,,,,,,"",""
ball,2,15.3,United States of America,Aaron Jones,MD Patel,Shakeel Ahmed,0,0,,,,,,"",""
ball,2,15.4,United States of America,Aaron Jones,MD Patel,Shakeel Ahmed,1,0,,,,,,"",""
ball,2,15.5,United States of America,MD Patel,Aaron Jones,Shakeel Ahmed,1,0,,,,,,"",""
ball,2,15.6,United States of America,Aaron Jones,MD Patel,Shakeel Ahmed,1,0,,,,,,"",""
ball,2,16.1,United States of America,Aaron Jones,MD Patel,Sufyan Mehmood,1,0,,,,,,"",""
ball,2,16.2,United States of America,MD Patel,Aaron Jones,Sufyan Mehmood,4,0,,,,,,"",""
ball,2,16.3,United States of America,MD Patel,Aaron Jones,Sufyan Mehmood,1,0,,,,,,"",""
ball,2,16.4,United States of America,Aaron Jones,MD Patel,Sufyan Mehmood,2,0,,,,,,"",""
ball,2,16.5,United States of America,Aaron Jones,MD Patel,Sufyan Mehmood,1,0,,,,,,"",""
ball,2,16.6,United States of America,MD Patel,Aaron Jones,Sufyan Mehmood,1,0,,,,,,"",""
ball,2,17.1,United States of America,MD Patel,Aaron Jones,Muhammed Imran,0,0,,,,,,"",""
ball,2,17.2,United States of America,MD Patel,Aaron Jones,Muhammed Imran,1,0,,,,,,"",""
ball,2,17.3,United States of America,Aaron Jones,MD Patel,Muhammed Imran,2,0,,,,,,"",""
ball,2,17.4,United States of America,Aaron Jones,MD Patel,Muhammed Imran,0,0,,,,,,caught,Aaron Jones
ball,2,17.5,United States of America,Ali Sheikh,MD Patel,Muhammed Imran,1,0,,,,,,"",""
ball,2,17.6,United States of America,MD Patel,Ali Sheikh,Muhammed Imran,1,0,,,,,,"",""
ball,2,18.1,United States of America,MD Patel,Ali Sheikh,J Ramanandi,1,0,,,,,,"",""
ball,2,18.2,United States of America,Ali Sheikh,MD Patel,J Ramanandi,1,0,,,,,,"",""
ball,2,18.3,United States of America,MD Patel,Ali Sheikh,J Ramanandi,2,0,,,,,,"",""
ball,2,18.4,United States of America,MD Patel,Ali Sheikh,J Ramanandi,4,0,,,,,,"",""
ball,2,18.5,United States of America,MD Patel,Ali Sheikh,J Ramanandi,1,0,,,,,,"",""
ball,2,18.6,United States of America,Ali Sheikh,MD Patel,J Ramanandi,1,0,,,,,,"",""
ball,2,19.1,United States of America,Ali Sheikh,MD Patel,Muhammed Imran,0,0,,,,,,caught,Ali Sheikh
ball,2,19.2,United States of America,SV Wiig,MD Patel,Muhammed Imran,1,0,,,,,,"",""
ball,2,19.3,United States of America,MD Patel,SV Wiig,Muhammed Imran,4,0,,,,,,"",""
