version,1.7.0
info,balls_per_over,6
info,team,Oman
info,team,United States of America
info,gender,male
info,season,2024/25
info,date,2025/02/23
info,event,United States of America tour of Oman
info,match_number,3
info,venue,Al Amerat Cricket Ground Oman Cricket (Ministry Turf 1)
info,city,Al Amarat
info,toss_winner,Oman
info,toss_decision,bat
info,player_of_match,Milind Kumar
info,umpire,Harikrishna Pillai
info,umpire,Rahul Asher
info,reserve_umpire,Vinod Babu
info,match_referee,V Narayan Kutty
info,winner,United States of America
info,winner_wickets,8
info,player,Oman,Aamir Kaleem
info,player,Oman,Jatinder Singh
info,player,Oman,Mujibur Ali
info,player,Oman,Hammad Mirza
info,player,Oman,Mohammad Nadeem
info,player,Oman,J Ramanandi
info,player,Oman,V Shukla
info,player,Oman,Shakeel Ahmed
info,player,Oman,S Shrivastava
info,player,Oman,Muhammed Imran
info,player,Oman,Bilal Shah
info,player,United States of America,SR Mukkamalla
info,player,United States of America,AGS Gous
info,player,United States of America,Milind Kumar
info,player,United States of America,Aaron Jones
info,player,United States of America,MD Patel
info,player,United States of America,SP Krishnamurthi
info,player,United States of America,Harmeet Singh
info,player,United States of America,NP Kenjige
info,player,United States of America,Ali Sheikh
info,player,United States of America,J Drysdale
info,player,United States of America,SV Wiig
info,registry,people,AGS Gous,d1305df0
info,registry,people,Aamir Kaleem,7ecb9a14
info,registry,people,Aaron Jones,17aa4f1d
info,registry,people,Ali Sheikh,fa4f5a0b
info,registry,people,Bilal Shah,c7530eeb
info,registry,people,Hammad Mirza,0b7b78c6
info,registry,people,Harikrishna Pillai,ed918c90
info,registry,people,Harmeet Singh,0bf15e52
info,registry,people,J Drysdale,23f94c02
info,registry,people,J Ramanandi,f7ce2ff9
info,registry,people,Jatinder Singh,b80dd12c
info,registry,people,MD Patel,25d7f1ac
info,registry,people,Milind Kumar,b4296080
info,registry,people,Mohammad Nadeem,c5d7b244
info,registry,people,Muhammed Imran,5278cecc
info,registry,people,Mujibur Ali,e88468b7
info,registry,people,NP Kenjige,f7d267f7
info,registry,people,Rahul Asher,4956b0bf
info,registry,people,S Shrivastava,ac166f77
info,registry,people,SP Krishnamurthi,3b8e7647
info,registry,people,SR Mukkamalla,156d0ea2
info,registry,people,SV Wiig,44f11bd0
info,registry,people,Shakeel Ahmed,e29e9c12
info,registry,people,V Narayan Kutty,4bacee3d
info,registry,people,V Shukla,101b1180
info,registry,people,Vinod Babu,37e6187d
ball,1,0.1,Oman,Aamir Kaleem,Jatinder Singh,J Drysdale,0,0,,,,,,"",""
ball,1,0.2,Oman,Aamir Kaleem,Jatinder Singh,J Drysdale,0,0,,,,,,"",""
ball,1,0.3,Oman,Aamir Kaleem,Jatinder Singh,J Drysdale,0,0,,,,,,"",""
ball,1,0.4,Oman,Aamir Kaleem,Jatinder Singh,J Drysdale,0,0,,,,,,caught,Aamir Kaleem
ball,1,0.5,Oman,Mujibur Ali,Jatinder Singh,J Drysdale,0,0,,,,,,"",""
ball,1,0.6,Oman,Mujibur Ali,Jatinder Singh,J Drysdale,1,0,,,,,,"",""
ball,1,1.1,Oman,Mujibur Ali,Jatinder Singh,Milind Kumar,0,1,1,,,,,"",""
ball,1,1.2,Oman,Mujibur Ali,Jatinder Singh,Milind Kumar,0,0,,,,,,"",""
ball,1,1.3,Oman,Mujibur Ali,Jatinder Singh,Milind Kumar,4,0,,,,,,"",""
ball,1,1.4,Oman,Mujibur Ali,Jatinder Singh,Milind Kumar,0,0,,,,,,"",""
ball,1,1.5,Oman,Mujibur Ali,Jatinder Singh,Milind Kumar,0,0,,,,,,bowled,Mujibur Ali
ball,1,1.6,Oman,Hammad Mirza,Jatinder Singh,Milind Kumar,0,0,,,,,,"",""
ball,1,1.7,Oman,Hammad Mirza,Jatinder Singh,Milind Kumar,0,0,,,,,,"",""
ball,1,2.1,Oman,Jatinder Singh,Hammad Mirza,J Drysdale,0,0,,,,,,"",""
ball,1,2.2,Oman,Jatinder Singh,Hammad Mirza,J Drysdale,0,0,,,,,,run out,Hammad Mirza
ball,1,2.3,Oman,Mohammad Nadeem,Jatinder Singh,J Drysdale,1,0,,,,,,"",""
ball,1,2.4,Oman,Jatinder Singh,Mohammad Nadeem,J Drysdale,4,0,,,,,,"",""
ball,1,2.5,Oman,Jatinder Singh,Mohammad Nadeem,J Drysdale,0,0,,,,,,"",""
ball,1,2.6,Oman,Jatinder Singh,Mohammad Nadeem,J Drysdale,1,0,,,,,,"",""
ball,1,3.1,Oman,Jatinder Singh,Mohammad Nadeem,Ali Sheikh,0,0,,,,,,"",""
ball,1,3.2,Oman,Jatinder Singh,Mohammad Nadeem,Ali Sheikh,4,0,,,,,,"",""
ball,1,3.3,Oman,Jatinder Singh,Mohammad Nadeem,Ali Sheikh,4,0,,,,,,"",""
ball,1,3.4,Oman,Jatinder Singh,Mohammad Nadeem,Ali Sheikh,4,0,,,,,,"",""
ball,1,3.5,Oman,Jatinder Singh,Mohammad Nadeem,Ali Sheikh,0,0,,,,,,"",""
ball,1,3.6,Oman,Jatinder Singh,Mohammad Nadeem,Ali Sheikh,0,0,,,,,,"",""
ball,1,4.1,Oman,Mohammad Nadeem,Jatinder Singh,SV Wiig,0,0,,,,,,"",""
ball,1,4.2,Oman,Mohammad Nadeem,Jatinder Singh,SV Wiig,0,0,,,,,,"",""
ball,1,4.3,Oman,Mohammad Nadeem,Jatinder Singh,SV Wiig,2,0,,,,,,"",""
ball,1,4.4,Oman,Mohammad Nadeem,Jatinder Singh,SV Wiig,4,0,,,,,,"",""
ball,1,4.5,Oman,Mohammad Nadeem,Jatinder Singh,SV Wiig,1,0,,,,,,"",""
ball,1,4.6,Oman,Jatinder Singh,Mohammad Nadeem,SV Wiig,2,0,,,,,,"",""
ball,1,5.1,Oman,Mohammad Nadeem,Jatinder Singh,NP Kenjige,0,0,,,,,,"",""
ball,1,5.2,Oman,Mohammad Nadeem,Jatinder Singh,NP Kenjige,0,0,,,,,,"",""
ball,1,5.3,Oman,Mohammad Nadeem,Jatinder Singh,NP Kenjige,0,0,,,,,,"",""
ball,1,5.4,Oman,Mohammad Nadeem,Jatinder Singh,NP Kenjige,0,0,,,,,,"",""
ball,1,5.5,Oman,Mohammad Nadeem,Jatinder Singh,NP Kenjige,0,0,,,,,,"",""
ball,1,5.6,Oman,Mohammad Nadeem,Jatinder Singh,NP Kenjige,1,0,,,,,,"",""
ball,1,6.1,Oman,Mohammad Nadeem,Jatinder Singh,Harmeet Singh,1,0,,,,,,"",""
ball,1,6.2,Oman,Jatinder Singh,Mohammad Nadeem,Harmeet Singh,1,0,,,,,,"",""
ball,1,6.3,Oman,Mohammad Nadeem,Jatinder Singh,Harmeet Singh,0,0,,,,,,"",""
ball,1,6.4,Oman,Mohammad Nadeem,Jatinder Singh,Harmeet Singh,1,0,,,,,,"",""
ball,1,6.5,Oman,Jatinder Singh,Mohammad Nadeem,Harmeet Singh,6,0,,,,,,"",""
ball,1,6.6,Oman,Jatinder Singh,Mohammad Nadeem,Harmeet Singh,1,0,,,,,,"",""
ball,1,7.1,Oman,Jatinder Singh,Mohammad Nadeem,NP Kenjige,1,0,,,,,,"",""
ball,1,7.2,Oman,Mohammad Nadeem,Jatinder Singh,NP Kenjige,0,0,,,,,,lbw,Mohammad Nadeem
ball,1,7.3,Oman,J Ramanandi,Jatinder Singh,NP Kenjige,0,0,,,,,,"",""
ball,1,7.4,Oman,J Ramanandi,Jatinder Singh,NP Kenjige,0,0,,,,,,"",""
ball,1,7.5,Oman,J Ramanandi,Jatinder Singh,NP Kenjige,1,0,,,,,,"",""
ball,1,7.6,Oman,Jatinder Singh,J Ramanandi,NP Kenjige,1,0,,,,,,"",""
ball,1,8.1,Oman,Jatinder Singh,J Ramanandi,Harmeet Singh,4,0,,,,,,"",""
ball,1,8.2,Oman,Jatinder Singh,J Ramanandi,Harmeet Singh,1,0,,,,,,"",""
ball,1,8.3,Oman,J Ramanandi,Jatinder Singh,Harmeet Singh,0,0,,,,,,"",""
ball,1,8.4,Oman,J Ramanandi,Jatinder Singh,Harmeet Singh,1,0,,,,,,"",""
ball,1,8.5,Oman,Jatinder Singh,J Ramanandi,Harmeet Singh,1,0,,,,,,"",""
ball,1,8.6,Oman,J Ramanandi,Jatinder Singh,Harmeet Singh,1,0,,,,,,"",""
ball,1,9.1,Oman,J Ramanandi,Jatinder Singh,Milind Kumar,1,0,,,,,,"",""
ball,1,9.2,Oman,Jatinder Singh,J Ramanandi,Milind Kumar,1,0,,,,,,"",""
ball,1,9.3,Oman,J Ramanandi,Jatinder Singh,Milind Kumar,0,0,,,,,,"",""
ball,1,9.4,Oman,J Ramanandi,Jatinder Singh,Milind Kumar,0,0,,,,,,"",""
ball,1,9.5,Oman,J Ramanandi,Jatinder Singh,Milind Kumar,0,0,,,,,,"",""
ball,1,9.6,Oman,J Ramanandi,Jatinder Singh,Milind Kumar,1,0,,,,,,"",""
ball,1,10.1,Oman,J Ramanandi,Jatinder Singh,NP Kenjige,0,0,,,,,,"",""
ball,1,10.2,Oman,J Ramanandi,Jatinder Singh,NP Kenjige,2,0,,,,,,"",""
ball,1,10.3,Oman,J Ramanandi,Jatinder Singh,NP Kenjige,0,0,,,,,,"",""
ball,1,10.4,Oman,J Ramanandi,Jatinder Singh,NP Kenjige,1,0,,,,,,"",""
ball,1,10.5,Oman,Jatinder Singh,J Ramanandi,NP Kenjige,0,0,,,,,,"",""
ball,1,10.6,Oman,Jatinder Singh,J Ramanandi,NP Kenjige,0,0,,,,,,"",""
ball,1,11.1,Oman,J Ramanandi,Jatinder Singh,Milind Kumar,1,0,,,,,,"",""
ball,1,11.2,Oman,Jatinder Singh,J Ramanandi,Milind Kumar,0,0,,,,,,"",""
ball,1,11.3,Oman,Jatinder Singh,J Ramanandi,Milind Kumar,0,1,,,,1,,"",""
ball,1,11.4,Oman,J Ramanandi,Jatinder Singh,Milind Kumar,0,0,,,,,,"",""
ball,1,11.5,Oman,J Ramanandi,Jatinder Singh,Milind Kumar,1,0,,,,,,"",""
ball,1,11.6,Oman,Jatinder Singh,J Ramanandi,Milind Kumar,4,0,,,,,,"",""
ball,1,12.1,Oman,J Ramanandi,Jatinder Singh,NP Kenjige,1,0,,,,,,"",""
ball,1,12.2,Oman,Jatinder Singh,J Ramanandi,NP Kenjige,0,0,,,,,,"",""
ball,1,12.3,Oman,Jatinder Singh,J Ramanandi,NP Kenjige,6,0,,,,,,"",""
ball,1,12.4,Oman,Jatinder Singh,J Ramanandi,NP Kenjige,4,0,,,,,,"",""
ball,1,12.5,Oman,Jatinder Singh,J Ramanandi,NP Kenjige,1,0,,,,,,"",""
ball,1,12.6,Oman,J Ramanandi,Jatinder Singh,NP Kenjige,1,0,,,,,,"",""
ball,1,13.1,Oman,J Ramanandi,Jatinder Singh,Ali Sheikh,1,0,,,,,,"",""
ball,1,13.2,Oman,Jatinder Singh,J Ramanandi,Ali Sheikh,0,0,,,,,,bowled,Jatinder Singh
ball,1,13.3,Oman,V Shukla,J Ramanandi,Ali Sheikh,1,0,,,,,,"",""
ball,1,13.4,Oman,J Ramanandi,V Shukla,Ali Sheikh,0,0,,,,,,"",""
ball,1,13.5,Oman,J Ramanandi,V Shukla,Ali Sheikh,0,0,,,,,,"",""
ball,1,13.6,Oman,J Ramanandi,V Shukla,Ali Sheikh,1,0,,,,,,"",""
ball,1,14.1,Oman,J Ramanandi,V Shukla,Harmeet Singh,0,0,,,,,,"",""
ball,1,14.2,Oman,J Ramanandi,V Shukla,Harmeet Singh,0,0,,,,,,"",""
ball,1,14.3,Oman,J Ramanandi,V Shukla,Harmeet Singh,1,0,,,,,,"",""
ball,1,14.4,Oman,V Shukla,J Ramanandi,Harmeet Singh,1,0,,,,,,"",""
ball,1,14.5,Oman,J Ramanandi,V Shukla,Harmeet Singh,0,0,,,,,,"",""
ball,1,14.6,Oman,J Ramanandi,V Shukla,Harmeet Singh,0,0,,,,,,"",""
ball,1,15.1,Oman,V Shukla,J Ramanandi,Ali Sheikh,1,0,,,,,,"",""
ball,1,15.2,Oman,J Ramanandi,V Shukla,Ali Sheikh,1,0,,,,,,"",""
ball,1,15.3,Oman,V Shukla,J Ramanandi,Ali Sheikh,0,0,,,,,,"",""
ball,1,15.4,Oman,V Shukla,J Ramanandi,Ali Sheikh,1,0,,,,,,"",""
ball,1,15.5,Oman,J Ramanandi,V Shukla,Ali Sheikh,0,0,,,,,,caught,J Ramanandi
ball,1,15.6,Oman,Shakeel Ahmed,V Shukla,Ali Sheikh,0,0,,,,,,"",""
ball,1,16.1,Oman,V Shukla,Shakeel Ahmed,Harmeet Singh,0,0,,,,,,"",""
ball,1,16.2,Oman,V Shukla,Shakeel Ahmed,Harmeet Singh,1,0,,,,,,"",""
ball,1,16.3,Oman,Shakeel Ahmed,V Shukla,Harmeet Singh,1,0,,,,,,"",""
ball,1,16.4,Oman,V Shukla,Shakeel Ahmed,Harmeet Singh,1,0,,,,,,"",""
ball,1,16.5,Oman,Shakeel Ahmed,V Shukla,Harmeet Singh,1,0,,,,,,"",""
ball,1,16.6,Oman,V Shukla,Shakeel Ahmed,Harmeet Singh,1,0,,,,,,"",""
ball,1,17.1,Oman,V Shukla,Shakeel Ahmed,Ali Sheikh,1,0,,,,,,"",""
ball,1,17.2,Oman,Shakeel Ahmed,V Shukla,Ali Sheikh,6,0,,,,,,"",""
ball,1,17.3,Oman,Shakeel Ahmed,V Shukla,Ali Sheikh,1,0,,,,,,"",""
ball,1,17.4,Oman,V Shukla,Shakeel Ahmed,Ali Sheikh,1,0,,,,,,"",""
ball,1,17.5,Oman,Shakeel Ahmed,V Shukla,Ali Sheikh,6,0,,,,,,"",""
ball,1,17.6,Oman,Shakeel Ahmed,V Shukla,Ali Sheikh,1,0,,,,,,"",""
ball,1,18.1,Oman,Shakeel Ahmed,V Shukla,J Drysdale,2,0,,,,,,"",""
ball,1,18.2,Oman,Shakeel Ahmed,V Shukla,J Drysdale,4,0,,,,,,"",""
ball,1,18.3,Oman,Shakeel Ahmed,V Shukla,J Drysdale,1,0,,,,,,"",""
ball,1,18.4,Oman,V Shukla,Shakeel Ahmed,J Drysdale,4,0,,,,,,"",""
ball,1,18.5,Oman,V Shukla,Shakeel Ahmed,J Drysdale,0,0,,,,,,caught,V Shukla
ball,1,18.6,Oman,S Shrivastava,Shakeel Ahmed,J Drysdale,0,0,,,,,,bowled,S Shrivastava
ball,1,19.1,Oman,Shakeel Ahmed,Muhammed Imran,SV Wiig,1,0,,,,,,"",""
ball,1,19.2,Oman,Muhammed Imran,Shakeel Ahmed,SV Wiig,0,0,,,,,,bowled,Muhammed Imran
ball,1,19.3,Oman,Bilal Shah,Shakeel Ahmed,SV Wiig,1,0,,,,,,"",""
ball,1,19.4,Oman,Shakeel Ahmed,Bilal Shah,SV Wiig,0,0,,,,,,"",""
ball,1,19.5,Oman,Shakeel Ahmed,Bilal Shah,SV Wiig,0,0,,,,,,"",""
ball,1,19.6,Oman,Shakeel Ahmed,Bilal Shah,SV Wiig,0,0,,,,,,caught,Shakeel Ahmed
ball,2,0.1,United States of America,SR Mukkamalla,AGS Gous,Shakeel Ahmed,0,0,,,,,,"",""
ball,2,0.2,United States of America,SR Mukkamalla,AGS Gous,Shakeel Ahmed,0,0,,,,,,"",""
ball,2,0.3,United States of America,SR Mukkamalla,AGS Gous,Shakeel Ahmed,4,0,,,,,,"",""
ball,2,0.4,United States of America,SR Mukkamalla,AGS Gous,Shakeel Ahmed,0,0,,,,,,"",""
ball,2,0.5,United States of America,SR Mukkamalla,AGS Gous,Shakeel Ahmed,6,0,,,,,,"",""
ball,2,0.6,United States of America,SR Mukkamalla,AGS Gous,Shakeel Ahmed,1,0,,,,,,"",""
ball,2,1.1,United States of America,SR Mukkamalla,AGS Gous,Muhammed Imran,4,0,,,,,,"",""
ball,2,1.2,United States of America,SR Mukkamalla,AGS Gous,Muhammed Imran,0,0,,,,,,"",""
ball,2,1.3,United States of America,SR Mukkamalla,AGS Gous,Muhammed Imran,4,0,,,,,,"",""
ball,2,1.4,United States of America,SR Mukkamalla,AGS Gous,Muhammed Imran,0,0,,,,,,"",""
ball,2,1.5,United States of America,SR Mukkamalla,AGS Gous,Muhammed Imran,0,0,,,,,,caught,SR Mukkamalla
ball,2,1.6,United States of America,Milind Kumar,AGS Gous,Muhammed Imran,1,0,,,,,,"",""
ball,2,2.1,United States of America,Milind Kumar,AGS Gous,Shakeel Ahmed,0,0,,,,,,"",""
ball,2,2.2,United States of America,Milind Kumar,AGS Gous,Shakeel Ahmed,1,0,,,,,,"",""
ball,2,2.3,United States of America,AGS Gous,Milind Kumar,Shakeel Ahmed,0,0,,,,,,"",""
ball,2,2.4,United States of America,AGS Gous,Milind Kumar,Shakeel Ahmed,1,0,,,,,,"",""
ball,2,2.5,United States of America,Milind Kumar,AGS Gous,Shakeel Ahmed,4,0,,,,,,"",""
ball,2,2.6,United States of America,Milind Kumar,AGS Gous,Shakeel Ahmed,0,0,,,,,,"",""
ball,2,3.1,United States of America,AGS Gous,Milind Kumar,Muhammed Imran,4,0,,,,,,"",""
ball,2,3.2,United States of America,AGS Gous,Milind Kumar,Muhammed Imran,1,0,,,,,,"",""
ball,2,3.3,United States of America,Milind Kumar,AGS Gous,Muhammed Imran,1,0,,,,,,"",""
ball,2,3.4,United States of America,AGS Gous,Milind Kumar,Muhammed Imran,4,0,,,,,,"",""
ball,2,3.5,United States of America,AGS Gous,Milind Kumar,Muhammed Imran,0,0,,,,,,"",""
ball,2,3.6,United States of America,AGS Gous,Milind Kumar,Muhammed Imran,0,0,,,,,,"",""
ball,2,4.1,United States of America,Milind Kumar,AGS Gous,Aamir Kaleem,0,0,,,,,,"",""
ball,2,4.2,United States of America,Milind Kumar,AGS Gous,Aamir Kaleem,0,0,,,,,,"",""
ball,2,4.3,United States of America,Milind Kumar,AGS Gous,Aamir Kaleem,6,0,,,,,,"",""
ball,2,4.4,United States of America,Milind Kumar,AGS Gous,Aamir Kaleem,2,0,,,,,,"",""
ball,2,4.5,United States of America,Milind Kumar,AGS Gous,Aamir Kaleem,4,0,,,,,,"",""
ball,2,4.6,United States of America,Milind Kumar,AGS Gous,Aamir Kaleem,1,0,,,,,,"",""
ball,2,5.1,United States of America,Milind Kumar,AGS Gous,Bilal Shah,1,0,,,,,,"",""
ball,2,5.2,United States of America,AGS Gous,Milind Kumar,Bilal Shah,6,0,,,,,,"",""
ball,2,5.3,United States of America,AGS Gous,Milind Kumar,Bilal Shah,0,0,,,,,,"",""
ball,2,5.4,United States of America,AGS Gous,Milind Kumar,Bilal Shah,4,0,,,,,,"",""
ball,2,5.5,United States of America,AGS Gous,Milind Kumar,Bilal Shah,0,0,,,,,,"",""
ball,2,5.6,United States of America,AGS Gous,Milind Kumar,Bilal Shah,1,0,,,,,,"",""
ball,2,6.1,United States of America,AGS Gous,Milind Kumar,S Shrivastava,1,0,,,,,,"",""
ball,2,6.2,United States of America,Milind Kumar,AGS Gous,S Shrivastava,1,0,,,,,,"",""
ball,2,6.3,United States of America,AGS Gous,Milind Kumar,S Shrivastava,0,0,,,,,,"",""
ball,2,6.4,United States of America,AGS Gous,Milind Kumar,S Shrivastava,4,0,,,,,,"",""
ball,2,6.5,United States of America,AGS Gous,Milind Kumar,S Shrivastava,1,0,,,,,,"",""
ball,2,6.6,United States of America,Milind Kumar,AGS Gous,S Shrivastava,0,0,,,,,,"",""
ball,2,7.1,United States of America,AGS Gous,Milind Kumar,Bilal Shah,1,0,,,,,,"",""
ball,2,7.2,United States of America,Milind Kumar,AGS Gous,Bilal Shah,1,0,,,,,,"",""
ball,2,7.3,United States of America,AGS Gous,Milind Kumar,Bilal Shah,1,0,,,,,,"",""
ball,2,7.4,United States of America,Milind Kumar,AGS Gous,Bilal Shah,1,0,,,,,,"",""
ball,2,7.5,United States of America,AGS Gous,Milind Kumar,Bilal Shah,1,0,,,,,,"",""
ball,2,7.6,United States of America,Milind Kumar,AGS Gous,Bilal Shah,1,0,,,,,,"",""
ball,2,8.1,United States of America,Milind Kumar,AGS Gous,S Shrivastava,1,0,,,,,,"",""
ball,2,8.2,United States of America,AGS Gous,Milind Kumar,S Shrivastava,1,0,,,,,,"",""
ball,2,8.3,United States of America,Milind Kumar,AGS Gous,S Shrivastava,0,0,,,,,,"",""
ball,2,8.4,United States of America,Milind Kumar,AGS Gous,S Shrivastava,6,0,,,,,,"",""
ball,2,8.5,United States of America,Milind Kumar,AGS Gous,S Shrivastava,1,0,,,,,,"",""
ball,2,8.6,United States of America,AGS Gous,Milind Kumar,S Shrivastava,0,0,,,,,,bowled,AGS Gous
ball,2,9.1,United States of America,Milind Kumar,Aaron Jones,J Ramanandi,0,0,,,,,,"",""
ball,2,9.2,United States of America,Milind Kumar,Aaron Jones,J Ramanandi,1,0,,,,,,"",""
ball,2,9.3,United States of America,Aaron Jones,Milind Kumar,J Ramanandi,1,0,,,,,,"",""
ball,2,9.4,United States of America,Milind Kumar,Aaron Jones,J Ramanandi,1,0,,,,,,"",""
ball,2,9.5,United States of America,Aaron Jones,Milind Kumar,J Ramanandi,1,0,,,,,,"",""
ball,2,9.6,United States of America,Milind Kumar,Aaron Jones,J Ramanandi,0,0,,,,,,"",""
ball,2,10.1,United States of America,Aaron Jones,Milind Kumar,S Shrivastava,0,0,,,,,,"",""
ball,2,10.2,United States of America,Aaron Jones,Milind Kumar,S Shrivastava,2,0,,,,,,"",""
ball,2,10.3,United States of America,Aaron Jones,Milind Kumar,S Shrivastava,1,0,,,,,,"",""
ball,2,10.4,United States of America,Milind Kumar,Aaron Jones,S Shrivastava,0,0,,,,,,"",""
ball,2,10.5,United States of America,Milind Kumar,Aaron Jones,S Shrivastava,1,0,,,,,,"",""
ball,2,10.6,United States of America,Aaron Jones,Milind Kumar,S Shrivastava,1,0,,,,,,"",""
ball,2,11.1,United States of America,Aaron Jones,Milind Kumar,J Ramanandi,0,0,,,,,,"",""
ball,2,11.2,United States of America,Aaron Jones,Milind Kumar,J Ramanandi,1,0,,,,,,"",""
ball,2,11.3,United States of America,Milind Kumar,Aaron Jones,J Ramanandi,1,0,,,,,,"",""
ball,2,11.4,United States of America,Aaron Jones,Milind Kumar,J Ramanandi,1,0,,,,,,"",""
ball,2,11.5,United States of America,Milind Kumar,Aaron Jones,J Ramanandi,1,0,,,,,,"",""
ball,2,11.6,United States of America,Aaron Jones,Milind Kumar,J Ramanandi,1,0,,,,,,"",""
ball,2,12.1,United States of America,Aaron Jones,Milind Kumar,S Shrivastava,1,0,,,,,,"",""
ball,2,12.2,United States of America,Milind Kumar,Aaron Jones,S Shrivastava,4,0,,,,,,"",""
ball,2,12.3,United States of America,Milind Kumar,Aaron Jones,S Shrivastava,0,0,,,,,,"",""
ball,2,12.4,United States of America,Milind Kumar,Aaron Jones,S Shrivastava,1,0,,,,,,"",""
ball,2,12.5,United States of America,Aaron Jones,Milind Kumar,S Shrivastava,0,0,,,,,,"",""
ball,2,12.6,United States of America,Aaron Jones,Milind Kumar,S Shrivastava,0,1,,,,1,,"",""
ball,2,13.1,United States of America,Aaron Jones,Milind Kumar,Aamir Kaleem,6,0,,,,,,"",""
ball,2,13.2,United States of America,Aaron Jones,Milind Kumar,Aamir Kaleem,1,0,,,,,,"",""
ball,2,13.3,United States of America,Milind Kumar,Aaron Jones,Aamir Kaleem,4,0,,,,,,"",""
ball,2,13.4,United States of America,Milind Kumar,Aaron Jones,Aamir Kaleem,1,0,,,,,,"",""
ball,2,13.5,United States of America,Aaron Jones,Milind Kumar,Aamir Kaleem,0,0,,,,,,"",""
ball,2,13.6,United States of America,Aaron Jones,Milind Kumar,Aamir Kaleem,1,0,,,,,,"",""
ball,2,14.1,United States of America,Aaron Jones,Milind Kumar,Shakeel Ahmed,0,0,,,,,,"",""
ball,2,14.2,United States of America,Aaron Jones,Milind Kumar,Shakeel Ahmed,1,0,,,,,,"",""
ball,2,14.3,United States of America,Milind Kumar,Aaron Jones,Shakeel Ahmed,1,0,,,,,,"",""
ball,2,14.4,United States of America,Aaron Jones,Milind Kumar,Shakeel Ahmed,1,0,,,,,,"",""
ball,2,14.5,United States of America,Milind Kumar,Aaron Jones,Shakeel Ahmed,1,0,,,,,,"",""
ball,2,14.6,United States of America,Aaron Jones,Milind Kumar,Shakeel Ahmed,0,0,,,,,,"",""
ball,2,15.1,United States of America,Milind Kumar,Aaron Jones,Jatinder Singh,6,0,,,,,,"",""
