version,1.7.0
info,balls_per_over,6
info,team,Oman
info,team,United States of America
info,gender,male
info,season,2024/25
info,date,2025/02/20
info,event,United States of America in Oman T20I Series
info,match_number,1
info,venue,Al Amerat Cricket Ground Oman Cricket (Ministry Turf 1)
info,city,Al Amarat
info,toss_winner,United States of America
info,toss_decision,field
info,player_of_match,SR Mukkamalla
info,umpire,Harikrishna Pillai
info,umpire,Vinod Babu
info,reserve_umpire,Rahul Asher
info,match_referee,V Narayan Kutty
info,winner,United States of America
info,winner_wickets,7
info,player,Oman,Aamir Kaleem
info,player,Oman,Jatinder Singh
info,player,Oman,Hammad Mirza
info,player,Oman,Mujibur Ali
info,player,Oman,V Shukla
info,player,Oman,Hassnain Shah
info,player,Oman,Wasim Ali
info,player,Oman,Mohammad Nadeem
info,player,Oman,Sufyan Mehmood
info,player,Oman,Shakeel Ahmed
info,player,Oman,S Shrivastava
info,player,United States of America,SR Taylor
info,player,United States of America,AGS Gous
info,player,United States of America,SR Mukkamalla
info,player,United States of America,MD Patel
info,player,United States of America,Aaron Jones
info,player,United States of America,Milind Kumar
info,player,United States of America,SP Krishnamurthi
info,player,United States of America,Harmeet Singh
info,player,United States of America,NP Kenjige
info,player,United States of America,J Drysdale
info,player,United States of America,Ali Khan
info,registry,people,AGS Gous,d1305df0
info,registry,people,Aamir Kaleem,7ecb9a14
info,registry,people,Aaron Jones,17aa4f1d
info,registry,people,Ali Khan,b0eaaac6
info,registry,people,Hammad Mirza,0b7b78c6
info,registry,people,Harikrishna Pillai,ed918c90
info,registry,people,Harmeet Singh,0bf15e52
info,registry,people,Hassnain Shah,7cb931fc
info,registry,people,J Drysdale,23f94c02
info,registry,people,Jatinder Singh,b80dd12c
info,registry,people,MD Patel,25d7f1ac
info,registry,people,Milind Kumar,b4296080
info,registry,people,Mohammad Nadeem,c5d7b244
info,registry,people,Mujibur Ali,e88468b7
info,registry,people,NP Kenjige,f7d267f7
info,registry,people,Rahul Asher,4956b0bf
info,registry,people,S Shrivastava,ac166f77
info,registry,people,SP Krishnamurthi,3b8e7647
info,registry,people,SR Mukkamalla,156d0ea2
info,registry,people,SR Taylor,a9231c3f
info,registry,people,Shakeel Ahmed,e29e9c12
info,registry,people,Sufyan Mehmood,bf172ae6
info,registry,people,V Narayan Kutty,4bacee3d
info,registry,people,V Shukla,101b1180
info,registry,people,Vinod Babu,37e6187d
info,registry,people,Wasim Ali,ea59139a
ball,1,0.1,Oman,Aamir Kaleem,Jatinder Singh,Ali Khan,0,0,,,,,,"",""
ball,1,0.2,Oman,Aamir Kaleem,Jatinder Singh,Ali Khan,4,0,,,,,,"",""
ball,1,0.3,Oman,Aamir Kaleem,Jatinder Singh,Ali Khan,0,0,,,,,,"",""
ball,1,0.4,Oman,Aamir Kaleem,Jatinder Singh,Ali Khan,4,0,,,,,,"",""
ball,1,0.5,Oman,Aamir Kaleem,Jatinder Singh,Ali Khan,1,0,,,,,,"",""
ball,1,0.6,Oman,Jatinder Singh,Aamir Kaleem,Ali Khan,1,0,,,,,,"",""
ball,1,1.1,Oman,Jatinder Singh,Aamir Kaleem,J Drysdale,4,0,,,,,,"",""
ball,1,1.2,Oman,Jatinder Singh,Aamir Kaleem,J Drysdale,0,0,,,,,,"",""
ball,1,1.3,Oman,Jatinder Singh,Aamir Kaleem,J Drysdale,0,0,,,,,,"",""
ball,1,1.4,Oman,Jatinder Singh,Aamir Kaleem,J Drysdale,0,4,,,,4,,"",""
ball,1,1.5,Oman,Jatinder Singh,Aamir Kaleem,J Drysdale,0,0,,,,,,"",""
ball,1,1.6,Oman,Jatinder Singh,Aamir Kaleem,J Drysdale,0,0,,,,,,"",""
ball,1,2.1,Oman,Aamir Kaleem,Jatinder Singh,NP Kenjige,0,0,,,,,,"",""
ball,1,2.2,Oman,Aamir Kaleem,Jatinder Singh,NP Kenjige,0,0,,,,,,"",""
ball,1,2.3,Oman,Aamir Kaleem,Jatinder Singh,NP Kenjige,1,0,,,,,,"",""
ball,1,2.4,Oman,Jatinder Singh,Aamir Kaleem,NP Kenjige,4,0,,,,,,"",""
ball,1,2.5,Oman,Jatinder Singh,Aamir Kaleem,NP Kenjige,0,0,,,,,,"",""
ball,1,2.6,Oman,Jatinder Singh,Aamir Kaleem,NP Kenjige,0,0,,,,,,"",""
ball,1,3.1,Oman,Aamir Kaleem,Jatinder Singh,J Drysdale,4,0,,,,,,"",""
ball,1,3.2,Oman,Aamir Kaleem,Jatinder Singh,J Drysdale,4,0,,,,,,"",""
ball,1,3.3,Oman,Aamir Kaleem,Jatinder Singh,J Drysdale,1,0,,,,,,"",""
ball,1,3.4,Oman,Jatinder Singh,Aamir Kaleem,J Drysdale,0,0,,,,,,"",""
ball,1,3.5,Oman,Jatinder Singh,Aamir Kaleem,J Drysdale,4,0,,,,,,"",""
ball,1,3.6,Oman,Jatinder Singh,Aamir Kaleem,J Drysdale,6,0,,,,,,"",""
ball,1,4.1,Oman,Aamir Kaleem,Jatinder Singh,NP Kenjige,0,0,,,,,,"",""
ball,1,4.2,Oman,Aamir Kaleem,Jatinder Singh,NP Kenjige,4,0,,,,,,"",""
ball,1,4.3,Oman,Aamir Kaleem,Jatinder Singh,NP Kenjige,0,0,,,,,,"",""
ball,1,4.4,Oman,Aamir Kaleem,Jatinder Singh,NP Kenjige,0,0,,,,,,"",""
ball,1,4.5,Oman,Aamir Kaleem,Jatinder Singh,NP Kenjige,1,0,,,,,,"",""
ball,1,4.6,Oman,Jatinder Singh,Aamir Kaleem,NP Kenjige,0,0,,,,,,"",""
ball,1,5.1,Oman,Aamir Kaleem,Jatinder Singh,Ali Khan,4,0,,,,,,"",""
ball,1,5.2,Oman,Aamir Kaleem,Jatinder Singh,Ali Khan,4,0,,,,,,"",""
ball,1,5.3,Oman,Aamir Kaleem,Jatinder Singh,Ali Khan,0,0,,,,,,"",""
ball,1,5.4,Oman,Aamir Kaleem,Jatinder Singh,Ali Khan,4,0,,,,,,"",""
ball,1,5.5,Oman,Aamir Kaleem,Jatinder Singh,Ali Khan,1,0,,,,,,"",""
ball,1,5.6,Oman,Jatinder Singh,Aamir Kaleem,Ali Khan,0,0,,,,,,"",""
ball,1,6.1,Oman,Aamir Kaleem,Jatinder Singh,Milind Kumar,1,0,,,,,,"",""
ball,1,6.2,Oman,Jatinder Singh,Aamir Kaleem,Milind Kumar,4,0,,,,,,"",""
ball,1,6.3,Oman,Jatinder Singh,Aamir Kaleem,Milind Kumar,1,0,,,,,,"",""
ball,1,6.4,Oman,Aamir Kaleem,Jatinder Singh,Milind Kumar,0,1,1,,,,,"",""
ball,1,6.5,Oman,Aamir Kaleem,Jatinder Singh,Milind Kumar,1,0,,,,,,"",""
ball,1,6.6,Oman,Jatinder Singh,Aamir Kaleem,Milind Kumar,4,0,,,,,,"",""
ball,1,6.7,Oman,Jatinder Singh,Aamir Kaleem,Milind Kumar,0,0,,,,,,"",""
ball,1,7.1,Oman,Aamir Kaleem,Jatinder Singh,Harmeet Singh,4,0,,,,,,"",""
ball,1,7.2,Oman,Aamir Kaleem,Jatinder Singh,Harmeet Singh,1,0,,,,,,"",""
ball,1,7.3,Oman,Jatinder Singh,Aamir Kaleem,Harmeet Singh,0,0,,,,,,lbw,Jatinder Singh
ball,1,7.4,Oman,Hammad Mirza,Aamir Kaleem,Harmeet Singh,0,0,,,,,,"",""
ball,1,7.5,Oman,Hammad Mirza,Aamir Kaleem,Harmeet Singh,4,0,,,,,,"",""
ball,1,7.6,Oman,Hammad Mirza,Aamir Kaleem,Harmeet Singh,1,0,,,,,,"",""
ball,1,8.1,Oman,Hammad Mirza,Aamir Kaleem,SR Taylor,4,0,,,,,,"",""
ball,1,8.2,Oman,Hammad Mirza,Aamir Kaleem,SR Taylor,1,0,,,,,,"",""
ball,1,8.3,Oman,Aamir Kaleem,Hammad Mirza,SR Taylor,0,0,,,,,,"",""
ball,1,8.4,Oman,Aamir Kaleem,Hammad Mirza,SR Taylor,4,0,,,,,,"",""
ball,1,8.5,Oman,Aamir Kaleem,Hammad Mirza,SR Taylor,1,0,,,,,,"",""
ball,1,8.6,Oman,Hammad Mirza,Aamir Kaleem,SR Taylor,1,0,,,,,,"",""
ball,1,9.1,Oman,Hammad Mirza,Aamir Kaleem,Harmeet Singh,6,0,,,,,,"",""
ball,1,9.2,Oman,Hammad Mirza,Aamir Kaleem,Harmeet Singh,0,0,,,,,,"",""
ball,1,9.3,Oman,Hammad Mirza,Aamir Kaleem,Harmeet Singh,1,0,,,,,,"",""
ball,1,9.4,Oman,Aamir Kaleem,Hammad Mirza,Harmeet Singh,0,0,,,,,,"",""
ball,1,9.5,Oman,Aamir Kaleem,Hammad Mirza,Harmeet Singh,1,0,,,,,,"",""
ball,1,9.6,Oman,Hammad Mirza,Aamir Kaleem,Harmeet Singh,1,0,,,,,,"",""
ball,1,10.1,Oman,Hammad Mirza,Aamir Kaleem,NP Kenjige,1,0,,,,,,"",""
ball,1,10.2,Oman,Aamir Kaleem,Hammad Mirza,NP Kenjige,1,0,,,,,,"",""
ball,1,10.3,Oman,Hammad Mirza,Aamir Kaleem,NP Kenjige,0,0,,,,,,caught,Hammad Mirza
ball,1,10.4,Oman,Mujibur Ali,Aamir Kaleem,NP Kenjige,0,0,,,,,,"",""
ball,1,10.5,Oman,Mujibur Ali,Aamir Kaleem,NP Kenjige,0,1,1,,,,,"",""
ball,1,10.6,Oman,Mujibur Ali,Aamir Kaleem,NP Kenjige,1,0,,,,,,"",""
ball,1,10.7,Oman,Aamir Kaleem,Mujibur Ali,NP Kenjige,0,0,,,,,,"",""
ball,1,11.1,Oman,Mujibur Ali,Aamir Kaleem,SR Taylor,1,0,,,,,,"",""
ball,1,11.2,Oman,Aamir Kaleem,Mujibur Ali,SR Taylor,1,0,,,,,,"",""
ball,1,11.3,Oman,Mujibur Ali,Aamir Kaleem,SR Taylor,1,0,,,,,,"",""
ball,1,11.4,Oman,Aamir Kaleem,Mujibur Ali,SR Taylor,1,0,,,,,,"",""
ball,1,11.5,Oman,Mujibur Ali,Aamir Kaleem,SR Taylor,1,0,,,,,,"",""
ball,1,11.6,Oman,Aamir Kaleem,Mujibur Ali,SR Taylor,0,0,,,,,,"",""
ball,1,12.1,Oman,Mujibur Ali,Aamir Kaleem,Milind Kumar,0,0,,,,,,"",""
ball,1,12.2,Oman,Mujibur Ali,Aamir Kaleem,Milind Kumar,2,0,,,,,,"",""
ball,1,12.3,Oman,Mujibur Ali,Aamir Kaleem,Milind Kumar,4,0,,,,,,"",""
ball,1,12.4,Oman,Mujibur Ali,Aamir Kaleem,Milind Kumar,1,0,,,,,,"",""
ball,1,12.5,Oman,Aamir Kaleem,Mujibur Ali,Milind Kumar,1,0,,,,,,"",""
ball,1,12.6,Oman,Mujibur Ali,Aamir Kaleem,Milind Kumar,1,0,,,,,,"",""
ball,1,13.1,Oman,Mujibur Ali,Aamir Kaleem,SR Taylor,0,0,,,,,,lbw,Mujibur Ali
ball,1,13.2,Oman,V Shukla,Aamir Kaleem,SR Taylor,0,0,,,,,,"",""
ball,1,13.3,Oman,V Shukla,Aamir Kaleem,SR Taylor,6,0,,,,,,"",""
ball,1,13.4,Oman,V Shukla,Aamir Kaleem,SR Taylor,0,0,,,,,,"",""
ball,1,13.5,Oman,V Shukla,Aamir Kaleem,SR Taylor,2,0,,,,,,"",""
ball,1,13.6,Oman,V Shukla,Aamir Kaleem,SR Taylor,1,0,,,,,,"",""
ball,1,14.1,Oman,V Shukla,Aamir Kaleem,NP Kenjige,1,0,,,,,,"",""
ball,1,14.2,Oman,Aamir Kaleem,V Shukla,NP Kenjige,0,0,,,,,,"",""
ball,1,14.3,Oman,Aamir Kaleem,V Shukla,NP Kenjige,2,0,,,,,,"",""
ball,1,14.4,Oman,Aamir Kaleem,V Shukla,NP Kenjige,0,0,,,,,,"",""
ball,1,14.5,Oman,Aamir Kaleem,V Shukla,NP Kenjige,1,0,,,,,,"",""
ball,1,14.6,Oman,V Shukla,Aamir Kaleem,NP Kenjige,1,0,,,,,,"",""
ball,1,15.1,Oman,V Shukla,Aamir Kaleem,Ali Khan,1,0,,,,,,"",""
ball,1,15.2,Oman,Aamir Kaleem,V Shukla,Ali Khan,2,0,,,,,,"",""
ball,1,15.3,Oman,Aamir Kaleem,V Shukla,Ali Khan,0,1,1,,,,,"",""
ball,1,15.4,Oman,Aamir Kaleem,V Shukla,Ali Khan,1,0,,,,,,"",""
ball,1,15.5,Oman,V Shukla,Aamir Kaleem,Ali Khan,1,0,,,,,,"",""
ball,1,15.6,Oman,Aamir Kaleem,V Shukla,Ali Khan,1,0,,,,,,"",""
ball,1,15.7,Oman,V Shukla,Aamir Kaleem,Ali Khan,0,1,1,,,,,"",""
ball,1,15.8,Oman,V Shukla,Aamir Kaleem,Ali Khan,2,0,,,,,,"",""
ball,1,16.1,Oman,Aamir Kaleem,V Shukla,Harmeet Singh,1,0,,,,,,"",""
ball,1,16.2,Oman,V Shukla,Aamir Kaleem,Harmeet Singh,2,0,,,,,,"",""
ball,1,16.3,Oman,V Shukla,Aamir Kaleem,Harmeet Singh,0,0,,,,,,"",""
ball,1,16.4,Oman,V Shukla,Aamir Kaleem,Harmeet Singh,0,0,,,,,,"",""
ball,1,16.5,Oman,V Shukla,Aamir Kaleem,Harmeet Singh,6,0,,,,,,"",""
ball,1,16.6,Oman,V Shukla,Aamir Kaleem,Harmeet Singh,1,0,,,,,,"",""
ball,1,17.1,Oman,V Shukla,Aamir Kaleem,Ali Khan,1,0,,,,,,"",""
ball,1,17.2,Oman,Aamir Kaleem,V Shukla,Ali Khan,1,0,,,,,,"",""
ball,1,17.3,Oman,V Shukla,Aamir Kaleem,Ali Khan,1,0,,,,,,"",""
ball,1,17.4,Oman,Aamir Kaleem,V Shukla,Ali Khan,1,0,,,,,,"",""
ball,1,17.5,Oman,V Shukla,Aamir Kaleem,Ali Khan,4,0,,,,,,"",""
ball,1,17.6,Oman,V Shukla,Aamir Kaleem,Ali Khan,1,0,,,,,,"",""
ball,1,18.1,Oman,V Shukla,Aamir Kaleem,Harmeet Singh,4,0,,,,,,"",""
ball,1,18.2,Oman,V Shukla,Aamir Kaleem,Harmeet Singh,1,0,,,,,,"",""
ball,1,18.3,Oman,Aamir Kaleem,V Shukla,Harmeet Singh,1,0,,,,,,"",""
ball,1,18.4,Oman,V Shukla,Aamir Kaleem,Harmeet Singh,0,0,,,,,,caught and bowled,V Shukla
ball,1,18.5,Oman,Hassnain Shah,Aamir Kaleem,Harmeet Singh,0,0,,,,,,caught,Hassnain Shah
ball,1,18.6,Oman,Wasim Ali,Aamir Kaleem,Harmeet Singh,2,0,,,,,,"",""
ball,1,19.1,Oman,Aamir Kaleem,Wasim Ali,J Drysdale,4,0,,,,,,"",""
ball,1,19.2,Oman,Aamir Kaleem,Wasim Ali,J Drysdale,2,0,,,,,,"",""
ball,1,19.3,Oman,Aamir Kaleem,Wasim Ali,J Drysdale,1,0,,,,,,"",""
ball,1,19.4,Oman,Wasim Ali,Aamir Kaleem,J Drysdale,0,1,1,,,,,"",""
ball,1,19.5,Oman,Wasim Ali,Aamir Kaleem,J Drysdale,6,0,,,,,,"",""
ball,1,19.6,Oman,Wasim Ali,Aamir Kaleem,J Drysdale,4,0,,,,,,"",""
ball,1,19.7,Oman,Wasim Ali,Aamir Kaleem,J Drysdale,0,1,,,,1,,"",""
ball,2,0.1,United States of America,SR Taylor,AGS Gous,Hassnain Shah,0,0,,,,,,"",""
ball,2,0.2,United States of America,SR Taylor,AGS Gous,Hassnain Shah,0,0,,,,,,"",""
ball,2,0.3,United States of America,SR Taylor,AGS Gous,Hassnain Shah,4,0,,,,,,"",""
ball,2,0.4,United States of America,SR Taylor,AGS Gous,Hassnain Shah,1,0,,,,,,"",""
ball,2,0.5,United States of America,AGS Gous,SR Taylor,Hassnain Shah,4,0,,,,,,"",""
ball,2,0.6,United States of America,AGS Gous,SR Taylor,Hassnain Shah,4,0,,,,,,"",""
ball,2,1.1,United States of America,SR Taylor,AGS Gous,Shakeel Ahmed,0,0,,,,,,"",""
ball,2,1.2,United States of America,SR Taylor,AGS Gous,Shakeel Ahmed,0,0,,,,,,"",""
ball,2,1.3,United States of America,SR Taylor,AGS Gous,Shakeel Ahmed,0,0,,,,,,"",""
ball,2,1.4,United States of America,SR Taylor,AGS Gous,Shakeel Ahmed,0,0,,,,,,"",""
ball,2,1.5,United States of America,SR Taylor,AGS Gous,Shakeel Ahmed,1,0,,,,,,"",""
ball,2,1.6,United States of America,AGS Gous,SR Taylor,Shakeel Ahmed,1,0,,,,,,"",""
ball,2,2.1,United States of America,AGS Gous,SR Taylor,Sufyan Mehmood,0,0,,,,,,"",""
ball,2,2.2,United States of America,AGS Gous,SR Taylor,Sufyan Mehmood,0,0,,,,,,"",""
ball,2,2.3,United States of America,AGS Gous,SR Taylor,Sufyan Mehmood,1,0,,,,,,"",""
ball,2,2.4,United States of America,SR Taylor,AGS Gous,Sufyan Mehmood,0,0,,,,,,bowled,SR Taylor
ball,2,2.5,United States of America,SR Mukkamalla,AGS Gous,Sufyan Mehmood,4,0,,,,,,"",""
ball,2,2.6,United States of America,SR Mukkamalla,AGS Gous,Sufyan Mehmood,0,0,,,,,,"",""
ball,2,3.1,United States of America,AGS Gous,SR Mukkamalla,Shakeel Ahmed,0,0,,,,,,"",""
ball,2,3.2,United States of America,AGS Gous,SR Mukkamalla,Shakeel Ahmed,6,0,,,,,,"",""
ball,2,3.3,United States of America,AGS Gous,SR Mukkamalla,Shakeel Ahmed,1,0,,,,,,"",""
ball,2,3.4,United States of America,SR Mukkamalla,AGS Gous,Shakeel Ahmed,0,0,,,,,,"",""
ball,2,3.5,United States of America,SR Mukkamalla,AGS Gous,Shakeel Ahmed,2,0,,,,,,"",""
ball,2,3.6,United States of America,SR Mukkamalla,AGS Gous,Shakeel Ahmed,0,0,,,,,,"",""
ball,2,4.1,United States of America,AGS Gous,SR Mukkamalla,Sufyan Mehmood,0,0,,,,,,"",""
ball,2,4.2,United States of America,AGS Gous,SR Mukkamalla,Sufyan Mehmood,6,0,,,,,,"",""
ball,2,4.3,United States of America,AGS Gous,SR Mukkamalla,Sufyan Mehmood,0,0,,,,,,"",""
ball,2,4.4,United States of America,AGS Gous,SR Mukkamalla,Sufyan Mehmood,1,0,,,,,,"",""
ball,2,4.5,United States of America,SR Mukkamalla,AGS Gous,Sufyan Mehmood,6,0,,,,,,"",""
ball,2,4.6,United States of America,SR Mukkamalla,AGS Gous,Sufyan Mehmood,6,0,,,,,,"",""
ball,2,5.1,United States of America,AGS Gous,SR Mukkamalla,Aamir Kaleem,0,0,,,,,,"",""
ball,2,5.2,United States of America,AGS Gous,SR Mukkamalla,Aamir Kaleem,0,0,,,,,,"",""
ball,2,5.3,United States of America,AGS Gous,SR Mukkamalla,Aamir Kaleem,1,0,,,,,,"",""
ball,2,5.4,United States of America,SR Mukkamalla,AGS Gous,Aamir Kaleem,4,0,,,,,,"",""
ball,2,5.5,United States of America,SR Mukkamalla,AGS Gous,Aamir Kaleem,0,0,,,,,,"",""
ball,2,5.6,United States of America,SR Mukkamalla,AGS Gous,Aamir Kaleem,4,0,,,,,,"",""
ball,2,6.1,United States of America,AGS Gous,SR Mukkamalla,Mohammad Nadeem,0,0,,,,,,"",""
ball,2,6.2,United States of America,AGS Gous,SR Mukkamalla,Mohammad Nadeem,0,0,,,,,,"",""
ball,2,6.3,United States of America,AGS Gous,SR Mukkamalla,Mohammad Nadeem,2,0,,,,,,"",""
ball,2,6.4,United States of America,AGS Gous,SR Mukkamalla,Mohammad Nadeem,1,0,,,,,,"",""
ball,2,6.5,United States of America,SR Mukkamalla,AGS Gous,Mohammad Nadeem,0,0,,,,,,"",""
ball,2,6.6,United States of America,SR Mukkamalla,AGS Gous,Mohammad Nadeem,1,0,,,,,,"",""
ball,2,7.1,United States of America,SR Mukkamalla,AGS Gous,Aamir Kaleem,4,0,,,,,,"",""
ball,2,7.2,United States of America,SR Mukkamalla,AGS Gous,Aamir Kaleem,0,0,,,,,,"",""
ball,2,7.3,United States of America,SR Mukkamalla,AGS Gous,Aamir Kaleem,0,0,,,,,,"",""
ball,2,7.4,United States of America,SR Mukkamalla,AGS Gous,Aamir Kaleem,1,0,,,,,,"",""
ball,2,7.5,United States of America,AGS Gous,SR Mukkamalla,Aamir Kaleem,0,0,,,,,,caught,AGS Gous
ball,2,7.6,United States of America,MD Patel,SR Mukkamalla,Aamir Kaleem,1,0,,,,,,"",""
ball,2,8.1,United States of America,MD Patel,SR Mukkamalla,Mohammad Nadeem,1,0,,,,,,"",""
ball,2,8.2,United States of America,SR Mukkamalla,MD Patel,Mohammad Nadeem,1,0,,,,,,"",""
ball,2,8.3,United States of America,MD Patel,SR Mukkamalla,Mohammad Nadeem,2,0,,,,,,"",""
ball,2,8.4,United States of America,MD Patel,SR Mukkamalla,Mohammad Nadeem,1,0,,,,,,"",""
ball,2,8.5,United States of America,SR Mukkamalla,MD Patel,Mohammad Nadeem,0,0,,,,,,"",""
ball,2,8.6,United States of America,SR Mukkamalla,MD Patel,Mohammad Nadeem,1,0,,,,,,"",""
ball,2,9.1,United States of America,SR Mukkamalla,MD Patel,S Shrivastava,0,1,1,,,,,"",""
ball,2,9.2,United States of America,SR Mukkamalla,MD Patel,S Shrivastava,0,0,,,,,,"",""
ball,2,9.3,United States of America,SR Mukkamalla,MD Patel,S Shrivastava,2,0,,,,,,"",""
ball,2,9.4,United States of America,SR Mukkamalla,MD Patel,S Shrivastava,0,1,1,,,,,"",""
ball,2,9.5,United States of America,SR Mukkamalla,MD Patel,S Shrivastava,6,0,,,,,,"",""
ball,2,9.6,United States of America,SR Mukkamalla,MD Patel,S Shrivastava,1,0,,,,,,"",""
ball,2,9.7,United States of America,MD Patel,SR Mukkamalla,S Shrivastava,0,0,,,,,,"",""
ball,2,9.8,United States of America,MD Patel,SR Mukkamalla,S Shrivastava,0,1,1,,,,,"",""
ball,2,9.9,United States of America,MD Patel,SR Mukkamalla,S Shrivastava,1,0,,,,,,"",""
ball,2,10.1,United States of America,MD Patel,SR Mukkamalla,Mohammad Nadeem,0,0,,,,,,"",""
ball,2,10.2,United States of America,MD Patel,SR Mukkamalla,Mohammad Nadeem,1,0,,,,,,"",""
ball,2,10.3,United States of America,SR Mukkamalla,MD Patel,Mohammad Nadeem,6,0,,,,,,"",""
ball,2,10.4,United States of America,SR Mukkamalla,MD Patel,Mohammad Nadeem,1,0,,,,,,"",""
ball,2,10.5,United States of America,MD Patel,SR Mukkamalla,Mohammad Nadeem,1,0,,,,,,"",""
ball,2,10.6,United States of America,SR Mukkamalla,MD Patel,Mohammad Nadeem,2,0,,,,,,"",""
ball,2,11.1,United States of America,MD Patel,SR Mukkamalla,S Shrivastava,0,0,,,,,,"",""
ball,2,11.2,United States of America,MD Patel,SR Mukkamalla,S Shrivastava,4,0,,,,,,"",""
ball,2,11.3,United States of America,MD Patel,SR Mukkamalla,S Shrivastava,1,0,,,,,,"",""
ball,2,11.4,United States of America,SR Mukkamalla,MD Patel,S Shrivastava,1,0,,,,,,"",""
ball,2,11.5,United States of America,MD Patel,SR Mukkamalla,S Shrivastava,0,1,,,,1,,"",""
ball,2,11.6,United States of America,SR Mukkamalla,MD Patel,S Shrivastava,0,2,2,,,,,"",""
ball,2,11.7,United States of America,MD Patel,SR Mukkamalla,S Shrivastava,2,0,,,,,,"",""
ball,2,12.1,United States of America,SR Mukkamalla,MD Patel,Hassnain Shah,4,0,,,,,,"",""
ball,2,12.2,United States of America,SR Mukkamalla,MD Patel,Hassnain Shah,6,0,,,,,,"",""
ball,2,12.3,United States of America,SR Mukkamalla,MD Patel,Hassnain Shah,1,0,,,,,,"",""
ball,2,12.4,United States of America,MD Patel,SR Mukkamalla,Hassnain Shah,1,0,,,,,,"",""
ball,2,12.5,United States of America,SR Mukkamalla,MD Patel,Hassnain Shah,1,0,,,,,,"",""
ball,2,12.6,United States of America,MD Patel,SR Mukkamalla,Hassnain Shah,1,0,,,,,,"",""
ball,2,13.1,United States of America,MD Patel,SR Mukkamalla,Shakeel Ahmed,4,0,,,,,,"",""
ball,2,13.2,United States of America,MD Patel,SR Mukkamalla,Shakeel Ahmed,4,0,,,,,,"",""
ball,2,13.3,United States of America,MD Patel,SR Mukkamalla,Shakeel Ahmed,1,0,,,,,,"",""
ball,2,13.4,United States of America,SR Mukkamalla,MD Patel,Shakeel Ahmed,1,0,,,,,,"",""
ball,2,13.5,United States of America,MD Patel,SR Mukkamalla,Shakeel Ahmed,0,0,,,,,,"",""
ball,2,13.6,United States of America,MD Patel,SR Mukkamalla,Shakeel Ahmed,1,0,,,,,,"",""
ball,2,14.1,United States of America,MD Patel,SR Mukkamalla,Mohammad Nadeem,0,1,1,,,,,"",""
ball,2,14.2,United States of America,MD Patel,SR Mukkamalla,Mohammad Nadeem,0,0,,,,,,caught,MD Patel
ball,2,14.3,United States of America,Aaron Jones,SR Mukkamalla,Mohammad Nadeem,0,0,,,,,,"",""
ball,2,14.4,United States of America,Aaron Jones,SR Mukkamalla,Mohammad Nadeem,1,0,,,,,,"",""
ball,2,14.5,United States of America,SR Mukkamalla,Aaron Jones,Mohammad Nadeem,6,0,,,,,,"",""
ball,2,14.6,United States of America,SR Mukkamalla,Aaron Jones,Mohammad Nadeem,1,1,,1,,,,"",""
ball,2,14.7,United States of America,Aaron Jones,SR Mukkamalla,Mohammad Nadeem,6,0,,,,,,"",""
ball,2,14.8,United States of America,Aaron Jones,SR Mukkamalla,Mohammad Nadeem,6,0,,,,,,"",""
ball,2,15.1,United States of America,SR Mukkamalla,Aaron Jones,Aamir Kaleem,4,0,,,,,,"",""
ball,2,15.2,United States of America,SR Mukkamalla,Aaron Jones,Aamir Kaleem,0,0,,,,,,"",""
ball,2,15.3,United States of America,SR Mukkamalla,Aaron Jones,Aamir Kaleem,2,0,,,,,,"",""
ball,2,15.4,United States of America,SR Mukkamalla,Aaron Jones,Aamir Kaleem,1,0,,,,,,"",""
ball,2,15.5,United States of America,Aaron Jones,SR Mukkamalla,Aamir Kaleem,4,0,,,,,,"",""
ball,2,15.6,United States of America,Aaron Jones,SR Mukkamalla,Aamir Kaleem,4,0,,,,,,"",""
ball,2,16.1,United States of America,SR Mukkamalla,Aaron Jones,Sufyan Mehmood,1,0,,,,,,"",""
ball,2,16.2,United States of America,Aaron Jones,SR Mukkamalla,Sufyan Mehmood,1,0,,,,,,"",""
ball,2,16.3,United States of America,SR Mukkamalla,Aaron Jones,Sufyan Mehmood,2,0,,,,,,"",""
ball,2,16.4,United States of America,SR Mukkamalla,Aaron Jones,Sufyan Mehmood,1,0,,,,,,"",""
ball,2,16.5,United States of America,Aaron Jones,SR Mukkamalla,Sufyan Mehmood,1,0,,,,,,"",""
ball,2,16.6,United States of America,SR Mukkamalla,Aaron Jones,Sufyan Mehmood,6,0,,,,,,"",""
ball,2,17.1,United States of America,Aaron Jones,SR Mukkamalla,Shakeel Ahmed,0,0,,,,,,"",""
ball,2,17.2,United States of America,Aaron Jones,SR Mukkamalla,Shakeel Ahmed,0,0,,,,,,"",""
ball,2,17.3,United States of America,Aaron Jones,SR Mukkamalla,Shakeel Ahmed,1,0,,,,,,"",""
ball,2,17.4,United States of America,SR Mukkamalla,Aaron Jones,Shakeel Ahmed,2,0,,,,,,"",""
ball,2,17.5,United States of America,SR Mukkamalla,Aaron Jones,Shakeel Ahmed,0,0,,,,,,"",""
ball,2,17.6,United States of America,SR Mukkamalla,Aaron Jones,Shakeel Ahmed,1,0,,,,,,"",""
ball,2,18.1,United States of America,SR Mukkamalla,Aaron Jones,Sufyan Mehmood,2,0,,,,,,"",""
ball,2,18.2,United States of America,SR Mukkamalla,Aaron Jones,Sufyan Mehmood,1,0,,,,,,"",""
ball,2,18.3,United States of America,Aaron Jones,SR Mukkamalla,Sufyan Mehmood,0,0,,,,,,"",""
ball,2,18.4,United States of America,Aaron Jones,SR Mukkamalla,Sufyan Mehmood,0,0,,,,,,"",""
ball,2,18.5,United States of America,Aaron Jones,SR Mukkamalla,Sufyan Mehmood,1,0,,,,,,"",""
ball,2,18.6,United States of America,SR Mukkamalla,Aaron Jones,Sufyan Mehmood,4,0,,,,,,"",""
