version,1.7.0
info,balls_per_over,6
info,team,West Indies
info,team,Pakistan
info,gender,male
info,season,2024/25
info,date,2025/01/25
info,date,2025/01/26
info,date,2025/01/27
info,event,West Indies tour of Pakistan
info,match_number,2
info,venue,Multan Cricket Stadium
info,city,Multan
info,toss_winner,West Indies
info,toss_decision,bat
info,player_of_match,JA Warrican
info,umpire,PR Reiffel
info,umpire,RJ Tucker
info,reserve_umpire,Rashid Riaz
info,tv_umpire,RA Kettleborough
info,match_referee,RS Madugalle
info,winner,West Indies
info,winner_runs,120
info,player,West Indies,KC Brathwaite
info,player,West Indies,M Louis
info,player,West Indies,AA Jangoo
info,player,West Indies,KAR Hodge
info,player,West Indies,A Athanaze
info,player,West Indies,JP Greaves
info,player,West Indies,TA Imlach
info,player,West Indies,K Sinclair
info,player,West Indies,G Motie
info,player,West Indies,KAJ Roach
info,player,West Indies,JA Warrican
info,player,Pakistan,Shan Masood
info,player,Pakistan,Mohammad Huraira
info,player,Pakistan,Babar Azam
info,player,Pakistan,Kamran Ghulam
info,player,Pakistan,Saud Shakeel
info,player,Pakistan,Mohammad Rizwan
info,player,Pakistan,Agha Salman
info,player,Pakistan,Nauman Ali
info,player,Pakistan,Sajid Khan
info,player,Pakistan,Abrar Ahmed
info,player,Pakistan,Kashif Ali
info,registry,people,A Athanaze,58c2fac4
info,registry,people,AA Jangoo,88626ed2
info,registry,people,Abrar Ahmed,abb7c76c
info,registry,people,Agha Salman,89c16049
info,registry,people,Babar Azam,8a75e999
info,registry,people,G Motie,97bdec3d
info,registry,people,JA Warrican,cc23e91e
info,registry,people,JP Greaves,74d12124
info,registry,people,K Sinclair,314642ed
info,registry,people,KAJ Roach,78eb4223
info,registry,people,KAR Hodge,49dc9cb4
info,registry,people,KC Brathwaite,7d5af2ea
info,registry,people,Kamran Ghulam,35f4cf7e
info,registry,people,Kashif Ali,4fcd2b6b
info,registry,people,M Louis,1d8c298b
info,registry,people,Mohammad Huraira,9d2d03ef
info,registry,people,Mohammad Rizwan,2f26ac1a
info,registry,people,Nauman Ali,54c58a5e
info,registry,people,PR Reiffel,c9354f29
info,registry,people,RA Kettleborough,4017868f
info,registry,people,RJ Tucker,38810cfc
info,registry,people,RS Madugalle,766b5798
info,registry,people,Rashid Riaz,fb82725e
info,registry,people,Sajid Khan,bbc192a4
info,registry,people,Saud Shakeel,d07c1b2f
info,registry,people,Shan Masood,6843a783
info,registry,people,TA Imlach,f0f8f105
ball,1,0.1,West Indies,KC Brathwaite,M Louis,Sajid Khan,1,0,,,,,,"",""
ball,1,0.2,West Indies,M Louis,KC Brathwaite,Sajid Khan,0,0,,,,,,"",""
ball,1,0.3,West Indies,M Louis,KC Brathwaite,Sajid Khan,1,0,,,,,,"",""
ball,1,0.4,West Indies,KC Brathwaite,M Louis,Sajid Khan,0,1,,,,1,,"",""
ball,1,0.5,West Indies,M Louis,KC Brathwaite,Sajid Khan,3,0,,,,,,"",""
ball,1,0.6,West Indies,KC Brathwaite,M Louis,Sajid Khan,0,0,,,,,,"",""
ball,1,1.1,West Indies,M Louis,KC Brathwaite,Kashif Ali,0,1,,1,,,,"",""
ball,1,1.2,West Indies,M Louis,KC Brathwaite,Kashif Ali,0,0,,,,,,"",""
ball,1,1.3,West Indies,M Louis,KC Brathwaite,Kashif Ali,0,0,,,,,,"",""
ball,1,1.4,West Indies,M Louis,KC Brathwaite,Kashif Ali,0,0,,,,,,"",""
ball,1,1.5,West Indies,M Louis,KC Brathwaite,Kashif Ali,0,1,,1,,,,"",""
ball,1,1.6,West Indies,M Louis,KC Brathwaite,Kashif Ali,0,0,,,,,,"",""
ball,1,1.7,West Indies,M Louis,KC Brathwaite,Kashif Ali,0,0,,,,,,caught,M Louis
ball,1,1.8,West Indies,AA Jangoo,KC Brathwaite,Kashif Ali,0,0,,,,,,"",""
ball,1,2.1,West Indies,KC Brathwaite,AA Jangoo,Sajid Khan,1,0,,,,,,"",""
ball,1,2.2,West Indies,AA Jangoo,KC Brathwaite,Sajid Khan,0,0,,,,,,"",""
ball,1,2.3,West Indies,AA Jangoo,KC Brathwaite,Sajid Khan,0,0,,,,,,"",""
ball,1,2.4,West Indies,AA Jangoo,KC Brathwaite,Sajid Khan,0,0,,,,,,lbw,AA Jangoo
ball,1,2.5,West Indies,KAR Hodge,KC Brathwaite,Sajid Khan,0,0,,,,,,"",""
ball,1,2.6,West Indies,KAR Hodge,KC Brathwaite,Sajid Khan,1,0,,,,,,"",""
ball,1,3.1,West Indies,KAR Hodge,KC Brathwaite,Kashif Ali,1,1,,1,,,,"",""
ball,1,3.2,West Indies,KC Brathwaite,KAR Hodge,Kashif Ali,0,0,,,,,,"",""
ball,1,3.3,West Indies,KC Brathwaite,KAR Hodge,Kashif Ali,0,0,,,,,,"",""
ball,1,3.4,West Indies,KC Brathwaite,KAR Hodge,Kashif Ali,0,0,,,,,,"",""
ball,1,3.5,West Indies,KC Brathwaite,KAR Hodge,Kashif Ali,1,0,,,,,,"",""
ball,1,3.6,West Indies,KAR Hodge,KC Brathwaite,Kashif Ali,1,0,,,,,,"",""
ball,1,3.7,West Indies,KC Brathwaite,KAR Hodge,Kashif Ali,0,0,,,,,,"",""
ball,1,4.1,West Indies,KAR Hodge,KC Brathwaite,Sajid Khan,0,0,,,,,,"",""
ball,1,4.2,West Indies,KAR Hodge,KC Brathwaite,Sajid Khan,0,0,,,,,,"",""
ball,1,4.3,West Indies,KAR Hodge,KC Brathwaite,Sajid Khan,0,0,,,,,,"",""
ball,1,4.4,West Indies,KAR Hodge,KC Brathwaite,Sajid Khan,2,0,,,,,,"",""
ball,1,4.5,West Indies,KAR Hodge,KC Brathwaite,Sajid Khan,1,0,,,,,,"",""
ball,1,4.6,West Indies,KC Brathwaite,KAR Hodge,Sajid Khan,0,0,,,,,,"",""
ball,1,5.1,West Indies,KAR Hodge,KC Brathwaite,Kashif Ali,0,0,,,,,,"",""
ball,1,5.2,West Indies,KAR Hodge,KC Brathwaite,Kashif Ali,4,0,,,,,,"",""
ball,1,5.3,West Indies,KAR Hodge,KC Brathwaite,Kashif Ali,1,0,,,,,,"",""
ball,1,5.4,West Indies,KC Brathwaite,KAR Hodge,Kashif Ali,0,0,,,,,,"",""
ball,1,5.5,West Indies,KC Brathwaite,KAR Hodge,Kashif Ali,0,0,,,,,,"",""
ball,1,5.6,West Indies,KC Brathwaite,KAR Hodge,Kashif Ali,0,0,,,,,,"",""
ball,1,6.1,West Indies,KAR Hodge,KC Brathwaite,Sajid Khan,0,0,,,,,,"",""
ball,1,6.2,West Indies,KAR Hodge,KC Brathwaite,Sajid Khan,0,0,,,,,,"",""
ball,1,6.3,West Indies,KAR Hodge,KC Brathwaite,Sajid Khan,1,0,,,,,,"",""
ball,1,6.4,West Indies,KC Brathwaite,KAR Hodge,Sajid Khan,0,0,,,,,,"",""
ball,1,6.5,West Indies,KC Brathwaite,KAR Hodge,Sajid Khan,0,0,,,,,,"",""
ball,1,6.6,West Indies,KC Brathwaite,KAR Hodge,Sajid Khan,4,0,,,,,,"",""
ball,1,7.1,West Indies,KAR Hodge,KC Brathwaite,Nauman Ali,0,0,,,,,,"",""
ball,1,7.2,West Indies,KAR Hodge,KC Brathwaite,Nauman Ali,2,0,,,,,,"",""
ball,1,7.3,West Indies,KAR Hodge,KC Brathwaite,Nauman Ali,0,0,,,,,,"",""
ball,1,7.4,West Indies,KAR Hodge,KC Brathwaite,Nauman Ali,0,0,,,,,,"",""
ball,1,7.5,West Indies,KAR Hodge,KC Brathwaite,Nauman Ali,1,0,,,,,,"",""
ball,1,7.6,West Indies,KC Brathwaite,KAR Hodge,Nauman Ali,2,0,,,,,,"",""
ball,1,8.1,West Indies,KAR Hodge,KC Brathwaite,Sajid Khan,0,0,,,,,,"",""
ball,1,8.2,West Indies,KAR Hodge,KC Brathwaite,Sajid Khan,0,0,,,,,,"",""
ball,1,8.3,West Indies,KAR Hodge,KC Brathwaite,Sajid Khan,0,0,,,,,,"",""
ball,1,8.4,West Indies,KAR Hodge,KC Brathwaite,Sajid Khan,0,0,,,,,,"",""
ball,1,8.5,West Indies,KAR Hodge,KC Brathwaite,Sajid Khan,0,0,,,,,,"",""
ball,1,8.6,West Indies,KAR Hodge,KC Brathwaite,Sajid Khan,0,0,,,,,,"",""
ball,1,9.1,West Indies,KC Brathwaite,KAR Hodge,Nauman Ali,0,0,,,,,,"",""
ball,1,9.2,West Indies,KC Brathwaite,KAR Hodge,Nauman Ali,0,0,,,,,,lbw,KC Brathwaite
ball,1,9.3,West Indies,A Athanaze,KAR Hodge,Nauman Ali,0,3,,,3,,,"",""
ball,1,9.4,West Indies,KAR Hodge,A Athanaze,Nauman Ali,0,0,,,,,,"",""
ball,1,9.5,West Indies,KAR Hodge,A Athanaze,Nauman Ali,1,0,,,,,,"",""
ball,1,9.6,West Indies,A Athanaze,KAR Hodge,Nauman Ali,0,0,,,,,,"",""
ball,1,10.1,West Indies,KAR Hodge,A Athanaze,Sajid Khan,0,0,,,,,,"",""
ball,1,10.2,West Indies,KAR Hodge,A Athanaze,Sajid Khan,1,0,,,,,,"",""
ball,1,10.3,West Indies,A Athanaze,KAR Hodge,Sajid Khan,0,0,,,,,,lbw,A Athanaze
ball,1,10.4,West Indies,JP Greaves,KAR Hodge,Sajid Khan,0,0,,,,,,"",""
ball,1,10.5,West Indies,JP Greaves,KAR Hodge,Sajid Khan,1,0,,,,,,"",""
ball,1,10.6,West Indies,KAR Hodge,JP Greaves,Sajid Khan,0,0,,,,,,"",""
ball,1,11.1,West Indies,JP Greaves,KAR Hodge,Nauman Ali,0,0,,,,,,caught,JP Greaves
ball,1,11.2,West Indies,TA Imlach,KAR Hodge,Nauman Ali,0,0,,,,,,lbw,TA Imlach
ball,1,11.3,West Indies,K Sinclair,KAR Hodge,Nauman Ali,0,0,,,,,,caught,K Sinclair
ball,1,11.4,West Indies,G Motie,KAR Hodge,Nauman Ali,0,0,,,,,,"",""
ball,1,11.5,West Indies,G Motie,KAR Hodge,Nauman Ali,0,0,,,,,,"",""
ball,1,11.6,West Indies,G Motie,KAR Hodge,Nauman Ali,0,0,,,,,,"",""
ball,1,12.1,West Indies,KAR Hodge,G Motie,Sajid Khan,0,0,,,,,,"",""
ball,1,12.2,West Indies,KAR Hodge,G Motie,Sajid Khan,1,0,,,,,,"",""
ball,1,12.3,West Indies,G Motie,KAR Hodge,Sajid Khan,4,0,,,,,,"",""
ball,1,12.4,West Indies,G Motie,KAR Hodge,Sajid Khan,0,0,,,,,,"",""
ball,1,12.5,West Indies,G Motie,KAR Hodge,Sajid Khan,1,0,,,,,,"",""
ball,1,12.6,West Indies,KAR Hodge,G Motie,Sajid Khan,0,0,,,,,,"",""
ball,1,13.1,West Indies,G Motie,KAR Hodge,Nauman Ali,0,0,,,,,,"",""
ball,1,13.2,West Indies,G Motie,KAR Hodge,Nauman Ali,1,0,,,,,,"",""
ball,1,13.3,West Indies,KAR Hodge,G Motie,Nauman Ali,1,0,,,,,,"",""
ball,1,13.4,West Indies,G Motie,KAR Hodge,Nauman Ali,0,0,,,,,,"",""
ball,1,13.5,West Indies,G Motie,KAR Hodge,Nauman Ali,0,0,,,,,,"",""
ball,1,13.6,West Indies,G Motie,KAR Hodge,Nauman Ali,1,0,,,,,,"",""
ball,1,14.1,West Indies,G Motie,KAR Hodge,Sajid Khan,0,0,,,,,,"",""
ball,1,14.2,West Indies,G Motie,KAR Hodge,Sajid Khan,0,0,,,,,,"",""
ball,1,14.3,West Indies,G Motie,KAR Hodge,Sajid Khan,0,0,,,,,,"",""
ball,1,14.4,West Indies,G Motie,KAR Hodge,Sajid Khan,3,0,,,,,,"",""
ball,1,14.5,West Indies,KAR Hodge,G Motie,Sajid Khan,1,0,,,,,,"",""
ball,1,14.6,West Indies,G Motie,KAR Hodge,Sajid Khan,0,0,,,,,,"",""
ball,1,15.1,West Indies,KAR Hodge,G Motie,Nauman Ali,1,0,,,,,,"",""
ball,1,15.2,West Indies,G Motie,KAR Hodge,Nauman Ali,0,0,,,,,,"",""
ball,1,15.3,West Indies,G Motie,KAR Hodge,Nauman Ali,0,0,,,,,,"",""
ball,1,15.4,West Indies,G Motie,KAR Hodge,Nauman Ali,0,0,,,,,,"",""
ball,1,15.5,West Indies,G Motie,KAR Hodge,Nauman Ali,0,0,,,,,,"",""
ball,1,15.6,West Indies,G Motie,KAR Hodge,Nauman Ali,1,0,,,,,,"",""
ball,1,16.1,West Indies,G Motie,KAR Hodge,Abrar Ahmed,1,0,,,,,,"",""
ball,1,16.2,West Indies,KAR Hodge,G Motie,Abrar Ahmed,0,0,,,,,,caught,KAR Hodge
ball,1,16.3,West Indies,KAJ Roach,G Motie,Abrar Ahmed,1,0,,,,,,"",""
ball,1,16.4,West Indies,G Motie,KAJ Roach,Abrar Ahmed,4,0,,,,,,"",""
ball,1,16.5,West Indies,G Motie,KAJ Roach,Abrar Ahmed,1,0,,,,,,"",""
ball,1,16.6,West Indies,KAJ Roach,G Motie,Abrar Ahmed,0,0,,,,,,"",""
ball,1,17.1,West Indies,G Motie,KAJ Roach,Nauman Ali,1,0,,,,,,"",""
ball,1,17.2,West Indies,KAJ Roach,G Motie,Nauman Ali,0,0,,,,,,"",""
ball,1,17.3,West Indies,KAJ Roach,G Motie,Nauman Ali,0,0,,,,,,"",""
ball,1,17.4,West Indies,KAJ Roach,G Motie,Nauman Ali,0,0,,,,,,"",""
ball,1,17.5,West Indies,KAJ Roach,G Motie,Nauman Ali,3,0,,,,,,"",""
ball,1,17.6,West Indies,G Motie,KAJ Roach,Nauman Ali,0,0,,,,,,"",""
ball,1,18.1,West Indies,KAJ Roach,G Motie,Abrar Ahmed,0,0,,,,,,"",""
ball,1,18.2,West Indies,KAJ Roach,G Motie,Abrar Ahmed,2,0,,,,,,"",""
ball,1,18.3,West Indies,KAJ Roach,G Motie,Abrar Ahmed,2,0,,,,,,"",""
ball,1,18.4,West Indies,KAJ Roach,G Motie,Abrar Ahmed,0,0,,,,,,"",""
ball,1,18.5,West Indies,KAJ Roach,G Motie,Abrar Ahmed,0,0,,,,,,"",""
ball,1,18.6,West Indies,KAJ Roach,G Motie,Abrar Ahmed,0,0,,,,,,"",""
ball,1,19.1,West Indies,G Motie,KAJ Roach,Nauman Ali,0,0,,,,,,"",""
ball,1,19.2,West Indies,G Motie,KAJ Roach,Nauman Ali,0,0,,,,,,"",""
ball,1,19.3,West Indies,G Motie,KAJ Roach,Nauman Ali,0,0,,,,,,"",""
ball,1,19.4,West Indies,G Motie,KAJ Roach,Nauman Ali,0,0,,,,,,"",""
ball,1,19.5,West Indies,G Motie,KAJ Roach,Nauman Ali,0,0,,,,,,"",""
ball,1,19.6,West Indies,G Motie,KAJ Roach,Nauman Ali,0,0,,,,,,"",""
ball,1,20.1,West Indies,KAJ Roach,G Motie,Abrar Ahmed,0,0,,,,,,"",""
ball,1,20.2,West Indies,KAJ Roach,G Motie,Abrar Ahmed,0,0,,,,,,"",""
ball,1,20.3,West Indies,KAJ Roach,G Motie,Abrar Ahmed,0,0,,,,,,"",""
ball,1,20.4,West Indies,KAJ Roach,G Motie,Abrar Ahmed,0,0,,,,,,"",""
ball,1,20.5,West Indies,KAJ Roach,G Motie,Abrar Ahmed,0,0,,,,,,"",""
ball,1,20.6,West Indies,KAJ Roach,G Motie,Abrar Ahmed,0,0,,,,,,"",""
ball,1,21.1,West Indies,G Motie,KAJ Roach,Nauman Ali,0,0,,,,,,"",""
ball,1,21.2,West Indies,G Motie,KAJ Roach,Nauman Ali,0,0,,,,,,"",""
ball,1,21.3,West Indies,G Motie,KAJ Roach,Nauman Ali,0,0,,,,,,"",""
ball,1,21.4,West Indies,G Motie,KAJ Roach,Nauman Ali,0,0,,,,,,"",""
ball,1,21.5,West Indies,G Motie,KAJ Roach,Nauman Ali,4,0,,,,,,"",""
ball,1,21.6,West Indies,G Motie,KAJ Roach,Nauman Ali,1,0,,,,,,"",""
ball,1,22.1,West Indies,G Motie,KAJ Roach,Abrar Ahmed,0,0,,,,,,"",""
ball,1,22.2,West Indies,G Motie,KAJ Roach,Abrar Ahmed,2,0,,,,,,"",""
ball,1,22.3,West Indies,G Motie,KAJ Roach,Abrar Ahmed,0,0,,,,,,"",""
ball,1,22.4,West Indies,G Motie,KAJ Roach,Abrar Ahmed,1,0,,,,,,"",""
ball,1,22.5,West Indies,KAJ Roach,G Motie,Abrar Ahmed,0,0,,,,,,"",""
ball,1,22.6,West Indies,KAJ Roach,G Motie,Abrar Ahmed,0,0,,,,,,"",""
ball,1,23.1,West Indies,G Motie,KAJ Roach,Nauman Ali,0,0,,,,,,"",""
ball,1,23.2,West Indies,G Motie,KAJ Roach,Nauman Ali,1,0,,,,,,"",""
ball,1,23.3,West Indies,KAJ Roach,G Motie,Nauman Ali,0,0,,,,,,"",""
ball,1,23.4,West Indies,KAJ Roach,G Motie,Nauman Ali,0,0,,,,,,"",""
ball,1,23.5,West Indies,KAJ Roach,G Motie,Nauman Ali,4,0,,,,,,"",""
ball,1,23.6,West Indies,KAJ Roach,G Motie,Nauman Ali,1,0,,,,,,"",""
ball,1,24.1,West Indies,KAJ Roach,G Motie,Sajid Khan,0,0,,,,,,"",""
ball,1,24.2,West Indies,KAJ Roach,G Motie,Sajid Khan,0,0,,,,,,"",""
ball,1,24.3,West Indies,KAJ Roach,G Motie,Sajid Khan,0,0,,,,,,"",""
ball,1,24.4,West Indies,KAJ Roach,G Motie,Sajid Khan,0,0,,,,,,"",""
ball,1,24.5,West Indies,KAJ Roach,G Motie,Sajid Khan,0,0,,,,,,"",""
ball,1,24.6,West Indies,KAJ Roach,G Motie,Sajid Khan,1,0,,,,,,"",""
ball,1,25.1,West Indies,KAJ Roach,G Motie,Nauman Ali,0,0,,,,,,"",""
ball,1,25.2,West Indies,KAJ Roach,G Motie,Nauman Ali,0,0,,,,,,"",""
ball,1,25.3,West Indies,KAJ Roach,G Motie,Nauman Ali,0,0,,,,,,"",""
ball,1,25.4,West Indies,KAJ Roach,G Motie,Nauman Ali,0,0,,,,,,"",""
ball,1,25.5,West Indies,KAJ Roach,G Motie,Nauman Ali,2,0,,,,,,"",""
ball,1,25.6,West Indies,KAJ Roach,G Motie,Nauman Ali,1,0,,,,,,"",""
ball,1,26.1,West Indies,KAJ Roach,G Motie,Sajid Khan,0,0,,,,,,"",""
ball,1,26.2,West Indies,KAJ Roach,G Motie,Sajid Khan,4,0,,,,,,"",""
ball,1,26.3,West Indies,KAJ Roach,G Motie,Sajid Khan,1,0,,,,,,"",""
ball,1,26.4,West Indies,G Motie,KAJ Roach,Sajid Khan,1,0,,,,,,"",""
ball,1,26.5,West Indies,KAJ Roach,G Motie,Sajid Khan,0,0,,,,,,"",""
ball,1,26.6,West Indies,KAJ Roach,G Motie,Sajid Khan,3,0,,,,,,"",""
ball,1,27.1,West Indies,KAJ Roach,G Motie,Nauman Ali,0,0,,,,,,"",""
ball,1,27.2,West Indies,KAJ Roach,G Motie,Nauman Ali,0,0,,,,,,"",""
ball,1,27.3,West Indies,KAJ Roach,G Motie,Nauman Ali,0,0,,,,,,"",""
ball,1,27.4,West Indies,KAJ Roach,G Motie,Nauman Ali,0,0,,,,,,lbw,KAJ Roach
ball,1,27.5,West Indies,JA Warrican,G Motie,Nauman Ali,0,0,,,,,,"",""
ball,1,27.6,West Indies,JA Warrican,G Motie,Nauman Ali,0,0,,,,,,"",""
ball,1,28.1,West Indies,G Motie,JA Warrican,Sajid Khan,0,0,,,,,,"",""
ball,1,28.2,West Indies,G Motie,JA Warrican,Sajid Khan,2,0,,,,,,"",""
ball,1,28.3,West Indies,G Motie,JA Warrican,Sajid Khan,0,0,,,,,,"",""
ball,1,28.4,West Indies,G Motie,JA Warrican,Sajid Khan,1,0,,,,,,"",""
ball,1,28.5,West Indies,JA Warrican,G Motie,Sajid Khan,0,0,,,,,,"",""
ball,1,28.6,West Indies,JA Warrican,G Motie,Sajid Khan,1,0,,,,,,"",""
ball,1,29.1,West Indies,JA Warrican,G Motie,Nauman Ali,0,0,,,,,,"",""
ball,1,29.2,West Indies,JA Warrican,G Motie,Nauman Ali,1,0,,,,,,"",""
ball,1,29.3,West Indies,G Motie,JA Warrican,Nauman Ali,0,0,,,,,,"",""
ball,1,29.4,West Indies,G Motie,JA Warrican,Nauman Ali,0,0,,,,,,"",""
ball,1,29.5,West Indies,G Motie,JA Warrican,Nauman Ali,0,0,,,,,,"",""
ball,1,29.6,West Indies,G Motie,JA Warrican,Nauman Ali,0,0,,,,,,"",""
ball,1,30.1,West Indies,JA Warrican,G Motie,Sajid Khan,0,0,,,,,,"",""
ball,1,30.2,West Indies,JA Warrican,G Motie,Sajid Khan,0,0,,,,,,"",""
ball,1,30.3,West Indies,JA Warrican,G Motie,Sajid Khan,0,0,,,,,,"",""
ball,1,30.4,West Indies,JA Warrican,G Motie,Sajid Khan,0,0,,,,,,"",""
ball,1,30.5,West Indies,JA Warrican,G Motie,Sajid Khan,1,0,,,,,,"",""
ball,1,30.6,West Indies,G Motie,JA Warrican,Sajid Khan,0,0,,,,,,"",""
ball,1,31.1,West Indies,JA Warrican,G Motie,Nauman Ali,1,0,,,,,,"",""
ball,1,31.2,West Indies,G Motie,JA Warrican,Nauman Ali,0,0,,,,,,"",""
ball,1,31.3,West Indies,G Motie,JA Warrican,Nauman Ali,0,0,,,,,,"",""
ball,1,31.4,West Indies,G Motie,JA Warrican,Nauman Ali,0,0,,,,,,"",""
ball,1,31.5,West Indies,G Motie,JA Warrican,Nauman Ali,0,0,,,,,,"",""
ball,1,31.6,West Indies,G Motie,JA Warrican,Nauman Ali,0,0,,,,,,"",""
ball,1,32.1,West Indies,JA Warrican,G Motie,Sajid Khan,2,0,,,,,,"",""
ball,1,32.2,West Indies,JA Warrican,G Motie,Sajid Khan,2,0,,,,,,"",""
ball,1,32.3,West Indies,JA Warrican,G Motie,Sajid Khan,0,0,,,,,,"",""
ball,1,32.4,West Indies,JA Warrican,G Motie,Sajid Khan,6,0,,,,,,"",""
ball,1,32.5,West Indies,JA Warrican,G Motie,Sajid Khan,0,0,,,,,,"",""
ball,1,32.6,West Indies,JA Warrican,G Motie,Sajid Khan,0,0,,,,,,"",""
ball,1,33.1,West Indies,G Motie,JA Warrican,Nauman Ali,2,0,,,,,,"",""
ball,1,33.2,West Indies,G Motie,JA Warrican,Nauman Ali,1,0,,,,,,"",""
ball,1,33.3,West Indies,JA Warrican,G Motie,Nauman Ali,2,0,,,,,,"",""
ball,1,33.4,West Indies,JA Warrican,G Motie,Nauman Ali,1,0,,,,,,"",""
ball,1,33.5,West Indies,G Motie,JA Warrican,Nauman Ali,0,0,,,,,,"",""
ball,1,33.6,West Indies,G Motie,JA Warrican,Nauman Ali,0,0,,,,,,"",""
ball,1,34.1,West Indies,JA Warrican,G Motie,Sajid Khan,0,0,,,,,,"",""
ball,1,34.2,West Indies,JA Warrican,G Motie,Sajid Khan,6,0,,,,,,"",""
ball,1,34.3,West Indies,JA Warrican,G Motie,Sajid Khan,3,0,,,,,,"",""
ball,1,34.4,West Indies,G Motie,JA Warrican,Sajid Khan,2,0,,,,,,"",""
ball,1,34.5,West Indies,G Motie,JA Warrican,Sajid Khan,1,0,,,,,,"",""
ball,1,34.6,West Indies,JA Warrican,G Motie,Sajid Khan,0,0,,,,,,"",""
ball,1,35.1,West Indies,G Motie,JA Warrican,Abrar Ahmed,2,0,,,,,,"",""
ball,1,35.2,West Indies,G Motie,JA Warrican,Abrar Ahmed,0,0,,,,,,"",""
ball,1,35.3,West Indies,G Motie,JA Warrican,Abrar Ahmed,0,0,,,,,,"",""
ball,1,35.4,West Indies,G Motie,JA Warrican,Abrar Ahmed,1,0,,,,,,"",""
ball,1,35.5,West Indies,JA Warrican,G Motie,Abrar Ahmed,0,0,,,,,,"",""
ball,1,35.6,West Indies,JA Warrican,G Motie,Abrar Ahmed,0,0,,,,,,"",""
ball,1,36.1,West Indies,G Motie,JA Warrican,Agha Salman,1,0,,,,,,"",""
ball,1,36.2,West Indies,JA Warrican,G Motie,Agha Salman,4,0,,,,,,"",""
ball,1,36.3,West Indies,JA Warrican,G Motie,Agha Salman,0,0,,,,,,"",""
ball,1,36.4,West Indies,JA Warrican,G Motie,Agha Salman,1,0,,,,,,"",""
ball,1,36.5,West Indies,G Motie,JA Warrican,Agha Salman,0,0,,,,,,"",""
ball,1,36.6,West Indies,G Motie,JA Warrican,Agha Salman,2,0,,,,,,"",""
ball,1,37.1,West Indies,JA Warrican,G Motie,Abrar Ahmed,1,0,,,,,,"",""
ball,1,37.2,West Indies,G Motie,JA Warrican,Abrar Ahmed,1,0,,,,,,"",""
ball,1,37.3,West Indies,JA Warrican,G Motie,Abrar Ahmed,1,0,,,,,,"",""
ball,1,37.4,West Indies,G Motie,JA Warrican,Abrar Ahmed,0,0,,,,,,"",""
ball,1,37.5,West Indies,G Motie,JA Warrican,Abrar Ahmed,4,0,,,,,,"",""
ball,1,37.6,West Indies,G Motie,JA Warrican,Abrar Ahmed,0,0,,,,,,"",""
ball,1,38.1,West Indies,JA Warrican,G Motie,Agha Salman,1,0,,,,,,"",""
ball,1,38.2,West Indies,G Motie,JA Warrican,Agha Salman,0,0,,,,,,"",""
ball,1,38.3,West Indies,G Motie,JA Warrican,Agha Salman,0,0,,,,,,"",""
ball,1,38.4,West Indies,G Motie,JA Warrican,Agha Salman,0,0,,,,,,"",""
ball,1,38.5,West Indies,G Motie,JA Warrican,Agha Salman,1,0,,,,,,"",""
ball,1,38.6,West Indies,JA Warrican,G Motie,Agha Salman,0,0,,,,,,"",""
ball,1,39.1,West Indies,G Motie,JA Warrican,Nauman Ali,1,0,,,,,,"",""
ball,1,39.2,West Indies,JA Warrican,G Motie,Nauman Ali,1,0,,,,,,"",""
ball,1,39.3,West Indies,G Motie,JA Warrican,Nauman Ali,1,0,,,,,,"",""
ball,1,39.4,West Indies,JA Warrican,G Motie,Nauman Ali,0,0,,,,,,"",""
ball,1,39.5,West Indies,JA Warrican,G Motie,Nauman Ali,1,0,,,,,,"",""
ball,1,39.6,West Indies,G Motie,JA Warrican,Nauman Ali,0,3,,,3,,,"",""
ball,1,40.1,West Indies,G Motie,JA Warrican,Kashif Ali,0,0,,,,,,"",""
ball,1,40.2,West Indies,G Motie,JA Warrican,Kashif Ali,3,0,,,,,,"",""
ball,1,40.3,West Indies,JA Warrican,G Motie,Kashif Ali,0,0,,,,,,"",""
ball,1,40.4,West Indies,JA Warrican,G Motie,Kashif Ali,0,1,,,1,,,"",""
ball,1,40.5,West Indies,G Motie,JA Warrican,Kashif Ali,1,0,,,,,,"",""
ball,1,40.6,West Indies,JA Warrican,G Motie,Kashif Ali,0,1,,1,,,,"",""
ball,1,40.7,West Indies,JA Warrican,G Motie,Kashif Ali,0,0,,,,,,"",""
ball,1,41.1,West Indies,G Motie,JA Warrican,Nauman Ali,0,0,,,,,,bowled,G Motie
ball,2,0.1,Pakistan,Shan Masood,Mohammad Huraira,G Motie,0,0,,,,,,"",""
ball,2,0.2,Pakistan,Shan Masood,Mohammad Huraira,G Motie,1,0,,,,,,"",""
ball,2,0.3,Pakistan,Mohammad Huraira,Shan Masood,G Motie,4,0,,,,,,"",""
ball,2,0.4,Pakistan,Mohammad Huraira,Shan Masood,G Motie,0,0,,,,,,"",""
ball,2,0.5,Pakistan,Mohammad Huraira,Shan Masood,G Motie,0,0,,,,,,"",""
ball,2,0.6,Pakistan,Mohammad Huraira,Shan Masood,G Motie,0,0,,,,,,"",""
ball,2,1.1,Pakistan,Shan Masood,Mohammad Huraira,KAJ Roach,0,0,,,,,,"",""
ball,2,1.2,Pakistan,Shan Masood,Mohammad Huraira,KAJ Roach,0,0,,,,,,"",""
ball,2,1.3,Pakistan,Shan Masood,Mohammad Huraira,KAJ Roach,0,0,,,,,,"",""
ball,2,1.4,Pakistan,Shan Masood,Mohammad Huraira,KAJ Roach,4,0,,,,,,"",""
ball,2,1.5,Pakistan,Shan Masood,Mohammad Huraira,KAJ Roach,0,0,,,,,,"",""
ball,2,1.6,Pakistan,Shan Masood,Mohammad Huraira,KAJ Roach,0,0,,,,,,"",""
ball,2,2.1,Pakistan,Mohammad Huraira,Shan Masood,G Motie,0,0,,,,,,"",""
ball,2,2.2,Pakistan,Mohammad Huraira,Shan Masood,G Motie,1,0,,,,,,"",""
ball,2,2.3,Pakistan,Shan Masood,Mohammad Huraira,G Motie,0,0,,,,,,"",""
ball,2,2.4,Pakistan,Shan Masood,Mohammad Huraira,G Motie,2,0,,,,,,"",""
ball,2,2.5,Pakistan,Shan Masood,Mohammad Huraira,G Motie,0,0,,,,,,"",""
ball,2,2.6,Pakistan,Shan Masood,Mohammad Huraira,G Motie,1,0,,,,,,"",""
ball,2,3.1,Pakistan,Shan Masood,Mohammad Huraira,KAJ Roach,0,0,,,,,,"",""
ball,2,3.2,Pakistan,Shan Masood,Mohammad Huraira,KAJ Roach,0,0,,,,,,"",""
ball,2,3.3,Pakistan,Shan Masood,Mohammad Huraira,KAJ Roach,2,0,,,,,,"",""
ball,2,3.4,Pakistan,Shan Masood,Mohammad Huraira,KAJ Roach,0,0,,,,,,"",""
ball,2,3.5,Pakistan,Shan Masood,Mohammad Huraira,KAJ Roach,1,0,,,,,,"",""
ball,2,3.6,Pakistan,Mohammad Huraira,Shan Masood,KAJ Roach,2,0,,,,,,"",""
ball,2,4.1,Pakistan,Shan Masood,Mohammad Huraira,G Motie,0,0,,,,,,"",""
ball,2,4.2,Pakistan,Shan Masood,Mohammad Huraira,G Motie,0,0,,,,,,"",""
ball,2,4.3,Pakistan,Shan Masood,Mohammad Huraira,G Motie,0,0,,,,,,"",""
ball,2,4.4,Pakistan,Shan Masood,Mohammad Huraira,G Motie,1,0,,,,,,"",""
ball,2,4.5,Pakistan,Mohammad Huraira,Shan Masood,G Motie,0,0,,,,,,"",""
ball,2,4.6,Pakistan,Mohammad Huraira,Shan Masood,G Motie,0,0,,,,,,"",""
ball,2,5.1,Pakistan,Shan Masood,Mohammad Huraira,KAJ Roach,1,0,,,,,,"",""
ball,2,5.2,Pakistan,Mohammad Huraira,Shan Masood,KAJ Roach,0,0,,,,,,"",""
ball,2,5.3,Pakistan,Mohammad Huraira,Shan Masood,KAJ Roach,0,0,,,,,,"",""
ball,2,5.4,Pakistan,Mohammad Huraira,Shan Masood,KAJ Roach,2,0,,,,,,"",""
ball,2,5.5,Pakistan,Mohammad Huraira,Shan Masood,KAJ Roach,0,0,,,,,,lbw,Mohammad Huraira
ball,2,5.6,Pakistan,Babar Azam,Shan Masood,KAJ Roach,0,0,,,,,,"",""
ball,2,6.1,Pakistan,Shan Masood,Babar Azam,G Motie,1,0,,,,,,"",""
ball,2,6.2,Pakistan,Babar Azam,Shan Masood,G Motie,0,0,,,,,,"",""
ball,2,6.3,Pakistan,Babar Azam,Shan Masood,G Motie,0,0,,,,,,"",""
ball,2,6.4,Pakistan,Babar Azam,Shan Masood,G Motie,1,0,,,,,,"",""
ball,2,6.5,Pakistan,Shan Masood,Babar Azam,G Motie,1,0,,,,,,"",""
ball,2,6.6,Pakistan,Babar Azam,Shan Masood,G Motie,0,0,,,,,,bowled,Babar Azam
ball,2,7.1,Pakistan,Shan Masood,Kamran Ghulam,KAJ Roach,0,0,,,,,,"",""
ball,2,7.2,Pakistan,Shan Masood,Kamran Ghulam,KAJ Roach,0,0,,,,,,"",""
ball,2,7.3,Pakistan,Shan Masood,Kamran Ghulam,KAJ Roach,0,0,,,,,,bowled,Shan Masood
ball,2,7.4,Pakistan,Saud Shakeel,Kamran Ghulam,KAJ Roach,1,0,,,,,,"",""
ball,2,7.5,Pakistan,Kamran Ghulam,Saud Shakeel,KAJ Roach,1,0,,,,,,"",""
ball,2,7.6,Pakistan,Saud Shakeel,Kamran Ghulam,KAJ Roach,0,0,,,,,,"",""
ball,2,8.1,Pakistan,Kamran Ghulam,Saud Shakeel,G Motie,0,0,,,,,,"",""
ball,2,8.2,Pakistan,Kamran Ghulam,Saud Shakeel,G Motie,0,0,,,,,,"",""
ball,2,8.3,Pakistan,Kamran Ghulam,Saud Shakeel,G Motie,0,0,,,,,,"",""
ball,2,8.4,Pakistan,Kamran Ghulam,Saud Shakeel,G Motie,0,0,,,,,,"",""
ball,2,8.5,Pakistan,Kamran Ghulam,Saud Shakeel,G Motie,0,0,,,,,,"",""
ball,2,8.6,Pakistan,Kamran Ghulam,Saud Shakeel,G Motie,1,0,,,,,,"",""
ball,2,9.1,Pakistan,Kamran Ghulam,Saud Shakeel,KAJ Roach,0,0,,,,,,"",""
ball,2,9.2,Pakistan,Kamran Ghulam,Saud Shakeel,KAJ Roach,0,0,,,,,,"",""
ball,2,9.3,Pakistan,Kamran Ghulam,Saud Shakeel,KAJ Roach,0,0,,,,,,"",""
ball,2,9.4,Pakistan,Kamran Ghulam,Saud Shakeel,KAJ Roach,0,0,,,,,,"",""
ball,2,9.5,Pakistan,Kamran Ghulam,Saud Shakeel,KAJ Roach,0,0,,,,,,"",""
ball,2,9.6,Pakistan,Kamran Ghulam,Saud Shakeel,KAJ Roach,0,0,,,,,,"",""
ball,2,10.1,Pakistan,Saud Shakeel,Kamran Ghulam,G Motie,1,0,,,,,,"",""
ball,2,10.2,Pakistan,Kamran Ghulam,Saud Shakeel,G Motie,0,0,,,,,,"",""
ball,2,10.3,Pakistan,Kamran Ghulam,Saud Shakeel,G Motie,0,0,,,,,,"",""
ball,2,10.4,Pakistan,Kamran Ghulam,Saud Shakeel,G Motie,1,0,,,,,,"",""
ball,2,10.5,Pakistan,Saud Shakeel,Kamran Ghulam,G Motie,1,0,,,,,,"",""
ball,2,10.6,Pakistan,Kamran Ghulam,Saud Shakeel,G Motie,1,0,,,,,,"",""
ball,2,11.1,Pakistan,Kamran Ghulam,Saud Shakeel,KAJ Roach,0,0,,,,,,"",""
ball,2,11.2,Pakistan,Kamran Ghulam,Saud Shakeel,KAJ Roach,0,0,,,,,,"",""
ball,2,11.3,Pakistan,Kamran Ghulam,Saud Shakeel,KAJ Roach,1,0,,,,,,"",""
ball,2,11.4,Pakistan,Saud Shakeel,Kamran Ghulam,KAJ Roach,0,0,,,,,,"",""
ball,2,11.5,Pakistan,Saud Shakeel,Kamran Ghulam,KAJ Roach,0,0,,,,,,"",""
ball,2,11.6,Pakistan,Saud Shakeel,Kamran Ghulam,KAJ Roach,0,0,,,,,,"",""
ball,2,12.1,Pakistan,Kamran Ghulam,Saud Shakeel,G Motie,0,0,,,,,,"",""
ball,2,12.2,Pakistan,Kamran Ghulam,Saud Shakeel,G Motie,0,0,,,,,,"",""
ball,2,12.3,Pakistan,Kamran Ghulam,Saud Shakeel,G Motie,1,0,,,,,,"",""
ball,2,12.4,Pakistan,Saud Shakeel,Kamran Ghulam,G Motie,1,0,,,,,,"",""
ball,2,12.5,Pakistan,Kamran Ghulam,Saud Shakeel,G Motie,0,0,,,,,,"",""
ball,2,12.6,Pakistan,Kamran Ghulam,Saud Shakeel,G Motie,1,0,,,,,,"",""
ball,2,13.1,Pakistan,Kamran Ghulam,Saud Shakeel,JA Warrican,0,0,,,,,,"",""
ball,2,13.2,Pakistan,Kamran Ghulam,Saud Shakeel,JA Warrican,0,0,,,,,,"",""
ball,2,13.3,Pakistan,Kamran Ghulam,Saud Shakeel,JA Warrican,0,0,,,,,,"",""
ball,2,13.4,Pakistan,Kamran Ghulam,Saud Shakeel,JA Warrican,0,0,,,,,,"",""
ball,2,13.5,Pakistan,Kamran Ghulam,Saud Shakeel,JA Warrican,0,0,,,,,,"",""
ball,2,13.6,Pakistan,Kamran Ghulam,Saud Shakeel,JA Warrican,0,0,,,,,,"",""
ball,2,14.1,Pakistan,Saud Shakeel,Kamran Ghulam,G Motie,1,0,,,,,,"",""
ball,2,14.2,Pakistan,Kamran Ghulam,Saud Shakeel,G Motie,0,0,,,,,,"",""
ball,2,14.3,Pakistan,Kamran Ghulam,Saud Shakeel,G Motie,0,0,,,,,,"",""
ball,2,14.4,Pakistan,Kamran Ghulam,Saud Shakeel,G Motie,0,0,,,,,,"",""
ball,2,14.5,Pakistan,Kamran Ghulam,Saud Shakeel,G Motie,0,0,,,,,,"",""
ball,2,14.6,Pakistan,Kamran Ghulam,Saud Shakeel,G Motie,3,0,,,,,,"",""
ball,2,15.1,Pakistan,Kamran Ghulam,Saud Shakeel,JA Warrican,0,0,,,,,,"",""
ball,2,15.2,Pakistan,Kamran Ghulam,Saud Shakeel,JA Warrican,1,0,,,,,,"",""
ball,2,15.3,Pakistan,Saud Shakeel,Kamran Ghulam,JA Warrican,0,2,,,2,,,"",""
ball,2,15.4,Pakistan,Saud Shakeel,Kamran Ghulam,JA Warrican,0,0,,,,,,"",""
ball,2,15.5,Pakistan,Saud Shakeel,Kamran Ghulam,JA Warrican,0,0,,,,,,"",""
ball,2,15.6,Pakistan,Saud Shakeel,Kamran Ghulam,JA Warrican,1,0,,,,,,"",""
ball,2,16.1,Pakistan,Saud Shakeel,Kamran Ghulam,G Motie,1,0,,,,,,"",""
ball,2,16.2,Pakistan,Kamran Ghulam,Saud Shakeel,G Motie,1,0,,,,,,"",""
ball,2,16.3,Pakistan,Saud Shakeel,Kamran Ghulam,G Motie,0,0,,,,,,"",""
ball,2,16.4,Pakistan,Saud Shakeel,Kamran Ghulam,G Motie,1,0,,,,,,"",""
ball,2,16.5,Pakistan,Kamran Ghulam,Saud Shakeel,G Motie,4,0,,,,,,"",""
ball,2,16.6,Pakistan,Kamran Ghulam,Saud Shakeel,G Motie,0,0,,,,,,caught,Kamran Ghulam
ball,2,17.1,Pakistan,Saud Shakeel,Mohammad Rizwan,JA Warrican,0,0,,,,,,"",""
ball,2,17.2,Pakistan,Saud Shakeel,Mohammad Rizwan,JA Warrican,0,0,,,,,,"",""
ball,2,17.3,Pakistan,Saud Shakeel,Mohammad Rizwan,JA Warrican,0,0,,,,,,"",""
ball,2,17.4,Pakistan,Saud Shakeel,Mohammad Rizwan,JA Warrican,0,0,,,,,,"",""
ball,2,17.5,Pakistan,Saud Shakeel,Mohammad Rizwan,JA Warrican,1,0,,,,,,"",""
ball,2,17.6,Pakistan,Mohammad Rizwan,Saud Shakeel,JA Warrican,0,0,,,,,,"",""
ball,2,18.1,Pakistan,Saud Shakeel,Mohammad Rizwan,G Motie,1,0,,,,,,"",""
ball,2,18.2,Pakistan,Mohammad Rizwan,Saud Shakeel,G Motie,0,0,,,,,,"",""
ball,2,18.3,Pakistan,Mohammad Rizwan,Saud Shakeel,G Motie,0,0,,,,,,"",""
ball,2,18.4,Pakistan,Mohammad Rizwan,Saud Shakeel,G Motie,4,0,,,,,,"",""
ball,2,18.5,Pakistan,Mohammad Rizwan,Saud Shakeel,G Motie,1,0,,,,,,"",""
ball,2,18.6,Pakistan,Saud Shakeel,Mohammad Rizwan,G Motie,0,0,,,,,,"",""
ball,2,19.1,Pakistan,Mohammad Rizwan,Saud Shakeel,JA Warrican,0,0,,,,,,"",""
ball,2,19.2,Pakistan,Mohammad Rizwan,Saud Shakeel,JA Warrican,1,0,,,,,,"",""
ball,2,19.3,Pakistan,Saud Shakeel,Mohammad Rizwan,JA Warrican,1,0,,,,,,"",""
ball,2,19.4,Pakistan,Mohammad Rizwan,Saud Shakeel,JA Warrican,1,0,,,,,,"",""
ball,2,19.5,Pakistan,Saud Shakeel,Mohammad Rizwan,JA Warrican,0,0,,,,,,"",""
ball,2,19.6,Pakistan,Saud Shakeel,Mohammad Rizwan,JA Warrican,0,0,,,,,,"",""
ball,2,20.1,Pakistan,Mohammad Rizwan,Saud Shakeel,G Motie,0,0,,,,,,"",""
ball,2,20.2,Pakistan,Mohammad Rizwan,Saud Shakeel,G Motie,1,0,,,,,,"",""
ball,2,20.3,Pakistan,Saud Shakeel,Mohammad Rizwan,G Motie,1,0,,,,,,"",""
ball,2,20.4,Pakistan,Mohammad Rizwan,Saud Shakeel,G Motie,1,0,,,,,,"",""
ball,2,20.5,Pakistan,Saud Shakeel,Mohammad Rizwan,G Motie,1,0,,,,,,"",""
ball,2,20.6,Pakistan,Mohammad Rizwan,Saud Shakeel,G Motie,0,0,,,,,,"",""
ball,2,21.1,Pakistan,Saud Shakeel,Mohammad Rizwan,JA Warrican,0,0,,,,,,"",""
ball,2,21.2,Pakistan,Saud Shakeel,Mohammad Rizwan,JA Warrican,1,0,,,,,,"",""
ball,2,21.3,Pakistan,Mohammad Rizwan,Saud Shakeel,JA Warrican,4,0,,,,,,"",""
ball,2,21.4,Pakistan,Mohammad Rizwan,Saud Shakeel,JA Warrican,0,0,,,,,,"",""
ball,2,21.5,Pakistan,Mohammad Rizwan,Saud Shakeel,JA Warrican,0,0,,,,,,"",""
ball,2,21.6,Pakistan,Mohammad Rizwan,Saud Shakeel,JA Warrican,0,0,,,,,,"",""
ball,2,22.1,Pakistan,Saud Shakeel,Mohammad Rizwan,K Sinclair,0,0,,,,,,"",""
ball,2,22.2,Pakistan,Saud Shakeel,Mohammad Rizwan,K Sinclair,0,0,,,,,,"",""
ball,2,22.3,Pakistan,Saud Shakeel,Mohammad Rizwan,K Sinclair,0,0,,,,,,"",""
ball,2,22.4,Pakistan,Saud Shakeel,Mohammad Rizwan,K Sinclair,0,0,,,,,,"",""
ball,2,22.5,Pakistan,Saud Shakeel,Mohammad Rizwan,K Sinclair,1,0,,,,,,"",""
ball,2,22.6,Pakistan,Mohammad Rizwan,Saud Shakeel,K Sinclair,0,0,,,,,,"",""
ball,2,23.1,Pakistan,Saud Shakeel,Mohammad Rizwan,JA Warrican,1,0,,,,,,"",""
ball,2,23.2,Pakistan,Mohammad Rizwan,Saud Shakeel,JA Warrican,0,0,,,,,,"",""
ball,2,23.3,Pakistan,Mohammad Rizwan,Saud Shakeel,JA Warrican,4,0,,,,,,"",""
ball,2,23.4,Pakistan,Mohammad Rizwan,Saud Shakeel,JA Warrican,4,0,,,,,,"",""
ball,2,23.5,Pakistan,Mohammad Rizwan,Saud Shakeel,JA Warrican,0,0,,,,,,"",""
ball,2,23.6,Pakistan,Mohammad Rizwan,Saud Shakeel,JA Warrican,0,0,,,,,,"",""
ball,2,24.1,Pakistan,Saud Shakeel,Mohammad Rizwan,K Sinclair,1,0,,,,,,"",""
ball,2,24.2,Pakistan,Mohammad Rizwan,Saud Shakeel,K Sinclair,0,0,,,,,,"",""
ball,2,24.3,Pakistan,Mohammad Rizwan,Saud Shakeel,K Sinclair,0,0,,,,,,"",""
ball,2,24.4,Pakistan,Mohammad Rizwan,Saud Shakeel,K Sinclair,0,0,,,,,,"",""
ball,2,24.5,Pakistan,Mohammad Rizwan,Saud Shakeel,K Sinclair,4,0,,,,,,"",""
ball,2,24.6,Pakistan,Mohammad Rizwan,Saud Shakeel,K Sinclair,1,0,,,,,,"",""
ball,2,25.1,Pakistan,Mohammad Rizwan,Saud Shakeel,JA Warrican,0,0,,,,,,"",""
ball,2,25.2,Pakistan,Mohammad Rizwan,Saud Shakeel,JA Warrican,0,0,,,,,,"",""
ball,2,25.3,Pakistan,Mohammad Rizwan,Saud Shakeel,JA Warrican,0,0,,,,,,"",""
ball,2,25.4,Pakistan,Mohammad Rizwan,Saud Shakeel,JA Warrican,0,0,,,,,,"",""
ball,2,25.5,Pakistan,Mohammad Rizwan,Saud Shakeel,JA Warrican,0,0,,,,,,"",""
ball,2,25.6,Pakistan,Mohammad Rizwan,Saud Shakeel,JA Warrican,1,0,,,,,,"",""
ball,2,26.1,Pakistan,Mohammad Rizwan,Saud Shakeel,K Sinclair,0,0,,,,,,"",""
ball,2,26.2,Pakistan,Mohammad Rizwan,Saud Shakeel,K Sinclair,0,0,,,,,,"",""
ball,2,26.3,Pakistan,Mohammad Rizwan,Saud Shakeel,K Sinclair,0,0,,,,,,"",""
ball,2,26.4,Pakistan,Mohammad Rizwan,Saud Shakeel,K Sinclair,2,0,,,,,,"",""
ball,2,26.5,Pakistan,Mohammad Rizwan,Saud Shakeel,K Sinclair,1,0,,,,,,"",""
ball,2,26.6,Pakistan,Saud Shakeel,Mohammad Rizwan,K Sinclair,1,0,,,,,,"",""
ball,2,27.1,Pakistan,Saud Shakeel,Mohammad Rizwan,JA Warrican,0,0,,,,,,"",""
ball,2,27.2,Pakistan,Saud Shakeel,Mohammad Rizwan,JA Warrican,0,0,,,,,,"",""
ball,2,27.3,Pakistan,Saud Shakeel,Mohammad Rizwan,JA Warrican,0,0,,,,,,"",""
ball,2,27.4,Pakistan,Saud Shakeel,Mohammad Rizwan,JA Warrican,0,0,,,,,,"",""
ball,2,27.5,Pakistan,Saud Shakeel,Mohammad Rizwan,JA Warrican,1,0,,,,,,"",""
ball,2,27.6,Pakistan,Mohammad Rizwan,Saud Shakeel,JA Warrican,0,0,,,,,,"",""
ball,2,28.1,Pakistan,Saud Shakeel,Mohammad Rizwan,K Sinclair,0,0,,,,,,"",""
ball,2,28.2,Pakistan,Saud Shakeel,Mohammad Rizwan,K Sinclair,0,1,,1,,,,"",""
ball,2,28.3,Pakistan,Saud Shakeel,Mohammad Rizwan,K Sinclair,1,0,,,,,,"",""
ball,2,28.4,Pakistan,Mohammad Rizwan,Saud Shakeel,K Sinclair,0,0,,,,,,"",""
ball,2,28.5,Pakistan,Mohammad Rizwan,Saud Shakeel,K Sinclair,0,0,,,,,,"",""
ball,2,28.6,Pakistan,Mohammad Rizwan,Saud Shakeel,K Sinclair,0,0,,,,,,"",""
ball,2,28.7,Pakistan,Mohammad Rizwan,Saud Shakeel,K Sinclair,1,0,,,,,,"",""
ball,2,29.1,Pakistan,Mohammad Rizwan,Saud Shakeel,JA Warrican,0,0,,,,,,"",""
ball,2,29.2,Pakistan,Mohammad Rizwan,Saud Shakeel,JA Warrican,0,0,,,,,,"",""
ball,2,29.3,Pakistan,Mohammad Rizwan,Saud Shakeel,JA Warrican,0,0,,,,,,"",""
ball,2,29.4,Pakistan,Mohammad Rizwan,Saud Shakeel,JA Warrican,0,0,,,,,,"",""
ball,2,29.5,Pakistan,Mohammad Rizwan,Saud Shakeel,JA Warrican,1,0,,,,,,"",""
ball,2,29.6,Pakistan,Saud Shakeel,Mohammad Rizwan,JA Warrican,0,0,,,,,,"",""
ball,2,30.1,Pakistan,Mohammad Rizwan,Saud Shakeel,K Sinclair,1,0,,,,,,"",""
ball,2,30.2,Pakistan,Saud Shakeel,Mohammad Rizwan,K Sinclair,1,0,,,,,,"",""
ball,2,30.3,Pakistan,Mohammad Rizwan,Saud Shakeel,K Sinclair,0,0,,,,,,"",""
ball,2,30.4,Pakistan,Mohammad Rizwan,Saud Shakeel,K Sinclair,4,0,,,,,,"",""
ball,2,30.5,Pakistan,Mohammad Rizwan,Saud Shakeel,K Sinclair,0,0,,,,,,"",""
ball,2,30.6,Pakistan,Mohammad Rizwan,Saud Shakeel,K Sinclair,1,0,,,,,,"",""
ball,2,31.1,Pakistan,Mohammad Rizwan,Saud Shakeel,JA Warrican,1,0,,,,,,"",""
ball,2,31.2,Pakistan,Saud Shakeel,Mohammad Rizwan,JA Warrican,1,0,,,,,,"",""
ball,2,31.3,Pakistan,Mohammad Rizwan,Saud Shakeel,JA Warrican,0,0,,,,,,"",""
ball,2,31.4,Pakistan,Mohammad Rizwan,Saud Shakeel,JA Warrican,0,0,,,,,,"",""
ball,2,31.5,Pakistan,Mohammad Rizwan,Saud Shakeel,JA Warrican,4,0,,,,,,"",""
ball,2,31.6,Pakistan,Mohammad Rizwan,Saud Shakeel,JA Warrican,0,0,,,,,,"",""
ball,2,32.1,Pakistan,Saud Shakeel,Mohammad Rizwan,KC Brathwaite,0,0,,,,,,"",""
ball,2,32.2,Pakistan,Saud Shakeel,Mohammad Rizwan,KC Brathwaite,0,0,,,,,,"",""
ball,2,32.3,Pakistan,Saud Shakeel,Mohammad Rizwan,KC Brathwaite,0,0,,,,,,"",""
ball,2,32.4,Pakistan,Saud Shakeel,Mohammad Rizwan,KC Brathwaite,0,0,,,,,,"",""
ball,2,32.5,Pakistan,Saud Shakeel,Mohammad Rizwan,KC Brathwaite,1,0,,,,,,"",""
ball,2,32.6,Pakistan,Mohammad Rizwan,Saud Shakeel,KC Brathwaite,0,0,,,,,,"",""
ball,2,33.1,Pakistan,Saud Shakeel,Mohammad Rizwan,K Sinclair,0,0,,,,,,"",""
ball,2,33.2,Pakistan,Saud Shakeel,Mohammad Rizwan,K Sinclair,4,0,,,,,,"",""
ball,2,33.3,Pakistan,Saud Shakeel,Mohammad Rizwan,K Sinclair,4,0,,,,,,"",""
ball,2,33.4,Pakistan,Saud Shakeel,Mohammad Rizwan,K Sinclair,0,0,,,,,,"",""
ball,2,33.5,Pakistan,Saud Shakeel,Mohammad Rizwan,K Sinclair,0,0,,,,,,"",""
ball,2,33.6,Pakistan,Saud Shakeel,Mohammad Rizwan,K Sinclair,1,0,,,,,,"",""
ball,2,34.1,Pakistan,Saud Shakeel,Mohammad Rizwan,JA Warrican,0,0,,,,,,"",""
ball,2,34.2,Pakistan,Saud Shakeel,Mohammad Rizwan,JA Warrican,0,0,,,,,,caught,Saud Shakeel
ball,2,34.3,Pakistan,Agha Salman,Mohammad Rizwan,JA Warrican,0,0,,,,,,"",""
ball,2,34.4,Pakistan,Agha Salman,Mohammad Rizwan,JA Warrican,0,0,,,,,,"",""
ball,2,34.5,Pakistan,Agha Salman,Mohammad Rizwan,JA Warrican,0,0,,,,,,"",""
ball,2,34.6,Pakistan,Agha Salman,Mohammad Rizwan,JA Warrican,0,0,,,,,,"",""
ball,2,35.1,Pakistan,Mohammad Rizwan,Agha Salman,K Sinclair,1,0,,,,,,"",""
ball,2,35.2,Pakistan,Agha Salman,Mohammad Rizwan,K Sinclair,0,0,,,,,,"",""
ball,2,35.3,Pakistan,Agha Salman,Mohammad Rizwan,K Sinclair,0,0,,,,,,"",""
ball,2,35.4,Pakistan,Agha Salman,Mohammad Rizwan,K Sinclair,1,0,,,,,,"",""
ball,2,35.5,Pakistan,Mohammad Rizwan,Agha Salman,K Sinclair,1,0,,,,,,"",""
ball,2,35.6,Pakistan,Agha Salman,Mohammad Rizwan,K Sinclair,1,0,,,,,,"",""
ball,2,36.1,Pakistan,Agha Salman,Mohammad Rizwan,JA Warrican,0,0,,,,,,"",""
ball,2,36.2,Pakistan,Agha Salman,Mohammad Rizwan,JA Warrican,0,0,,,,,,"",""
ball,2,36.3,Pakistan,Agha Salman,Mohammad Rizwan,JA Warrican,0,0,,,,,,"",""
ball,2,36.4,Pakistan,Agha Salman,Mohammad Rizwan,JA Warrican,0,0,,,,,,"",""
ball,2,36.5,Pakistan,Agha Salman,Mohammad Rizwan,JA Warrican,0,0,,,,,,"",""
ball,2,36.6,Pakistan,Agha Salman,Mohammad Rizwan,JA Warrican,0,0,,,,,,"",""
ball,2,37.1,Pakistan,Mohammad Rizwan,Agha Salman,K Sinclair,0,0,,,,,,"",""
ball,2,37.2,Pakistan,Mohammad Rizwan,Agha Salman,K Sinclair,0,0,,,,,,"",""
ball,2,37.3,Pakistan,Mohammad Rizwan,Agha Salman,K Sinclair,0,0,,,,,,"",""
ball,2,37.4,Pakistan,Mohammad Rizwan,Agha Salman,K Sinclair,0,0,,,,,,"",""
ball,2,37.5,Pakistan,Mohammad Rizwan,Agha Salman,K Sinclair,0,0,,,,,,"",""
ball,2,37.6,Pakistan,Mohammad Rizwan,Agha Salman,K Sinclair,0,0,,,,,,"",""
ball,2,38.1,Pakistan,Agha Salman,Mohammad Rizwan,JA Warrican,0,0,,,,,,"",""
ball,2,38.2,Pakistan,Agha Salman,Mohammad Rizwan,JA Warrican,0,0,,,,,,"",""
ball,2,38.3,Pakistan,Agha Salman,Mohammad Rizwan,JA Warrican,0,0,,,,,,"",""
ball,2,38.4,Pakistan,Agha Salman,Mohammad Rizwan,JA Warrican,0,0,,,,,,"",""
ball,2,38.5,Pakistan,Agha Salman,Mohammad Rizwan,JA Warrican,0,0,,,,,,"",""
ball,2,38.6,Pakistan,Agha Salman,Mohammad Rizwan,JA Warrican,0,0,,,,,,"",""
ball,2,39.1,Pakistan,Mohammad Rizwan,Agha Salman,K Sinclair,0,0,,,,,,"",""
ball,2,39.2,Pakistan,Mohammad Rizwan,Agha Salman,K Sinclair,4,0,,,,,,"",""
ball,2,39.3,Pakistan,Mohammad Rizwan,Agha Salman,K Sinclair,0,0,,,,,,"",""
ball,2,39.4,Pakistan,Mohammad Rizwan,Agha Salman,K Sinclair,0,2,,,,2,,"",""
ball,2,39.5,Pakistan,Mohammad Rizwan,Agha Salman,K Sinclair,0,0,,,,,,"",""
ball,2,39.6,Pakistan,Mohammad Rizwan,Agha Salman,K Sinclair,0,0,,,,,,"",""
ball,2,40.1,Pakistan,Agha Salman,Mohammad Rizwan,JA Warrican,1,0,,,,,,"",""
ball,2,40.2,Pakistan,Mohammad Rizwan,Agha Salman,JA Warrican,0,0,,,,,,"",""
ball,2,40.3,Pakistan,Mohammad Rizwan,Agha Salman,JA Warrican,0,0,,,,,,stumped,Mohammad Rizwan
ball,2,40.4,Pakistan,Nauman Ali,Agha Salman,JA Warrican,0,0,,,,,,"",""
ball,2,40.5,Pakistan,Nauman Ali,Agha Salman,JA Warrican,0,0,,,,,,caught,Nauman Ali
ball,2,40.6,Pakistan,Sajid Khan,Agha Salman,JA Warrican,0,0,,,,,,"",""
ball,2,41.1,Pakistan,Agha Salman,Sajid Khan,K Sinclair,0,0,,,,,,"",""
ball,2,41.2,Pakistan,Agha Salman,Sajid Khan,K Sinclair,4,0,,,,,,"",""
ball,2,41.3,Pakistan,Agha Salman,Sajid Khan,K Sinclair,0,0,,,,,,"",""
ball,2,41.4,Pakistan,Agha Salman,Sajid Khan,K Sinclair,0,0,,,,,,"",""
ball,2,41.5,Pakistan,Agha Salman,Sajid Khan,K Sinclair,0,0,,,,,,"",""
ball,2,41.6,Pakistan,Agha Salman,Sajid Khan,K Sinclair,0,0,,,,,,"",""
ball,2,42.1,Pakistan,Sajid Khan,Agha Salman,JA Warrican,4,0,,,,,,"",""
ball,2,42.2,Pakistan,Sajid Khan,Agha Salman,JA Warrican,1,0,,,,,,"",""
ball,2,42.3,Pakistan,Agha Salman,Sajid Khan,JA Warrican,0,0,,,,,,"",""
ball,2,42.4,Pakistan,Agha Salman,Sajid Khan,JA Warrican,1,0,,,,,,"",""
ball,2,42.5,Pakistan,Sajid Khan,Agha Salman,JA Warrican,0,0,,,,,,"",""
ball,2,42.6,Pakistan,Sajid Khan,Agha Salman,JA Warrican,4,0,,,,,,"",""
ball,2,43.1,Pakistan,Agha Salman,Sajid Khan,G Motie,0,0,,,,,,"",""
ball,2,43.2,Pakistan,Agha Salman,Sajid Khan,G Motie,1,0,,,,,,"",""
ball,2,43.3,Pakistan,Sajid Khan,Agha Salman,G Motie,0,0,,,,,,"",""
ball,2,43.4,Pakistan,Sajid Khan,Agha Salman,G Motie,1,0,,,,,,"",""
ball,2,43.5,Pakistan,Agha Salman,Sajid Khan,G Motie,0,0,,,,,,bowled,Agha Salman
ball,2,43.6,Pakistan,Abrar Ahmed,Sajid Khan,G Motie,2,0,,,,,,"",""
ball,2,44.1,Pakistan,Sajid Khan,Abrar Ahmed,JA Warrican,1,0,,,,,,"",""
ball,2,44.2,Pakistan,Abrar Ahmed,Sajid Khan,JA Warrican,0,0,,,,,,"",""
ball,2,44.3,Pakistan,Abrar Ahmed,Sajid Khan,JA Warrican,0,0,,,,,,"",""
ball,2,44.4,Pakistan,Abrar Ahmed,Sajid Khan,JA Warrican,0,0,,,,,,"",""
ball,2,44.5,Pakistan,Abrar Ahmed,Sajid Khan,JA Warrican,0,0,,,,,,"",""
ball,2,44.6,Pakistan,Abrar Ahmed,Sajid Khan,JA Warrican,0,0,,,,,,bowled,Abrar Ahmed
ball,2,45.1,Pakistan,Sajid Khan,Kashif Ali,G Motie,2,0,,,,,,"",""
ball,2,45.2,Pakistan,Sajid Khan,Kashif Ali,G Motie,0,0,,,,,,"",""
ball,2,45.3,Pakistan,Sajid Khan,Kashif Ali,G Motie,0,0,,,,,,"",""
ball,2,45.4,Pakistan,Sajid Khan,Kashif Ali,G Motie,0,0,,,,,,"",""
ball,2,45.5,Pakistan,Sajid Khan,Kashif Ali,G Motie,0,0,,,,,,"",""
ball,2,45.6,Pakistan,Sajid Khan,Kashif Ali,G Motie,1,0,,,,,,"",""
ball,2,46.1,Pakistan,Sajid Khan,Kashif Ali,JA Warrican,0,0,,,,,,"",""
ball,2,46.2,Pakistan,Sajid Khan,Kashif Ali,JA Warrican,0,0,,,,,,"",""
ball,2,46.3,Pakistan,Sajid Khan,Kashif Ali,JA Warrican,2,0,,,,,,"",""
ball,2,46.4,Pakistan,Sajid Khan,Kashif Ali,JA Warrican,0,0,,,,,,"",""
ball,2,46.5,Pakistan,Sajid Khan,Kashif Ali,JA Warrican,0,0,,,,,,"",""
ball,2,46.6,Pakistan,Sajid Khan,Kashif Ali,JA Warrican,0,0,,,,,,run out,Kashif Ali
ball,3,0.1,West Indies,KC Brathwaite,M Louis,Sajid Khan,1,0,,,,,,"",""
ball,3,0.2,West Indies,M Louis,KC Brathwaite,Sajid Khan,0,0,,,,,,"",""
ball,3,0.3,West Indies,M Louis,KC Brathwaite,Sajid Khan,2,0,,,,,,"",""
ball,3,0.4,West Indies,M Louis,KC Brathwaite,Sajid Khan,0,0,,,,,,"",""
ball,3,0.5,West Indies,M Louis,KC Brathwaite,Sajid Khan,2,0,,,,,,"",""
ball,3,0.6,West Indies,M Louis,KC Brathwaite,Sajid Khan,0,0,,,,,,"",""
ball,3,1.1,West Indies,KC Brathwaite,M Louis,Kashif Ali,0,0,,,,,,"",""
ball,3,1.2,West Indies,KC Brathwaite,M Louis,Kashif Ali,0,1,,,,1,,"",""
ball,3,1.3,West Indies,M Louis,KC Brathwaite,Kashif Ali,0,0,,,,,,"",""
ball,3,1.4,West Indies,M Louis,KC Brathwaite,Kashif Ali,0,0,,,,,,"",""
ball,3,1.5,West Indies,M Louis,KC Brathwaite,Kashif Ali,0,0,,,,,,"",""
ball,3,1.6,West Indies,M Louis,KC Brathwaite,Kashif Ali,0,0,,,,,,"",""
ball,3,2.1,West Indies,KC Brathwaite,M Louis,Sajid Khan,0,0,,,,,,"",""
ball,3,2.2,West Indies,KC Brathwaite,M Louis,Sajid Khan,0,0,,,,,,"",""
ball,3,2.3,West Indies,KC Brathwaite,M Louis,Sajid Khan,0,0,,,,,,"",""
ball,3,2.4,West Indies,KC Brathwaite,M Louis,Sajid Khan,0,4,,,4,,,"",""
ball,3,2.5,West Indies,KC Brathwaite,M Louis,Sajid Khan,0,0,,,,,,"",""
ball,3,2.6,West Indies,KC Brathwaite,M Louis,Sajid Khan,0,0,,,,,,"",""
ball,3,3.1,West Indies,M Louis,KC Brathwaite,Kashif Ali,0,0,,,,,,"",""
ball,3,3.2,West Indies,M Louis,KC Brathwaite,Kashif Ali,0,0,,,,,,"",""
ball,3,3.3,West Indies,M Louis,KC Brathwaite,Kashif Ali,0,0,,,,,,"",""
ball,3,3.4,West Indies,M Louis,KC Brathwaite,Kashif Ali,0,0,,,,,,"",""
ball,3,3.5,West Indies,M Louis,KC Brathwaite,Kashif Ali,0,0,,,,,,"",""
ball,3,3.6,West Indies,M Louis,KC Brathwaite,Kashif Ali,0,0,,,,,,"",""
ball,3,4.1,West Indies,KC Brathwaite,M Louis,Sajid Khan,0,0,,,,,,"",""
ball,3,4.2,West Indies,KC Brathwaite,M Louis,Sajid Khan,0,0,,,,,,"",""
ball,3,4.3,West Indies,KC Brathwaite,M Louis,Sajid Khan,6,0,,,,,,"",""
ball,3,4.4,West Indies,KC Brathwaite,M Louis,Sajid Khan,0,0,,,,,,"",""
ball,3,4.5,West Indies,KC Brathwaite,M Louis,Sajid Khan,1,0,,,,,,"",""
ball,3,4.6,West Indies,M Louis,KC Brathwaite,Sajid Khan,0,0,,,,,,"",""
ball,3,5.1,West Indies,KC Brathwaite,M Louis,Nauman Ali,4,0,,,,,,"",""
ball,3,5.2,West Indies,KC Brathwaite,M Louis,Nauman Ali,4,0,,,,,,"",""
ball,3,5.3,West Indies,KC Brathwaite,M Louis,Nauman Ali,0,0,,,,,,"",""
ball,3,5.4,West Indies,KC Brathwaite,M Louis,Nauman Ali,0,0,,,,,,"",""
ball,3,5.5,West Indies,KC Brathwaite,M Louis,Nauman Ali,1,0,,,,,,"",""
ball,3,5.6,West Indies,M Louis,KC Brathwaite,Nauman Ali,1,0,,,,,,"",""
ball,3,6.1,West Indies,M Louis,KC Brathwaite,Kashif Ali,1,0,,,,,,"",""
ball,3,6.2,West Indies,KC Brathwaite,M Louis,Kashif Ali,2,0,,,,,,"",""
ball,3,6.3,West Indies,KC Brathwaite,M Louis,Kashif Ali,0,0,,,,,,"",""
ball,3,6.4,West Indies,KC Brathwaite,M Louis,Kashif Ali,0,0,,,,,,"",""
ball,3,6.5,West Indies,KC Brathwaite,M Louis,Kashif Ali,1,0,,,,,,"",""
ball,3,6.6,West Indies,M Louis,KC Brathwaite,Kashif Ali,0,0,,,,,,"",""
ball,3,7.1,West Indies,KC Brathwaite,M Louis,Nauman Ali,1,0,,,,,,"",""
ball,3,7.2,West Indies,M Louis,KC Brathwaite,Nauman Ali,0,0,,,,,,"",""
ball,3,7.3,West Indies,M Louis,KC Brathwaite,Nauman Ali,0,0,,,,,,"",""
ball,3,7.4,West Indies,M Louis,KC Brathwaite,Nauman Ali,1,0,,,,,,"",""
ball,3,7.5,West Indies,KC Brathwaite,M Louis,Nauman Ali,0,0,,,,,,"",""
ball,3,7.6,West Indies,KC Brathwaite,M Louis,Nauman Ali,1,0,,,,,,"",""
ball,3,8.1,West Indies,KC Brathwaite,M Louis,Abrar Ahmed,0,0,,,,,,"",""
ball,3,8.2,West Indies,KC Brathwaite,M Louis,Abrar Ahmed,4,0,,,,,,"",""
ball,3,8.3,West Indies,KC Brathwaite,M Louis,Abrar Ahmed,0,0,,,,,,"",""
ball,3,8.4,West Indies,KC Brathwaite,M Louis,Abrar Ahmed,0,0,,,,,,"",""
ball,3,8.5,West Indies,KC Brathwaite,M Louis,Abrar Ahmed,0,0,,,,,,"",""
ball,3,8.6,West Indies,KC Brathwaite,M Louis,Abrar Ahmed,1,0,,,,,,"",""
ball,3,9.1,West Indies,KC Brathwaite,M Louis,Nauman Ali,2,0,,,,,,"",""
ball,3,9.2,West Indies,KC Brathwaite,M Louis,Nauman Ali,4,0,,,,,,"",""
ball,3,9.3,West Indies,KC Brathwaite,M Louis,Nauman Ali,0,0,,,,,,"",""
ball,3,9.4,West Indies,KC Brathwaite,M Louis,Nauman Ali,0,0,,,,,,"",""
ball,3,9.5,West Indies,KC Brathwaite,M Louis,Nauman Ali,1,0,,,,,,"",""
ball,3,9.6,West Indies,M Louis,KC Brathwaite,Nauman Ali,0,0,,,,,,"",""
ball,3,10.1,West Indies,KC Brathwaite,M Louis,Abrar Ahmed,1,0,,,,,,"",""
ball,3,10.2,West Indies,M Louis,KC Brathwaite,Abrar Ahmed,0,0,,,,,,"",""
ball,3,10.3,West Indies,M Louis,KC Brathwaite,Abrar Ahmed,0,0,,,,,,"",""
ball,3,10.4,West Indies,M Louis,KC Brathwaite,Abrar Ahmed,0,0,,,,,,"",""
ball,3,10.5,West Indies,M Louis,KC Brathwaite,Abrar Ahmed,0,0,,,,,,"",""
ball,3,10.6,West Indies,M Louis,KC Brathwaite,Abrar Ahmed,0,0,,,,,,"",""
ball,3,11.1,West Indies,KC Brathwaite,M Louis,Nauman Ali,2,0,,,,,,"",""
ball,3,11.2,West Indies,KC Brathwaite,M Louis,Nauman Ali,0,0,,,,,,"",""
ball,3,11.3,West Indies,KC Brathwaite,M Louis,Nauman Ali,1,0,,,,,,"",""
ball,3,11.4,West Indies,M Louis,KC Brathwaite,Nauman Ali,0,0,,,,,,"",""
ball,3,11.5,West Indies,M Louis,KC Brathwaite,Nauman Ali,0,0,,,,,,caught,M Louis
ball,3,11.6,West Indies,AA Jangoo,KC Brathwaite,Nauman Ali,1,0,,,,,,"",""
ball,3,12.1,West Indies,AA Jangoo,KC Brathwaite,Abrar Ahmed,0,0,,,,,,"",""
ball,3,12.2,West Indies,AA Jangoo,KC Brathwaite,Abrar Ahmed,0,0,,,,,,"",""
ball,3,12.3,West Indies,AA Jangoo,KC Brathwaite,Abrar Ahmed,1,0,,,,,,"",""
ball,3,12.4,West Indies,KC Brathwaite,AA Jangoo,Abrar Ahmed,0,0,,,,,,"",""
ball,3,12.5,West Indies,KC Brathwaite,AA Jangoo,Abrar Ahmed,0,0,,,,,,"",""
ball,3,12.6,West Indies,KC Brathwaite,AA Jangoo,Abrar Ahmed,0,0,,,,,,"",""
ball,3,13.1,West Indies,AA Jangoo,KC Brathwaite,Nauman Ali,1,0,,,,,,"",""
ball,3,13.2,West Indies,KC Brathwaite,AA Jangoo,Nauman Ali,0,0,,,,,,"",""
ball,3,13.3,West Indies,KC Brathwaite,AA Jangoo,Nauman Ali,1,0,,,,,,"",""
ball,3,13.4,West Indies,AA Jangoo,KC Brathwaite,Nauman Ali,1,0,,,,,,"",""
ball,3,13.5,West Indies,KC Brathwaite,AA Jangoo,Nauman Ali,2,0,,,,,,"",""
ball,3,13.6,West Indies,KC Brathwaite,AA Jangoo,Nauman Ali,0,0,,,,,,"",""
ball,3,14.1,West Indies,AA Jangoo,KC Brathwaite,Abrar Ahmed,0,0,,,,,,"",""
ball,3,14.2,West Indies,AA Jangoo,KC Brathwaite,Abrar Ahmed,0,0,,,,,,"",""
ball,3,14.3,West Indies,AA Jangoo,KC Brathwaite,Abrar Ahmed,1,0,,,,,,"",""
ball,3,14.4,West Indies,KC Brathwaite,AA Jangoo,Abrar Ahmed,0,0,,,,,,"",""
ball,3,14.5,West Indies,KC Brathwaite,AA Jangoo,Abrar Ahmed,0,0,,,,,,"",""
ball,3,14.6,West Indies,KC Brathwaite,AA Jangoo,Abrar Ahmed,0,0,,,,,,"",""
ball,3,15.1,West Indies,AA Jangoo,KC Brathwaite,Nauman Ali,1,0,,,,,,"",""
ball,3,15.2,West Indies,KC Brathwaite,AA Jangoo,Nauman Ali,0,0,,,,,,"",""
ball,3,15.3,West Indies,KC Brathwaite,AA Jangoo,Nauman Ali,6,0,,,,,,"",""
ball,3,15.4,West Indies,KC Brathwaite,AA Jangoo,Nauman Ali,0,0,,,,,,"",""
ball,3,15.5,West Indies,KC Brathwaite,AA Jangoo,Nauman Ali,1,0,,,,,,"",""
ball,3,15.6,West Indies,AA Jangoo,KC Brathwaite,Nauman Ali,1,0,,,,,,"",""
ball,3,16.1,West Indies,AA Jangoo,KC Brathwaite,Abrar Ahmed,0,0,,,,,,"",""
ball,3,16.2,West Indies,AA Jangoo,KC Brathwaite,Abrar Ahmed,0,0,,,,,,"",""
ball,3,16.3,West Indies,AA Jangoo,KC Brathwaite,Abrar Ahmed,0,0,,,,,,"",""
ball,3,16.4,West Indies,AA Jangoo,KC Brathwaite,Abrar Ahmed,0,0,,,,,,"",""
ball,3,16.5,West Indies,AA Jangoo,KC Brathwaite,Abrar Ahmed,0,0,,,,,,"",""
ball,3,16.6,West Indies,AA Jangoo,KC Brathwaite,Abrar Ahmed,0,0,,,,,,"",""
ball,3,17.1,West Indies,KC Brathwaite,AA Jangoo,Sajid Khan,0,0,,,,,,"",""
ball,3,17.2,West Indies,KC Brathwaite,AA Jangoo,Sajid Khan,2,0,,,,,,"",""
ball,3,17.3,West Indies,KC Brathwaite,AA Jangoo,Sajid Khan,0,0,,,,,,"",""
ball,3,17.4,West Indies,KC Brathwaite,AA Jangoo,Sajid Khan,0,0,,,,,,"",""
ball,3,17.5,West Indies,KC Brathwaite,AA Jangoo,Sajid Khan,0,0,,,,,,"",""
ball,3,17.6,West Indies,KC Brathwaite,AA Jangoo,Sajid Khan,0,0,,,,,,"",""
ball,3,18.1,West Indies,AA Jangoo,KC Brathwaite,Abrar Ahmed,1,0,,,,,,"",""
ball,3,18.2,West Indies,KC Brathwaite,AA Jangoo,Abrar Ahmed,0,0,,,,,,"",""
ball,3,18.3,West Indies,KC Brathwaite,AA Jangoo,Abrar Ahmed,0,0,,,,,,"",""
ball,3,18.4,West Indies,KC Brathwaite,AA Jangoo,Abrar Ahmed,0,0,,,,,,"",""
ball,3,18.5,West Indies,KC Brathwaite,AA Jangoo,Abrar Ahmed,1,0,,,,,,"",""
ball,3,18.6,West Indies,AA Jangoo,KC Brathwaite,Abrar Ahmed,0,0,,,,,,"",""
ball,3,19.1,West Indies,KC Brathwaite,AA Jangoo,Sajid Khan,0,3,,,,3,,"",""
ball,3,19.2,West Indies,AA Jangoo,KC Brathwaite,Sajid Khan,0,0,,,,,,"",""
ball,3,19.3,West Indies,AA Jangoo,KC Brathwaite,Sajid Khan,0,0,,,,,,"",""
ball,3,19.4,West Indies,AA Jangoo,KC Brathwaite,Sajid Khan,0,1,,,1,,,"",""
ball,3,19.5,West Indies,KC Brathwaite,AA Jangoo,Sajid Khan,0,4,,,,4,,"",""
ball,3,19.6,West Indies,KC Brathwaite,AA Jangoo,Sajid Khan,0,0,,,,,,"",""
ball,3,20.1,West Indies,AA Jangoo,KC Brathwaite,Abrar Ahmed,2,0,,,,,,"",""
ball,3,20.2,West Indies,AA Jangoo,KC Brathwaite,Abrar Ahmed,0,0,,,,,,"",""
ball,3,20.3,West Indies,AA Jangoo,KC Brathwaite,Abrar Ahmed,4,0,,,,,,"",""
ball,3,20.4,West Indies,AA Jangoo,KC Brathwaite,Abrar Ahmed,0,0,,,,,,"",""
ball,3,20.5,West Indies,AA Jangoo,KC Brathwaite,Abrar Ahmed,0,0,,,,,,"",""
ball,3,20.6,West Indies,AA Jangoo,KC Brathwaite,Abrar Ahmed,4,0,,,,,,"",""
ball,3,21.1,West Indies,KC Brathwaite,AA Jangoo,Sajid Khan,0,0,,,,,,"",""
ball,3,21.2,West Indies,KC Brathwaite,AA Jangoo,Sajid Khan,1,0,,,,,,"",""
ball,3,21.3,West Indies,AA Jangoo,KC Brathwaite,Sajid Khan,1,0,,,,,,"",""
ball,3,21.4,West Indies,KC Brathwaite,AA Jangoo,Sajid Khan,0,0,,,,,,"",""
ball,3,21.5,West Indies,KC Brathwaite,AA Jangoo,Sajid Khan,0,0,,,,,,"",""
ball,3,21.6,West Indies,KC Brathwaite,AA Jangoo,Sajid Khan,0,0,,,,,,"",""
ball,3,22.1,West Indies,AA Jangoo,KC Brathwaite,Nauman Ali,0,0,,,,,,"",""
ball,3,22.2,West Indies,AA Jangoo,KC Brathwaite,Nauman Ali,0,0,,,,,,"",""
ball,3,22.3,West Indies,AA Jangoo,KC Brathwaite,Nauman Ali,0,0,,,,,,"",""
ball,3,22.4,West Indies,AA Jangoo,KC Brathwaite,Nauman Ali,0,0,,,,,,"",""
ball,3,22.5,West Indies,AA Jangoo,KC Brathwaite,Nauman Ali,1,0,,,,,,"",""
ball,3,22.6,West Indies,KC Brathwaite,AA Jangoo,Nauman Ali,0,0,,,,,,stumped,KC Brathwaite
ball,3,23.1,West Indies,AA Jangoo,KAR Hodge,Sajid Khan,0,0,,,,,,"",""
ball,3,23.2,West Indies,AA Jangoo,KAR Hodge,Sajid Khan,1,0,,,,,,"",""
ball,3,23.3,West Indies,KAR Hodge,AA Jangoo,Sajid Khan,1,0,,,,,,"",""
ball,3,23.4,West Indies,AA Jangoo,KAR Hodge,Sajid Khan,0,0,,,,,,"",""
ball,3,23.5,West Indies,AA Jangoo,KAR Hodge,Sajid Khan,0,0,,,,,,"",""
ball,3,23.6,West Indies,AA Jangoo,KAR Hodge,Sajid Khan,0,0,,,,,,"",""
ball,3,24.1,West Indies,KAR Hodge,AA Jangoo,Nauman Ali,0,0,,,,,,"",""
ball,3,24.2,West Indies,KAR Hodge,AA Jangoo,Nauman Ali,2,0,,,,,,"",""
ball,3,24.3,West Indies,KAR Hodge,AA Jangoo,Nauman Ali,0,0,,,,,,"",""
ball,3,24.4,West Indies,KAR Hodge,AA Jangoo,Nauman Ali,0,0,,,,,,"",""
ball,3,24.5,West Indies,KAR Hodge,AA Jangoo,Nauman Ali,0,0,,,,,,"",""
ball,3,24.6,West Indies,KAR Hodge,AA Jangoo,Nauman Ali,0,0,,,,,,"",""
ball,3,25.1,West Indies,AA Jangoo,KAR Hodge,Sajid Khan,0,0,,,,,,"",""
ball,3,25.2,West Indies,AA Jangoo,KAR Hodge,Sajid Khan,2,0,,,,,,"",""
ball,3,25.3,West Indies,AA Jangoo,KAR Hodge,Sajid Khan,0,0,,,,,,"",""
ball,3,25.4,West Indies,AA Jangoo,KAR Hodge,Sajid Khan,2,0,,,,,,"",""
ball,3,25.5,West Indies,AA Jangoo,KAR Hodge,Sajid Khan,0,0,,,,,,"",""
ball,3,25.6,West Indies,AA Jangoo,KAR Hodge,Sajid Khan,0,0,,,,,,"",""
ball,3,26.1,West Indies,KAR Hodge,AA Jangoo,Nauman Ali,1,0,,,,,,"",""
ball,3,26.2,West Indies,AA Jangoo,KAR Hodge,Nauman Ali,4,0,,,,,,"",""
ball,3,26.3,West Indies,AA Jangoo,KAR Hodge,Nauman Ali,0,0,,,,,,"",""
ball,3,26.4,West Indies,AA Jangoo,KAR Hodge,Nauman Ali,0,0,,,,,,"",""
ball,3,26.5,West Indies,AA Jangoo,KAR Hodge,Nauman Ali,1,0,,,,,,"",""
ball,3,26.6,West Indies,KAR Hodge,AA Jangoo,Nauman Ali,0,0,,,,,,"",""
ball,3,27.1,West Indies,AA Jangoo,KAR Hodge,Sajid Khan,0,0,,,,,,"",""
ball,3,27.2,West Indies,AA Jangoo,KAR Hodge,Sajid Khan,0,0,,,,,,"",""
ball,3,27.3,West Indies,AA Jangoo,KAR Hodge,Sajid Khan,0,0,,,,,,caught,AA Jangoo
ball,3,27.4,West Indies,A Athanaze,KAR Hodge,Sajid Khan,0,0,,,,,,"",""
ball,3,27.5,West Indies,A Athanaze,KAR Hodge,Sajid Khan,0,0,,,,,,"",""
ball,3,27.6,West Indies,A Athanaze,KAR Hodge,Sajid Khan,0,0,,,,,,"",""
ball,3,28.1,West Indies,KAR Hodge,A Athanaze,Nauman Ali,0,0,,,,,,"",""
ball,3,28.2,West Indies,KAR Hodge,A Athanaze,Nauman Ali,1,0,,,,,,"",""
ball,3,28.3,West Indies,A Athanaze,KAR Hodge,Nauman Ali,1,0,,,,,,"",""
ball,3,28.4,West Indies,KAR Hodge,A Athanaze,Nauman Ali,0,0,,,,,,"",""
ball,3,28.5,West Indies,KAR Hodge,A Athanaze,Nauman Ali,0,0,,,,,,"",""
ball,3,28.6,West Indies,KAR Hodge,A Athanaze,Nauman Ali,0,0,,,,,,"",""
ball,3,29.1,West Indies,A Athanaze,KAR Hodge,Sajid Khan,2,0,,,,,,"",""
ball,3,29.2,West Indies,A Athanaze,KAR Hodge,Sajid Khan,0,0,,,,,,"",""
ball,3,29.3,West Indies,A Athanaze,KAR Hodge,Sajid Khan,0,0,,,,,,"",""
ball,3,29.4,West Indies,A Athanaze,KAR Hodge,Sajid Khan,0,0,,,,,,"",""
ball,3,29.5,West Indies,A Athanaze,KAR Hodge,Sajid Khan,0,0,,,,,,"",""
ball,3,29.6,West Indies,A Athanaze,KAR Hodge,Sajid Khan,0,0,,,,,,"",""
ball,3,30.1,West Indies,KAR Hodge,A Athanaze,Nauman Ali,4,0,,,,,,"",""
ball,3,30.2,West Indies,KAR Hodge,A Athanaze,Nauman Ali,1,0,,,,,,"",""
ball,3,30.3,West Indies,A Athanaze,KAR Hodge,Nauman Ali,0,0,,,,,,"",""
ball,3,30.4,West Indies,A Athanaze,KAR Hodge,Nauman Ali,1,0,,,,,,"",""
ball,3,30.5,West Indies,KAR Hodge,A Athanaze,Nauman Ali,1,0,,,,,,"",""
ball,3,30.6,West Indies,A Athanaze,KAR Hodge,Nauman Ali,1,0,,,,,,"",""
ball,3,31.1,West Indies,A Athanaze,KAR Hodge,Sajid Khan,1,0,,,,,,"",""
ball,3,31.2,West Indies,KAR Hodge,A Athanaze,Sajid Khan,1,0,,,,,,"",""
ball,3,31.3,West Indies,A Athanaze,KAR Hodge,Sajid Khan,0,0,,,,,,"",""
ball,3,31.4,West Indies,A Athanaze,KAR Hodge,Sajid Khan,0,1,,,1,,,"",""
ball,3,31.5,West Indies,KAR Hodge,A Athanaze,Sajid Khan,3,0,,,,,,"",""
ball,3,31.6,West Indies,A Athanaze,KAR Hodge,Sajid Khan,0,0,,,,,,"",""
ball,3,32.1,West Indies,KAR Hodge,A Athanaze,Nauman Ali,0,0,,,,,,stumped,KAR Hodge
ball,3,32.2,West Indies,JP Greaves,A Athanaze,Nauman Ali,1,0,,,,,,"",""
ball,3,32.3,West Indies,A Athanaze,JP Greaves,Nauman Ali,0,0,,,,,,"",""
ball,3,32.4,West Indies,A Athanaze,JP Greaves,Nauman Ali,0,0,,,,,,"",""
ball,3,32.5,West Indies,A Athanaze,JP Greaves,Nauman Ali,0,0,,,,,,"",""
ball,3,32.6,West Indies,A Athanaze,JP Greaves,Nauman Ali,0,0,,,,,,"",""
ball,3,33.1,West Indies,JP Greaves,A Athanaze,Sajid Khan,0,0,,,,,,"",""
ball,3,33.2,West Indies,JP Greaves,A Athanaze,Sajid Khan,0,0,,,,,,"",""
ball,3,33.3,West Indies,JP Greaves,A Athanaze,Sajid Khan,0,0,,,,,,"",""
ball,3,33.4,West Indies,JP Greaves,A Athanaze,Sajid Khan,0,0,,,,,,"",""
ball,3,33.5,West Indies,JP Greaves,A Athanaze,Sajid Khan,2,0,,,,,,"",""
ball,3,33.6,West Indies,JP Greaves,A Athanaze,Sajid Khan,1,0,,,,,,"",""
ball,3,34.1,West Indies,JP Greaves,A Athanaze,Nauman Ali,1,0,,,,,,"",""
ball,3,34.2,West Indies,A Athanaze,JP Greaves,Nauman Ali,0,0,,,,,,lbw,A Athanaze
ball,3,34.3,West Indies,TA Imlach,JP Greaves,Nauman Ali,0,0,,,,,,"",""
ball,3,34.4,West Indies,TA Imlach,JP Greaves,Nauman Ali,0,0,,,,,,"",""
ball,3,34.5,West Indies,TA Imlach,JP Greaves,Nauman Ali,0,0,,,,,,"",""
ball,3,34.6,West Indies,TA Imlach,JP Greaves,Nauman Ali,1,0,,,,,,"",""
ball,3,35.1,West Indies,TA Imlach,JP Greaves,Sajid Khan,0,0,,,,,,"",""
ball,3,35.2,West Indies,TA Imlach,JP Greaves,Sajid Khan,1,0,,,,,,"",""
ball,3,35.3,West Indies,JP Greaves,TA Imlach,Sajid Khan,0,0,,,,,,"",""
ball,3,35.4,West Indies,JP Greaves,TA Imlach,Sajid Khan,1,0,,,,,,"",""
ball,3,35.5,West Indies,TA Imlach,JP Greaves,Sajid Khan,0,0,,,,,,"",""
ball,3,35.6,West Indies,TA Imlach,JP Greaves,Sajid Khan,0,0,,,,,,"",""
ball,3,36.1,West Indies,JP Greaves,TA Imlach,Nauman Ali,0,0,,,,,,"",""
ball,3,36.2,West Indies,JP Greaves,TA Imlach,Nauman Ali,0,0,,,,,,"",""
ball,3,36.3,West Indies,JP Greaves,TA Imlach,Nauman Ali,0,0,,,,,,"",""
ball,3,36.4,West Indies,JP Greaves,TA Imlach,Nauman Ali,0,0,,,,,,"",""
ball,3,36.5,West Indies,JP Greaves,TA Imlach,Nauman Ali,0,0,,,,,,"",""
ball,3,36.6,West Indies,JP Greaves,TA Imlach,Nauman Ali,1,0,,,,,,"",""
ball,3,37.1,West Indies,JP Greaves,TA Imlach,Sajid Khan,1,0,,,,,,"",""
ball,3,37.2,West Indies,TA Imlach,JP Greaves,Sajid Khan,2,0,,,,,,"",""
ball,3,37.3,West Indies,TA Imlach,JP Greaves,Sajid Khan,3,0,,,,,,"",""
ball,3,37.4,West Indies,JP Greaves,TA Imlach,Sajid Khan,1,0,,,,,,"",""
ball,3,37.5,West Indies,TA Imlach,JP Greaves,Sajid Khan,0,0,,,,,,"",""
ball,3,37.6,West Indies,TA Imlach,JP Greaves,Sajid Khan,3,0,,,,,,"",""
ball,3,38.1,West Indies,TA Imlach,JP Greaves,Nauman Ali,1,0,,,,,,"",""
ball,3,38.2,West Indies,JP Greaves,TA Imlach,Nauman Ali,0,0,,,,,,"",""
ball,3,38.3,West Indies,JP Greaves,TA Imlach,Nauman Ali,0,0,,,,,,"",""
ball,3,38.4,West Indies,JP Greaves,TA Imlach,Nauman Ali,1,0,,,,,,"",""
ball,3,38.5,West Indies,TA Imlach,JP Greaves,Nauman Ali,0,0,,,,,,"",""
ball,3,38.6,West Indies,TA Imlach,JP Greaves,Nauman Ali,0,0,,,,,,"",""
ball,3,39.1,West Indies,JP Greaves,TA Imlach,Abrar Ahmed,0,0,,,,,,caught,JP Greaves
ball,3,39.2,West Indies,K Sinclair,TA Imlach,Abrar Ahmed,1,0,,,,,,"",""
ball,3,39.3,West Indies,TA Imlach,K Sinclair,Abrar Ahmed,0,0,,,,,,"",""
ball,3,39.4,West Indies,TA Imlach,K Sinclair,Abrar Ahmed,0,0,,,,,,"",""
ball,3,39.5,West Indies,TA Imlach,K Sinclair,Abrar Ahmed,0,0,,,,,,"",""
ball,3,39.6,West Indies,TA Imlach,K Sinclair,Abrar Ahmed,0,0,,,,,,"",""
ball,3,40.1,West Indies,K Sinclair,TA Imlach,Nauman Ali,0,0,,,,,,"",""
ball,3,40.2,West Indies,K Sinclair,TA Imlach,Nauman Ali,0,0,,,,,,"",""
ball,3,40.3,West Indies,K Sinclair,TA Imlach,Nauman Ali,0,0,,,,,,"",""
ball,3,40.4,West Indies,K Sinclair,TA Imlach,Nauman Ali,0,0,,,,,,"",""
ball,3,40.5,West Indies,K Sinclair,TA Imlach,Nauman Ali,4,0,,,,,,"",""
ball,3,40.6,West Indies,K Sinclair,TA Imlach,Nauman Ali,1,0,,,,,,"",""
ball,3,41.1,West Indies,K Sinclair,TA Imlach,Abrar Ahmed,0,0,,,,,,"",""
ball,3,41.2,West Indies,K Sinclair,TA Imlach,Abrar Ahmed,1,0,,,,,,"",""
ball,3,41.3,West Indies,TA Imlach,K Sinclair,Abrar Ahmed,1,0,,,,,,"",""
ball,3,41.4,West Indies,K Sinclair,TA Imlach,Abrar Ahmed,0,0,,,,,,"",""
ball,3,41.5,West Indies,K Sinclair,TA Imlach,Abrar Ahmed,0,0,,,,,,"",""
ball,3,41.6,West Indies,K Sinclair,TA Imlach,Abrar Ahmed,0,0,,,,,,"",""
ball,3,42.1,West Indies,TA Imlach,K Sinclair,Nauman Ali,1,0,,,,,,"",""
ball,3,42.2,West Indies,K Sinclair,TA Imlach,Nauman Ali,1,0,,,,,,"",""
ball,3,42.3,West Indies,TA Imlach,K Sinclair,Nauman Ali,1,0,,,,,,"",""
ball,3,42.4,West Indies,K Sinclair,TA Imlach,Nauman Ali,0,0,,,,,,"",""
ball,3,42.5,West Indies,K Sinclair,TA Imlach,Nauman Ali,0,0,,,,,,"",""
ball,3,42.6,West Indies,K Sinclair,TA Imlach,Nauman Ali,0,0,,,,,,"",""
ball,3,43.1,West Indies,TA Imlach,K Sinclair,Abrar Ahmed,1,0,,,,,,"",""
ball,3,43.2,West Indies,K Sinclair,TA Imlach,Abrar Ahmed,0,0,,,,,,"",""
ball,3,43.3,West Indies,K Sinclair,TA Imlach,Abrar Ahmed,0,0,,,,,,"",""
ball,3,43.4,West Indies,K Sinclair,TA Imlach,Abrar Ahmed,2,0,,,,,,"",""
ball,3,43.5,West Indies,K Sinclair,TA Imlach,Abrar Ahmed,0,0,,,,,,"",""
ball,3,43.6,West Indies,K Sinclair,TA Imlach,Abrar Ahmed,0,0,,,,,,"",""
ball,3,44.1,West Indies,TA Imlach,K Sinclair,Nauman Ali,0,0,,,,,,"",""
ball,3,44.2,West Indies,TA Imlach,K Sinclair,Nauman Ali,1,0,,,,,,"",""
ball,3,44.3,West Indies,K Sinclair,TA Imlach,Nauman Ali,0,0,,,,,,"",""
ball,3,44.4,West Indies,K Sinclair,TA Imlach,Nauman Ali,3,0,,,,,,"",""
ball,3,44.5,West Indies,TA Imlach,K Sinclair,Nauman Ali,1,0,,,,,,"",""
ball,3,44.6,West Indies,K Sinclair,TA Imlach,Nauman Ali,1,0,,,,,,"",""
ball,3,45.1,West Indies,K Sinclair,TA Imlach,Abrar Ahmed,0,0,,,,,,"",""
ball,3,45.2,West Indies,K Sinclair,TA Imlach,Abrar Ahmed,1,0,,,,,,"",""
ball,3,45.3,West Indies,TA Imlach,K Sinclair,Abrar Ahmed,0,0,,,,,,"",""
ball,3,45.4,West Indies,TA Imlach,K Sinclair,Abrar Ahmed,2,0,,,,,,"",""
ball,3,45.5,West Indies,TA Imlach,K Sinclair,Abrar Ahmed,0,0,,,,,,"",""
ball,3,45.6,West Indies,TA Imlach,K Sinclair,Abrar Ahmed,0,0,,,,,,"",""
ball,3,46.1,West Indies,K Sinclair,TA Imlach,Sajid Khan,1,0,,,,,,"",""
ball,3,46.2,West Indies,TA Imlach,K Sinclair,Sajid Khan,1,0,,,,,,"",""
ball,3,46.3,West Indies,K Sinclair,TA Imlach,Sajid Khan,0,0,,,,,,"",""
ball,3,46.4,West Indies,K Sinclair,TA Imlach,Sajid Khan,1,0,,,,,,"",""
ball,3,46.5,West Indies,TA Imlach,K Sinclair,Sajid Khan,0,0,,,,,,"",""
ball,3,46.6,West Indies,TA Imlach,K Sinclair,Sajid Khan,1,0,,,,,,"",""
ball,3,47.1,West Indies,TA Imlach,K Sinclair,Abrar Ahmed,1,0,,,,,,"",""
ball,3,47.2,West Indies,K Sinclair,TA Imlach,Abrar Ahmed,1,0,,,,,,"",""
ball,3,47.3,West Indies,TA Imlach,K Sinclair,Abrar Ahmed,0,0,,,,,,"",""
ball,3,47.4,West Indies,TA Imlach,K Sinclair,Abrar Ahmed,0,0,,,,,,"",""
ball,3,47.5,West Indies,TA Imlach,K Sinclair,Abrar Ahmed,0,0,,,,,,"",""
ball,3,47.6,West Indies,TA Imlach,K Sinclair,Abrar Ahmed,4,0,,,,,,"",""
ball,3,48.1,West Indies,K Sinclair,TA Imlach,Sajid Khan,0,0,,,,,,"",""
ball,3,48.2,West Indies,K Sinclair,TA Imlach,Sajid Khan,0,0,,,,,,"",""
ball,3,48.3,West Indies,K Sinclair,TA Imlach,Sajid Khan,0,0,,,,,,"",""
ball,3,48.4,West Indies,K Sinclair,TA Imlach,Sajid Khan,0,0,,,,,,"",""
ball,3,48.5,West Indies,K Sinclair,TA Imlach,Sajid Khan,1,0,,,,,,"",""
ball,3,48.6,West Indies,TA Imlach,K Sinclair,Sajid Khan,0,0,,,,,,"",""
ball,3,49.1,West Indies,K Sinclair,TA Imlach,Abrar Ahmed,0,0,,,,,,"",""
ball,3,49.2,West Indies,K Sinclair,TA Imlach,Abrar Ahmed,0,0,,,,,,"",""
ball,3,49.3,West Indies,K Sinclair,TA Imlach,Abrar Ahmed,0,0,,,,,,"",""
ball,3,49.4,West Indies,K Sinclair,TA Imlach,Abrar Ahmed,1,0,,,,,,"",""
ball,3,49.5,West Indies,TA Imlach,K Sinclair,Abrar Ahmed,0,0,,,,,,"",""
ball,3,49.6,West Indies,TA Imlach,K Sinclair,Abrar Ahmed,0,0,,,,,,"",""
ball,3,50.1,West Indies,K Sinclair,TA Imlach,Sajid Khan,0,0,,,,,,"",""
ball,3,50.2,West Indies,K Sinclair,TA Imlach,Sajid Khan,0,0,,,,,,"",""
ball,3,50.3,West Indies,K Sinclair,TA Imlach,Sajid Khan,0,0,,,,,,"",""
ball,3,50.4,West Indies,K Sinclair,TA Imlach,Sajid Khan,2,0,,,,,,"",""
ball,3,50.5,West Indies,K Sinclair,TA Imlach,Sajid Khan,0,0,,,,,,"",""
ball,3,50.6,West Indies,K Sinclair,TA Imlach,Sajid Khan,0,0,,,,,,"",""
ball,3,51.1,West Indies,TA Imlach,K Sinclair,Abrar Ahmed,0,4,,,4,,,"",""
ball,3,51.2,West Indies,TA Imlach,K Sinclair,Abrar Ahmed,1,0,,,,,,"",""
ball,3,51.3,West Indies,K Sinclair,TA Imlach,Abrar Ahmed,0,0,,,,,,"",""
ball,3,51.4,West Indies,K Sinclair,TA Imlach,Abrar Ahmed,1,0,,,,,,"",""
ball,3,51.5,West Indies,TA Imlach,K Sinclair,Abrar Ahmed,0,0,,,,,,"",""
ball,3,51.6,West Indies,TA Imlach,K Sinclair,Abrar Ahmed,2,0,,,,,,"",""
ball,3,52.1,West Indies,K Sinclair,TA Imlach,Sajid Khan,0,0,,,,,,"",""
ball,3,52.2,West Indies,K Sinclair,TA Imlach,Sajid Khan,1,0,,,,,,"",""
ball,3,52.3,West Indies,TA Imlach,K Sinclair,Sajid Khan,0,0,,,,,,"",""
ball,3,52.4,West Indies,TA Imlach,K Sinclair,Sajid Khan,1,0,,,,,,"",""
ball,3,52.5,West Indies,K Sinclair,TA Imlach,Sajid Khan,4,0,,,,,,"",""
ball,3,52.6,West Indies,K Sinclair,TA Imlach,Sajid Khan,0,0,,,,,,bowled,K Sinclair
ball,3,53.1,West Indies,TA Imlach,G Motie,Abrar Ahmed,1,0,,,,,,"",""
ball,3,53.2,West Indies,G Motie,TA Imlach,Abrar Ahmed,1,0,,,,,,"",""
ball,3,53.3,West Indies,TA Imlach,G Motie,Abrar Ahmed,1,0,,,,,,"",""
ball,3,53.4,West Indies,G Motie,TA Imlach,Abrar Ahmed,0,0,,,,,,"",""
ball,3,53.5,West Indies,G Motie,TA Imlach,Abrar Ahmed,1,0,,,,,,"",""
ball,3,53.6,West Indies,TA Imlach,G Motie,Abrar Ahmed,1,0,,,,,,"",""
ball,3,54.1,West Indies,TA Imlach,G Motie,Sajid Khan,0,0,,,,,,"",""
ball,3,54.2,West Indies,TA Imlach,G Motie,Sajid Khan,0,0,,,,,,"",""
ball,3,54.3,West Indies,TA Imlach,G Motie,Sajid Khan,2,0,,,,,,"",""
ball,3,54.4,West Indies,TA Imlach,G Motie,Sajid Khan,0,0,,,,,,"",""
ball,3,54.5,West Indies,TA Imlach,G Motie,Sajid Khan,0,0,,,,,,"",""
ball,3,54.6,West Indies,TA Imlach,G Motie,Sajid Khan,0,0,,,,,,"",""
ball,3,55.1,West Indies,G Motie,TA Imlach,Kashif Ali,0,0,,,,,,"",""
ball,3,55.2,West Indies,G Motie,TA Imlach,Kashif Ali,2,0,,,,,,"",""
ball,3,55.3,West Indies,G Motie,TA Imlach,Kashif Ali,0,0,,,,,,"",""
ball,3,55.4,West Indies,G Motie,TA Imlach,Kashif Ali,1,0,,,,,,"",""
ball,3,55.5,West Indies,TA Imlach,G Motie,Kashif Ali,0,0,,,,,,lbw,TA Imlach
ball,3,55.6,West Indies,JA Warrican,G Motie,Kashif Ali,0,0,,,,,,"",""
ball,3,56.1,West Indies,G Motie,JA Warrican,Sajid Khan,4,0,,,,,,"",""
ball,3,56.2,West Indies,G Motie,JA Warrican,Sajid Khan,0,0,,,,,,"",""
ball,3,56.3,West Indies,G Motie,JA Warrican,Sajid Khan,0,0,,,,,,"",""
ball,3,56.4,West Indies,G Motie,JA Warrican,Sajid Khan,1,0,,,,,,"",""
ball,3,56.5,West Indies,JA Warrican,G Motie,Sajid Khan,0,0,,,,,,"",""
ball,3,56.6,West Indies,JA Warrican,G Motie,Sajid Khan,2,0,,,,,,"",""
ball,3,57.1,West Indies,G Motie,JA Warrican,Kashif Ali,2,0,,,,,,"",""
ball,3,57.2,West Indies,G Motie,JA Warrican,Kashif Ali,1,0,,,,,,"",""
ball,3,57.3,West Indies,JA Warrican,G Motie,Kashif Ali,0,1,,1,,,,"",""
ball,3,57.4,West Indies,JA Warrican,G Motie,Kashif Ali,4,0,,,,,,"",""
ball,3,57.5,West Indies,JA Warrican,G Motie,Kashif Ali,1,0,,,,,,"",""
ball,3,57.6,West Indies,G Motie,JA Warrican,Kashif Ali,2,0,,,,,,"",""
ball,3,57.7,West Indies,G Motie,JA Warrican,Kashif Ali,1,0,,,,,,"",""
ball,3,58.1,West Indies,G Motie,JA Warrican,Sajid Khan,0,0,,,,,,"",""
ball,3,58.2,West Indies,G Motie,JA Warrican,Sajid Khan,0,0,,,,,,"",""
ball,3,58.3,West Indies,G Motie,JA Warrican,Sajid Khan,0,0,,,,,,"",""
ball,3,58.4,West Indies,G Motie,JA Warrican,Sajid Khan,0,1,,,1,,,"",""
ball,3,58.5,West Indies,JA Warrican,G Motie,Sajid Khan,0,0,,,,,,"",""
ball,3,58.6,West Indies,JA Warrican,G Motie,Sajid Khan,0,0,,,,,,"",""
ball,3,59.1,West Indies,G Motie,JA Warrican,Kashif Ali,1,0,,,,,,"",""
ball,3,59.2,West Indies,JA Warrican,G Motie,Kashif Ali,0,0,,,,,,"",""
ball,3,59.3,West Indies,JA Warrican,G Motie,Kashif Ali,1,0,,,,,,"",""
ball,3,59.4,West Indies,G Motie,JA Warrican,Kashif Ali,1,0,,,,,,"",""
ball,3,59.5,West Indies,JA Warrican,G Motie,Kashif Ali,1,0,,,,,,"",""
ball,3,59.6,West Indies,G Motie,JA Warrican,Kashif Ali,0,0,,,,,,"",""
ball,3,60.1,West Indies,JA Warrican,G Motie,Sajid Khan,3,0,,,,,,"",""
ball,3,60.2,West Indies,G Motie,JA Warrican,Sajid Khan,0,0,,,,,,"",""
ball,3,60.3,West Indies,G Motie,JA Warrican,Sajid Khan,0,0,,,,,,"",""
ball,3,60.4,West Indies,G Motie,JA Warrican,Sajid Khan,0,0,,,,,,"",""
ball,3,60.5,West Indies,G Motie,JA Warrican,Sajid Khan,0,0,,,,,,"",""
ball,3,60.6,West Indies,G Motie,JA Warrican,Sajid Khan,0,0,,,,,,lbw,G Motie
ball,3,61.1,West Indies,JA Warrican,KAJ Roach,Nauman Ali,1,0,,,,,,"",""
ball,3,61.2,West Indies,KAJ Roach,JA Warrican,Nauman Ali,0,0,,,,,,"",""
ball,3,61.3,West Indies,KAJ Roach,JA Warrican,Nauman Ali,0,0,,,,,,"",""
ball,3,61.4,West Indies,KAJ Roach,JA Warrican,Nauman Ali,0,0,,,,,,"",""
ball,3,61.5,West Indies,KAJ Roach,JA Warrican,Nauman Ali,0,0,,,,,,"",""
ball,3,61.6,West Indies,KAJ Roach,JA Warrican,Nauman Ali,0,0,,,,,,"",""
ball,3,62.1,West Indies,JA Warrican,KAJ Roach,Sajid Khan,0,0,,,,,,"",""
ball,3,62.2,West Indies,JA Warrican,KAJ Roach,Sajid Khan,0,0,,,,,,"",""
ball,3,62.3,West Indies,JA Warrican,KAJ Roach,Sajid Khan,1,0,,,,,,"",""
ball,3,62.4,West Indies,KAJ Roach,JA Warrican,Sajid Khan,0,1,,,1,,,"",""
ball,3,62.5,West Indies,JA Warrican,KAJ Roach,Sajid Khan,0,0,,,,,,"",""
ball,3,62.6,West Indies,JA Warrican,KAJ Roach,Sajid Khan,1,0,,,,,,"",""
ball,3,63.1,West Indies,JA Warrican,KAJ Roach,Nauman Ali,0,0,,,,,,"",""
ball,3,63.2,West Indies,JA Warrican,KAJ Roach,Nauman Ali,1,0,,,,,,"",""
ball,3,63.3,West Indies,KAJ Roach,JA Warrican,Nauman Ali,0,0,,,,,,"",""
ball,3,63.4,West Indies,KAJ Roach,JA Warrican,Nauman Ali,0,0,,,,,,"",""
ball,3,63.5,West Indies,KAJ Roach,JA Warrican,Nauman Ali,0,0,,,,,,"",""
ball,3,63.6,West Indies,KAJ Roach,JA Warrican,Nauman Ali,0,0,,,,,,"",""
ball,3,64.1,West Indies,JA Warrican,KAJ Roach,Sajid Khan,1,0,,,,,,"",""
ball,3,64.2,West Indies,KAJ Roach,JA Warrican,Sajid Khan,0,0,,,,,,"",""
ball,3,64.3,West Indies,KAJ Roach,JA Warrican,Sajid Khan,0,0,,,,,,"",""
ball,3,64.4,West Indies,KAJ Roach,JA Warrican,Sajid Khan,4,0,,,,,,"",""
ball,3,64.5,West Indies,KAJ Roach,JA Warrican,Sajid Khan,0,0,,,,,,"",""
ball,3,64.6,West Indies,KAJ Roach,JA Warrican,Sajid Khan,0,0,,,,,,"",""
ball,3,65.1,West Indies,JA Warrican,KAJ Roach,Nauman Ali,0,0,,,,,,"",""
ball,3,65.2,West Indies,JA Warrican,KAJ Roach,Nauman Ali,0,0,,,,,,"",""
ball,3,65.3,West Indies,JA Warrican,KAJ Roach,Nauman Ali,0,0,,,,,,"",""
ball,3,65.4,West Indies,JA Warrican,KAJ Roach,Nauman Ali,1,0,,,,,,"",""
ball,3,65.5,West Indies,KAJ Roach,JA Warrican,Nauman Ali,0,0,,,,,,"",""
ball,3,65.6,West Indies,KAJ Roach,JA Warrican,Nauman Ali,0,0,,,,,,"",""
ball,3,66.1,West Indies,JA Warrican,KAJ Roach,Sajid Khan,0,0,,,,,,caught,JA Warrican
ball,4,0.1,Pakistan,Shan Masood,Mohammad Huraira,G Motie,1,0,,,,,,"",""
ball,4,0.2,Pakistan,Mohammad Huraira,Shan Masood,G Motie,0,0,,,,,,"",""
ball,4,0.3,Pakistan,Mohammad Huraira,Shan Masood,G Motie,1,0,,,,,,"",""
ball,4,0.4,Pakistan,Shan Masood,Mohammad Huraira,G Motie,1,0,,,,,,"",""
ball,4,0.5,Pakistan,Mohammad Huraira,Shan Masood,G Motie,0,0,,,,,,"",""
ball,4,0.6,Pakistan,Mohammad Huraira,Shan Masood,G Motie,0,0,,,,,,"",""
ball,4,1.1,Pakistan,Shan Masood,Mohammad Huraira,K Sinclair,0,0,,,,,,lbw,Shan Masood
ball,4,1.2,Pakistan,Babar Azam,Mohammad Huraira,K Sinclair,0,0,,,,,,"",""
ball,4,1.3,Pakistan,Babar Azam,Mohammad Huraira,K Sinclair,0,0,,,,,,"",""
ball,4,1.4,Pakistan,Babar Azam,Mohammad Huraira,K Sinclair,1,0,,,,,,"",""
ball,4,1.5,Pakistan,Mohammad Huraira,Babar Azam,K Sinclair,1,0,,,,,,"",""
ball,4,1.6,Pakistan,Babar Azam,Mohammad Huraira,K Sinclair,0,0,,,,,,"",""
ball,4,2.1,Pakistan,Mohammad Huraira,Babar Azam,G Motie,0,0,,,,,,"",""
ball,4,2.2,Pakistan,Mohammad Huraira,Babar Azam,G Motie,0,0,,,,,,"",""
ball,4,2.3,Pakistan,Mohammad Huraira,Babar Azam,G Motie,0,0,,,,,,"",""
ball,4,2.4,Pakistan,Mohammad Huraira,Babar Azam,G Motie,0,0,,,,,,lbw,Mohammad Huraira
ball,4,2.5,Pakistan,Kamran Ghulam,Babar Azam,G Motie,0,0,,,,,,"",""
ball,4,2.6,Pakistan,Kamran Ghulam,Babar Azam,G Motie,0,0,,,,,,"",""
ball,4,3.1,Pakistan,Babar Azam,Kamran Ghulam,K Sinclair,0,0,,,,,,"",""
ball,4,3.2,Pakistan,Babar Azam,Kamran Ghulam,K Sinclair,0,0,,,,,,"",""
ball,4,3.3,Pakistan,Babar Azam,Kamran Ghulam,K Sinclair,0,0,,,,,,"",""
ball,4,3.4,Pakistan,Babar Azam,Kamran Ghulam,K Sinclair,1,0,,,,,,"",""
ball,4,3.5,Pakistan,Kamran Ghulam,Babar Azam,K Sinclair,1,0,,,,,,"",""
ball,4,3.6,Pakistan,Babar Azam,Kamran Ghulam,K Sinclair,0,0,,,,,,"",""
ball,4,4.1,Pakistan,Kamran Ghulam,Babar Azam,G Motie,0,0,,,,,,"",""
ball,4,4.2,Pakistan,Kamran Ghulam,Babar Azam,G Motie,1,0,,,,,,"",""
ball,4,4.3,Pakistan,Babar Azam,Kamran Ghulam,G Motie,0,1,,,,1,,"",""
ball,4,4.4,Pakistan,Kamran Ghulam,Babar Azam,G Motie,0,0,,,,,,"",""
ball,4,4.5,Pakistan,Kamran Ghulam,Babar Azam,G Motie,0,0,,,,,,"",""
ball,4,4.6,Pakistan,Kamran Ghulam,Babar Azam,G Motie,0,0,,,,,,"",""
ball,4,5.1,Pakistan,Babar Azam,Kamran Ghulam,K Sinclair,0,0,,,,,,"",""
ball,4,5.2,Pakistan,Babar Azam,Kamran Ghulam,K Sinclair,0,0,,,,,,"",""
ball,4,5.3,Pakistan,Babar Azam,Kamran Ghulam,K Sinclair,1,0,,,,,,"",""
ball,4,5.4,Pakistan,Kamran Ghulam,Babar Azam,K Sinclair,1,0,,,,,,"",""
ball,4,5.5,Pakistan,Babar Azam,Kamran Ghulam,K Sinclair,0,0,,,,,,"",""
ball,4,5.6,Pakistan,Babar Azam,Kamran Ghulam,K Sinclair,0,0,,,,,,"",""
ball,4,6.1,Pakistan,Kamran Ghulam,Babar Azam,G Motie,0,0,,,,,,"",""
ball,4,6.2,Pakistan,Kamran Ghulam,Babar Azam,G Motie,1,0,,,,,,"",""
ball,4,6.3,Pakistan,Babar Azam,Kamran Ghulam,G Motie,0,0,,,,,,"",""
ball,4,6.4,Pakistan,Babar Azam,Kamran Ghulam,G Motie,0,0,,,,,,"",""
ball,4,6.5,Pakistan,Babar Azam,Kamran Ghulam,G Motie,1,0,,,,,,"",""
ball,4,6.6,Pakistan,Kamran Ghulam,Babar Azam,G Motie,0,0,,,,,,"",""
ball,4,7.1,Pakistan,Babar Azam,Kamran Ghulam,K Sinclair,0,0,,,,,,"",""
ball,4,7.2,Pakistan,Babar Azam,Kamran Ghulam,K Sinclair,0,0,,,,,,"",""
ball,4,7.3,Pakistan,Babar Azam,Kamran Ghulam,K Sinclair,1,0,,,,,,"",""
ball,4,7.4,Pakistan,Kamran Ghulam,Babar Azam,K Sinclair,0,0,,,,,,"",""
ball,4,7.5,Pakistan,Kamran Ghulam,Babar Azam,K Sinclair,0,0,,,,,,"",""
ball,4,7.6,Pakistan,Kamran Ghulam,Babar Azam,K Sinclair,0,0,,,,,,"",""
ball,4,8.1,Pakistan,Babar Azam,Kamran Ghulam,G Motie,0,4,,,4,,,"",""
ball,4,8.2,Pakistan,Babar Azam,Kamran Ghulam,G Motie,1,0,,,,,,"",""
ball,4,8.3,Pakistan,Kamran Ghulam,Babar Azam,G Motie,1,0,,,,,,"",""
ball,4,8.4,Pakistan,Babar Azam,Kamran Ghulam,G Motie,0,0,,,,,,"",""
ball,4,8.5,Pakistan,Babar Azam,Kamran Ghulam,G Motie,1,0,,,,,,"",""
ball,4,8.6,Pakistan,Kamran Ghulam,Babar Azam,G Motie,0,0,,,,,,"",""
ball,4,9.1,Pakistan,Babar Azam,Kamran Ghulam,K Sinclair,4,0,,,,,,"",""
ball,4,9.2,Pakistan,Babar Azam,Kamran Ghulam,K Sinclair,1,0,,,,,,"",""
ball,4,9.3,Pakistan,Kamran Ghulam,Babar Azam,K Sinclair,0,0,,,,,,"",""
ball,4,9.4,Pakistan,Kamran Ghulam,Babar Azam,K Sinclair,1,0,,,,,,"",""
ball,4,9.5,Pakistan,Babar Azam,Kamran Ghulam,K Sinclair,1,0,,,,,,"",""
ball,4,9.6,Pakistan,Kamran Ghulam,Babar Azam,K Sinclair,0,0,,,,,,"",""
ball,4,10.1,Pakistan,Babar Azam,Kamran Ghulam,G Motie,0,0,,,,,,"",""
ball,4,10.2,Pakistan,Babar Azam,Kamran Ghulam,G Motie,0,0,,,,,,"",""
ball,4,10.3,Pakistan,Babar Azam,Kamran Ghulam,G Motie,1,0,,,,,,"",""
ball,4,10.4,Pakistan,Kamran Ghulam,Babar Azam,G Motie,0,0,,,,,,"",""
ball,4,10.5,Pakistan,Kamran Ghulam,Babar Azam,G Motie,1,0,,,,,,"",""
ball,4,10.6,Pakistan,Babar Azam,Kamran Ghulam,G Motie,0,0,,,,,,"",""
ball,4,11.1,Pakistan,Kamran Ghulam,Babar Azam,K Sinclair,0,1,,,,1,,"",""
ball,4,11.2,Pakistan,Babar Azam,Kamran Ghulam,K Sinclair,0,0,,,,,,"",""
ball,4,11.3,Pakistan,Babar Azam,Kamran Ghulam,K Sinclair,0,0,,,,,,"",""
ball,4,11.4,Pakistan,Babar Azam,Kamran Ghulam,K Sinclair,0,0,,,,,,"",""
ball,4,11.5,Pakistan,Babar Azam,Kamran Ghulam,K Sinclair,0,0,,,,,,"",""
ball,4,11.6,Pakistan,Babar Azam,Kamran Ghulam,K Sinclair,2,0,,,,,,"",""
ball,4,12.1,Pakistan,Kamran Ghulam,Babar Azam,G Motie,1,0,,,,,,"",""
ball,4,12.2,Pakistan,Babar Azam,Kamran Ghulam,G Motie,1,0,,,,,,"",""
ball,4,12.3,Pakistan,Kamran Ghulam,Babar Azam,G Motie,4,0,,,,,,"",""
ball,4,12.4,Pakistan,Kamran Ghulam,Babar Azam,G Motie,3,0,,,,,,"",""
ball,4,12.5,Pakistan,Babar Azam,Kamran Ghulam,G Motie,1,0,,,,,,"",""
ball,4,12.6,Pakistan,Kamran Ghulam,Babar Azam,G Motie,4,0,,,,,,"",""
ball,4,13.1,Pakistan,Babar Azam,Kamran Ghulam,JA Warrican,0,0,,,,,,"",""
ball,4,13.2,Pakistan,Babar Azam,Kamran Ghulam,JA Warrican,0,0,,,,,,"",""
ball,4,13.3,Pakistan,Babar Azam,Kamran Ghulam,JA Warrican,0,0,,,,,,"",""
ball,4,13.4,Pakistan,Babar Azam,Kamran Ghulam,JA Warrican,1,0,,,,,,"",""
ball,4,13.5,Pakistan,Kamran Ghulam,Babar Azam,JA Warrican,0,0,,,,,,"",""
ball,4,13.6,Pakistan,Kamran Ghulam,Babar Azam,JA Warrican,0,0,,,,,,caught,Kamran Ghulam
ball,4,14.1,Pakistan,Babar Azam,Saud Shakeel,K Sinclair,1,0,,,,,,"",""
ball,4,14.2,Pakistan,Saud Shakeel,Babar Azam,K Sinclair,0,0,,,,,,"",""
ball,4,14.3,Pakistan,Saud Shakeel,Babar Azam,K Sinclair,1,1,,1,,,,"",""
ball,4,14.4,Pakistan,Babar Azam,Saud Shakeel,K Sinclair,0,0,,,,,,"",""
ball,4,14.5,Pakistan,Babar Azam,Saud Shakeel,K Sinclair,0,0,,,,,,"",""
ball,4,14.6,Pakistan,Babar Azam,Saud Shakeel,K Sinclair,4,0,,,,,,"",""
ball,4,14.7,Pakistan,Babar Azam,Saud Shakeel,K Sinclair,1,0,,,,,,"",""
ball,4,15.1,Pakistan,Babar Azam,Saud Shakeel,JA Warrican,0,0,,,,,,"",""
ball,4,15.2,Pakistan,Babar Azam,Saud Shakeel,JA Warrican,0,0,,,,,,"",""
ball,4,15.3,Pakistan,Babar Azam,Saud Shakeel,JA Warrican,0,0,,,,,,"",""
ball,4,15.4,Pakistan,Babar Azam,Saud Shakeel,JA Warrican,0,0,,,,,,"",""
ball,4,15.5,Pakistan,Babar Azam,Saud Shakeel,JA Warrican,0,0,,,,,,"",""
ball,4,15.6,Pakistan,Babar Azam,Saud Shakeel,JA Warrican,0,0,,,,,,"",""
ball,4,16.1,Pakistan,Saud Shakeel,Babar Azam,K Sinclair,0,0,,,,,,"",""
ball,4,16.2,Pakistan,Saud Shakeel,Babar Azam,K Sinclair,0,0,,,,,,"",""
ball,4,16.3,Pakistan,Saud Shakeel,Babar Azam,K Sinclair,1,0,,,,,,"",""
ball,4,16.4,Pakistan,Babar Azam,Saud Shakeel,K Sinclair,0,0,,,,,,"",""
ball,4,16.5,Pakistan,Babar Azam,Saud Shakeel,K Sinclair,1,0,,,,,,"",""
ball,4,16.6,Pakistan,Saud Shakeel,Babar Azam,K Sinclair,1,0,,,,,,"",""
ball,4,17.1,Pakistan,Saud Shakeel,Babar Azam,JA Warrican,0,1,,,,1,,"",""
ball,4,17.2,Pakistan,Babar Azam,Saud Shakeel,JA Warrican,0,0,,,,,,"",""
ball,4,17.3,Pakistan,Babar Azam,Saud Shakeel,JA Warrican,1,0,,,,,,"",""
ball,4,17.4,Pakistan,Saud Shakeel,Babar Azam,JA Warrican,0,0,,,,,,"",""
ball,4,17.5,Pakistan,Saud Shakeel,Babar Azam,JA Warrican,0,0,,,,,,"",""
ball,4,17.6,Pakistan,Saud Shakeel,Babar Azam,JA Warrican,1,0,,,,,,"",""
ball,4,18.1,Pakistan,Saud Shakeel,Babar Azam,K Sinclair,0,0,,,,,,"",""
ball,4,18.2,Pakistan,Saud Shakeel,Babar Azam,K Sinclair,1,0,,,,,,"",""
ball,4,18.3,Pakistan,Babar Azam,Saud Shakeel,K Sinclair,1,0,,,,,,"",""
ball,4,18.4,Pakistan,Saud Shakeel,Babar Azam,K Sinclair,0,0,,,,,,"",""
ball,4,18.5,Pakistan,Saud Shakeel,Babar Azam,K Sinclair,0,0,,,,,,"",""
ball,4,18.6,Pakistan,Saud Shakeel,Babar Azam,K Sinclair,0,0,,,,,,"",""
ball,4,19.1,Pakistan,Babar Azam,Saud Shakeel,JA Warrican,0,0,,,,,,"",""
ball,4,19.2,Pakistan,Babar Azam,Saud Shakeel,JA Warrican,0,0,,,,,,"",""
ball,4,19.3,Pakistan,Babar Azam,Saud Shakeel,JA Warrican,0,0,,,,,,"",""
ball,4,19.4,Pakistan,Babar Azam,Saud Shakeel,JA Warrican,0,0,,,,,,"",""
ball,4,19.5,Pakistan,Babar Azam,Saud Shakeel,JA Warrican,0,0,,,,,,"",""
ball,4,19.6,Pakistan,Babar Azam,Saud Shakeel,JA Warrican,0,0,,,,,,"",""
ball,4,20.1,Pakistan,Saud Shakeel,Babar Azam,K Sinclair,3,0,,,,,,"",""
ball,4,20.2,Pakistan,Babar Azam,Saud Shakeel,K Sinclair,3,0,,,,,,"",""
ball,4,20.3,Pakistan,Saud Shakeel,Babar Azam,K Sinclair,1,0,,,,,,"",""
ball,4,20.4,Pakistan,Babar Azam,Saud Shakeel,K Sinclair,0,0,,,,,,caught,Babar Azam
ball,4,20.5,Pakistan,Kashif Ali,Saud Shakeel,K Sinclair,0,0,,,,,,"",""
ball,4,20.6,Pakistan,Kashif Ali,Saud Shakeel,K Sinclair,0,0,,,,,,"",""
ball,4,21.1,Pakistan,Saud Shakeel,Kashif Ali,JA Warrican,0,0,,,,,,"",""
ball,4,21.2,Pakistan,Saud Shakeel,Kashif Ali,JA Warrican,0,0,,,,,,"",""
ball,4,21.3,Pakistan,Saud Shakeel,Kashif Ali,JA Warrican,0,0,,,,,,"",""
ball,4,21.4,Pakistan,Saud Shakeel,Kashif Ali,JA Warrican,0,0,,,,,,"",""
ball,4,21.5,Pakistan,Saud Shakeel,Kashif Ali,JA Warrican,0,0,,,,,,"",""
ball,4,21.6,Pakistan,Saud Shakeel,Kashif Ali,JA Warrican,0,0,,,,,,"",""
ball,4,22.1,Pakistan,Kashif Ali,Saud Shakeel,K Sinclair,0,0,,,,,,"",""
ball,4,22.2,Pakistan,Kashif Ali,Saud Shakeel,K Sinclair,1,0,,,,,,"",""
ball,4,22.3,Pakistan,Saud Shakeel,Kashif Ali,K Sinclair,0,0,,,,,,"",""
ball,4,22.4,Pakistan,Saud Shakeel,Kashif Ali,K Sinclair,0,0,,,,,,"",""
ball,4,22.5,Pakistan,Saud Shakeel,Kashif Ali,K Sinclair,4,0,,,,,,"",""
ball,4,22.6,Pakistan,Saud Shakeel,Kashif Ali,K Sinclair,0,0,,,,,,"",""
ball,4,23.1,Pakistan,Kashif Ali,Saud Shakeel,JA Warrican,0,0,,,,,,"",""
ball,4,23.2,Pakistan,Kashif Ali,Saud Shakeel,JA Warrican,0,0,,,,,,"",""
ball,4,23.3,Pakistan,Kashif Ali,Saud Shakeel,JA Warrican,0,0,,,,,,"",""
ball,4,23.4,Pakistan,Kashif Ali,Saud Shakeel,JA Warrican,0,0,,,,,,"",""
ball,4,23.5,Pakistan,Kashif Ali,Saud Shakeel,JA Warrican,0,0,,,,,,"",""
ball,4,23.6,Pakistan,Kashif Ali,Saud Shakeel,JA Warrican,0,0,,,,,,"",""
ball,4,24.1,Pakistan,Saud Shakeel,Kashif Ali,K Sinclair,0,0,,,,,,"",""
ball,4,24.2,Pakistan,Saud Shakeel,Kashif Ali,K Sinclair,0,0,,,,,,"",""
ball,4,24.3,Pakistan,Saud Shakeel,Kashif Ali,K Sinclair,0,0,,,,,,caught,Saud Shakeel
ball,4,24.4,Pakistan,Mohammad Rizwan,Kashif Ali,K Sinclair,0,0,,,,,,"",""
ball,4,24.5,Pakistan,Mohammad Rizwan,Kashif Ali,K Sinclair,0,0,,,,,,"",""
ball,4,24.6,Pakistan,Mohammad Rizwan,Kashif Ali,K Sinclair,0,0,,,,,,"",""
ball,4,25.1,Pakistan,Kashif Ali,Mohammad Rizwan,JA Warrican,0,0,,,,,,"",""
ball,4,25.2,Pakistan,Kashif Ali,Mohammad Rizwan,JA Warrican,0,0,,,,,,bowled,Kashif Ali
ball,4,25.3,Pakistan,Agha Salman,Mohammad Rizwan,JA Warrican,0,0,,,,,,"",""
ball,4,25.4,Pakistan,Agha Salman,Mohammad Rizwan,JA Warrican,1,0,,,,,,"",""
ball,4,25.5,Pakistan,Mohammad Rizwan,Agha Salman,JA Warrican,1,0,,,,,,"",""
ball,4,25.6,Pakistan,Agha Salman,Mohammad Rizwan,JA Warrican,0,0,,,,,,"",""
ball,4,26.1,Pakistan,Mohammad Rizwan,Agha Salman,K Sinclair,1,0,,,,,,"",""
ball,4,26.2,Pakistan,Agha Salman,Mohammad Rizwan,K Sinclair,0,0,,,,,,"",""
ball,4,26.3,Pakistan,Agha Salman,Mohammad Rizwan,K Sinclair,1,0,,,,,,"",""
ball,4,26.4,Pakistan,Mohammad Rizwan,Agha Salman,K Sinclair,1,0,,,,,,"",""
ball,4,26.5,Pakistan,Agha Salman,Mohammad Rizwan,K Sinclair,1,0,,,,,,"",""
ball,4,26.6,Pakistan,Mohammad Rizwan,Agha Salman,K Sinclair,0,0,,,,,,"",""
ball,4,27.1,Pakistan,Agha Salman,Mohammad Rizwan,JA Warrican,1,0,,,,,,"",""
ball,4,27.2,Pakistan,Mohammad Rizwan,Agha Salman,JA Warrican,0,0,,,,,,"",""
ball,4,27.3,Pakistan,Mohammad Rizwan,Agha Salman,JA Warrican,0,0,,,,,,"",""
ball,4,27.4,Pakistan,Mohammad Rizwan,Agha Salman,JA Warrican,0,0,,,,,,"",""
ball,4,27.5,Pakistan,Mohammad Rizwan,Agha Salman,JA Warrican,4,0,,,,,,"",""
ball,4,27.6,Pakistan,Mohammad Rizwan,Agha Salman,JA Warrican,0,0,,,,,,"",""
ball,4,28.1,Pakistan,Agha Salman,Mohammad Rizwan,K Sinclair,1,0,,,,,,"",""
ball,4,28.2,Pakistan,Mohammad Rizwan,Agha Salman,K Sinclair,0,0,,,,,,"",""
ball,4,28.3,Pakistan,Mohammad Rizwan,Agha Salman,K Sinclair,1,0,,,,,,"",""
ball,4,28.4,Pakistan,Agha Salman,Mohammad Rizwan,K Sinclair,1,0,,,,,,"",""
ball,4,28.5,Pakistan,Mohammad Rizwan,Agha Salman,K Sinclair,0,0,,,,,,"",""
ball,4,28.6,Pakistan,Mohammad Rizwan,Agha Salman,K Sinclair,1,0,,,,,,"",""
ball,4,29.1,Pakistan,Mohammad Rizwan,Agha Salman,JA Warrican,0,0,,,,,,"",""
ball,4,29.2,Pakistan,Mohammad Rizwan,Agha Salman,JA Warrican,0,0,,,,,,"",""
ball,4,29.3,Pakistan,Mohammad Rizwan,Agha Salman,JA Warrican,0,0,,,,,,"",""
ball,4,29.4,Pakistan,Mohammad Rizwan,Agha Salman,JA Warrican,0,0,,,,,,"",""
ball,4,29.5,Pakistan,Mohammad Rizwan,Agha Salman,JA Warrican,1,0,,,,,,"",""
ball,4,29.6,Pakistan,Agha Salman,Mohammad Rizwan,JA Warrican,0,0,,,,,,"",""
ball,4,30.1,Pakistan,Mohammad Rizwan,Agha Salman,K Sinclair,0,0,,,,,,"",""
ball,4,30.2,Pakistan,Mohammad Rizwan,Agha Salman,K Sinclair,1,0,,,,,,"",""
ball,4,30.3,Pakistan,Agha Salman,Mohammad Rizwan,K Sinclair,2,0,,,,,,"",""
ball,4,30.4,Pakistan,Agha Salman,Mohammad Rizwan,K Sinclair,0,0,,,,,,"",""
ball,4,30.5,Pakistan,Agha Salman,Mohammad Rizwan,K Sinclair,2,0,,,,,,"",""
ball,4,30.6,Pakistan,Agha Salman,Mohammad Rizwan,K Sinclair,0,0,,,,,,"",""
ball,4,31.1,Pakistan,Mohammad Rizwan,Agha Salman,JA Warrican,1,0,,,,,,"",""
ball,4,31.2,Pakistan,Agha Salman,Mohammad Rizwan,JA Warrican,0,0,,,,,,"",""
ball,4,31.3,Pakistan,Agha Salman,Mohammad Rizwan,JA Warrican,1,0,,,,,,"",""
ball,4,31.4,Pakistan,Mohammad Rizwan,Agha Salman,JA Warrican,0,0,,,,,,"",""
ball,4,31.5,Pakistan,Mohammad Rizwan,Agha Salman,JA Warrican,0,0,,,,,,"",""
ball,4,31.6,Pakistan,Mohammad Rizwan,Agha Salman,JA Warrican,0,0,,,,,,"",""
ball,4,32.1,Pakistan,Agha Salman,Mohammad Rizwan,K Sinclair,0,1,,1,,,,"",""
ball,4,32.2,Pakistan,Agha Salman,Mohammad Rizwan,K Sinclair,1,0,,,,,,"",""
ball,4,32.3,Pakistan,Mohammad Rizwan,Agha Salman,K Sinclair,1,0,,,,,,"",""
ball,4,32.4,Pakistan,Agha Salman,Mohammad Rizwan,K Sinclair,0,0,,,,,,"",""
ball,4,32.5,Pakistan,Agha Salman,Mohammad Rizwan,K Sinclair,0,0,,,,,,"",""
ball,4,32.6,Pakistan,Agha Salman,Mohammad Rizwan,K Sinclair,0,0,,,,,,"",""
ball,4,32.7,Pakistan,Agha Salman,Mohammad Rizwan,K Sinclair,0,0,,,,,,"",""
ball,4,33.1,Pakistan,Mohammad Rizwan,Agha Salman,JA Warrican,0,0,,,,,,"",""
ball,4,33.2,Pakistan,Mohammad Rizwan,Agha Salman,JA Warrican,0,0,,,,,,"",""
ball,4,33.3,Pakistan,Mohammad Rizwan,Agha Salman,JA Warrican,0,0,,,,,,"",""
ball,4,33.4,Pakistan,Mohammad Rizwan,Agha Salman,JA Warrican,0,0,,,,,,"",""
ball,4,33.5,Pakistan,Mohammad Rizwan,Agha Salman,JA Warrican,1,0,,,,,,"",""
ball,4,33.6,Pakistan,Agha Salman,Mohammad Rizwan,JA Warrican,0,0,,,,,,"",""
ball,4,34.1,Pakistan,Mohammad Rizwan,Agha Salman,K Sinclair,0,0,,,,,,"",""
ball,4,34.2,Pakistan,Mohammad Rizwan,Agha Salman,K Sinclair,0,0,,,,,,"",""
ball,4,34.3,Pakistan,Mohammad Rizwan,Agha Salman,K Sinclair,0,1,,,1,,,"",""
ball,4,34.4,Pakistan,Agha Salman,Mohammad Rizwan,K Sinclair,0,0,,,,,,"",""
ball,4,34.5,Pakistan,Agha Salman,Mohammad Rizwan,K Sinclair,1,0,,,,,,"",""
ball,4,34.6,Pakistan,Mohammad Rizwan,Agha Salman,K Sinclair,3,0,,,,,,"",""
ball,4,35.1,Pakistan,Mohammad Rizwan,Agha Salman,JA Warrican,2,0,,,,,,"",""
ball,4,35.2,Pakistan,Mohammad Rizwan,Agha Salman,JA Warrican,1,0,,,,,,"",""
ball,4,35.3,Pakistan,Agha Salman,Mohammad Rizwan,JA Warrican,0,0,,,,,,"",""
ball,4,35.4,Pakistan,Agha Salman,Mohammad Rizwan,JA Warrican,0,0,,,,,,"",""
ball,4,35.5,Pakistan,Agha Salman,Mohammad Rizwan,JA Warrican,0,0,,,,,,"",""
ball,4,35.6,Pakistan,Agha Salman,Mohammad Rizwan,JA Warrican,0,0,,,,,,"",""
ball,4,36.1,Pakistan,Mohammad Rizwan,Agha Salman,G Motie,0,0,,,,,,"",""
ball,4,36.2,Pakistan,Mohammad Rizwan,Agha Salman,G Motie,0,0,,,,,,"",""
ball,4,36.3,Pakistan,Mohammad Rizwan,Agha Salman,G Motie,0,0,,,,,,"",""
ball,4,36.4,Pakistan,Mohammad Rizwan,Agha Salman,G Motie,0,0,,,,,,"",""
ball,4,36.5,Pakistan,Mohammad Rizwan,Agha Salman,G Motie,0,0,,,,,,"",""
ball,4,36.6,Pakistan,Mohammad Rizwan,Agha Salman,G Motie,0,0,,,,,,"",""
ball,4,37.1,Pakistan,Agha Salman,Mohammad Rizwan,JA Warrican,1,0,,,,,,"",""
ball,4,37.2,Pakistan,Mohammad Rizwan,Agha Salman,JA Warrican,1,0,,,,,,"",""
ball,4,37.3,Pakistan,Agha Salman,Mohammad Rizwan,JA Warrican,1,0,,,,,,"",""
ball,4,37.4,Pakistan,Mohammad Rizwan,Agha Salman,JA Warrican,1,0,,,,,,"",""
ball,4,37.5,Pakistan,Agha Salman,Mohammad Rizwan,JA Warrican,0,0,,,,,,"",""
ball,4,37.6,Pakistan,Agha Salman,Mohammad Rizwan,JA Warrican,0,0,,,,,,lbw,Agha Salman
ball,4,38.1,Pakistan,Mohammad Rizwan,Sajid Khan,G Motie,0,0,,,,,,"",""
ball,4,38.2,Pakistan,Mohammad Rizwan,Sajid Khan,G Motie,0,0,,,,,,"",""
ball,4,38.3,Pakistan,Mohammad Rizwan,Sajid Khan,G Motie,0,0,,,,,,"",""
ball,4,38.4,Pakistan,Mohammad Rizwan,Sajid Khan,G Motie,0,0,,,,,,"",""
ball,4,38.5,Pakistan,Mohammad Rizwan,Sajid Khan,G Motie,0,0,,,,,,"",""
ball,4,38.6,Pakistan,Mohammad Rizwan,Sajid Khan,G Motie,0,0,,,,,,"",""
ball,4,39.1,Pakistan,Sajid Khan,Mohammad Rizwan,JA Warrican,0,0,,,,,,"",""
ball,4,39.2,Pakistan,Sajid Khan,Mohammad Rizwan,JA Warrican,0,0,,,,,,"",""
ball,4,39.3,Pakistan,Sajid Khan,Mohammad Rizwan,JA Warrican,1,0,,,,,,"",""
ball,4,39.4,Pakistan,Mohammad Rizwan,Sajid Khan,JA Warrican,1,0,,,,,,"",""
ball,4,39.5,Pakistan,Sajid Khan,Mohammad Rizwan,JA Warrican,1,0,,,,,,"",""
ball,4,39.6,Pakistan,Mohammad Rizwan,Sajid Khan,JA Warrican,0,0,,,,,,"",""
ball,4,40.1,Pakistan,Sajid Khan,Mohammad Rizwan,G Motie,1,0,,,,,,"",""
ball,4,40.2,Pakistan,Mohammad Rizwan,Sajid Khan,G Motie,0,0,,,,,,"",""
ball,4,40.3,Pakistan,Mohammad Rizwan,Sajid Khan,G Motie,0,0,,,,,,"",""
ball,4,40.4,Pakistan,Mohammad Rizwan,Sajid Khan,G Motie,0,0,,,,,,"",""
ball,4,40.5,Pakistan,Mohammad Rizwan,Sajid Khan,G Motie,0,0,,,,,,"",""
ball,4,40.6,Pakistan,Mohammad Rizwan,Sajid Khan,G Motie,2,0,,,,,,"",""
ball,4,41.1,Pakistan,Sajid Khan,Mohammad Rizwan,JA Warrican,1,0,,,,,,"",""
ball,4,41.2,Pakistan,Mohammad Rizwan,Sajid Khan,JA Warrican,0,0,,,,,,"",""
ball,4,41.3,Pakistan,Mohammad Rizwan,Sajid Khan,JA Warrican,0,0,,,,,,bowled,Mohammad Rizwan
ball,4,41.4,Pakistan,Nauman Ali,Sajid Khan,JA Warrican,0,2,,,2,,,"",""
ball,4,41.5,Pakistan,Nauman Ali,Sajid Khan,JA Warrican,0,0,,,,,,"",""
ball,4,41.6,Pakistan,Nauman Ali,Sajid Khan,JA Warrican,0,0,,,,,,"",""
ball,4,42.1,Pakistan,Sajid Khan,Nauman Ali,G Motie,0,0,,,,,,"",""
ball,4,42.2,Pakistan,Sajid Khan,Nauman Ali,G Motie,0,0,,,,,,"",""
ball,4,42.3,Pakistan,Sajid Khan,Nauman Ali,G Motie,1,0,,,,,,"",""
ball,4,42.4,Pakistan,Nauman Ali,Sajid Khan,G Motie,0,0,,,,,,"",""
ball,4,42.5,Pakistan,Nauman Ali,Sajid Khan,G Motie,6,0,,,,,,"",""
ball,4,42.6,Pakistan,Nauman Ali,Sajid Khan,G Motie,0,0,,,,,,caught,Nauman Ali
ball,4,43.1,Pakistan,Sajid Khan,Abrar Ahmed,JA Warrican,0,0,,,,,,"",""
ball,4,43.2,Pakistan,Sajid Khan,Abrar Ahmed,JA Warrican,0,0,,,,,,"",""
ball,4,43.3,Pakistan,Sajid Khan,Abrar Ahmed,JA Warrican,0,0,,,,,,"",""
ball,4,43.4,Pakistan,Sajid Khan,Abrar Ahmed,JA Warrican,2,0,,,,,,"",""
ball,4,43.5,Pakistan,Sajid Khan,Abrar Ahmed,JA Warrican,0,0,,,,,,"",""
ball,4,43.6,Pakistan,Sajid Khan,Abrar Ahmed,JA Warrican,0,0,,,,,,bowled,Sajid Khan
