version,1.7.0
info,balls_per_over,6
info,team,Sydney Thunder
info,team,Hobart Hurricanes
info,gender,male
info,season,2024/25
info,date,2025/01/27
info,event,Big Bash League
info,venue,"Bellerive Oval, Hobart"
info,city,Hobart
info,toss_winner,Hobart Hurricanes
info,toss_decision,field
info,player_of_match,MJ Owen
info,umpire,DM Koch
info,umpire,SJ Nogajski
info,reserve_umpire,SAJ Craig
info,tv_umpire,PJ Gillespie
info,match_referee,Kepler Wessels
info,winner,Hobart Hurricanes
info,winner_wickets,7
info,player,Sydney Thunder,JJS Sangha
info,player,Sydney Thunder,DA Warner
info,player,Sydney Thunder,M Gilkes
info,player,Sydney Thunder,SW Billings
info,player,Sydney Thunder,O Davies
info,player,Sydney Thunder,CJ Green
info,player,Sydney Thunder,GHS Garton
info,player,Sydney Thunder,N McAndrew
info,player,Sydney Thunder,TD Andrews
info,player,Sydney Thunder,WA Agar
info,player,Sydney Thunder,T Sangha
info,player,Hobart Hurricanes,MJ Owen
info,player,Hobart Hurricanes,CP Jewell
info,player,Hobart Hurricanes,Nikhil Chaudhary
info,player,Hobart Hurricanes,BR McDermott
info,player,Hobart Hurricanes,MS Wade
info,player,Hobart Hurricanes,TH David
info,player,Hobart Hurricanes,CJ Jordan
info,player,Hobart Hurricanes,NT Ellis
info,player,Hobart Hurricanes,CJ Gannon
info,player,Hobart Hurricanes,P Hatzoglou
info,player,Hobart Hurricanes,RP Meredith
info,registry,people,BR McDermott,c41043e6
info,registry,people,CJ Gannon,519c30cb
info,registry,people,CJ Green,19b9f399
info,registry,people,CJ Jordan,ffe699c0
info,registry,people,CP Jewell,806c4e58
info,registry,people,DA Warner,dcce6f09
info,registry,people,DM Koch,6d10c034
info,registry,people,GHS Garton,be869ccf
info,registry,people,HD Weibgen,2535b30f
info,registry,people,JJS Sangha,8e3cb0e9
info,registry,people,Kepler Wessels,3bedaff0
info,registry,people,M Gilkes,d85b0f8b
info,registry,people,MJ Owen,f2c936d7
info,registry,people,MS Wade,afa7e784
info,registry,people,N McAndrew,38c276e1
info,registry,people,NT Ellis,9eb1455b
info,registry,people,Nikhil Chaudhary,1f84183a
info,registry,people,O Davies,0ea54eca
info,registry,people,P Hatzoglou,6f95e5fa
info,registry,people,PJ Gillespie,3e253a50
info,registry,people,RP Meredith,64775749
info,registry,people,SAJ Craig,689f2eed
info,registry,people,SJ Nogajski,9b3f9323
info,registry,people,SW Billings,c16d4035
info,registry,people,T Sangha,52c952d9
info,registry,people,TD Andrews,a0f612b6
info,registry,people,TH David,f1f99156
info,registry,people,WA Agar,15de1f5d
ball,1,0.1,Sydney Thunder,JJS Sangha,DA Warner,RP Meredith,0,0,,,,,,"",""
ball,1,0.2,Sydney Thunder,JJS Sangha,DA Warner,RP Meredith,1,0,,,,,,"",""
ball,1,0.3,Sydney Thunder,DA Warner,JJS Sangha,RP Meredith,0,0,,,,,,"",""
ball,1,0.4,Sydney Thunder,DA Warner,JJS Sangha,RP Meredith,0,0,,,,,,"",""
ball,1,0.5,Sydney Thunder,DA Warner,JJS Sangha,RP Meredith,1,0,,,,,,"",""
ball,1,0.6,Sydney Thunder,JJS Sangha,DA Warner,RP Meredith,0,0,,,,,,"",""
ball,1,1.1,Sydney Thunder,DA Warner,JJS Sangha,CJ Gannon,0,0,,,,,,"",""
ball,1,1.2,Sydney Thunder,DA Warner,JJS Sangha,CJ Gannon,4,0,,,,,,"",""
ball,1,1.3,Sydney Thunder,DA Warner,JJS Sangha,CJ Gannon,1,0,,,,,,"",""
ball,1,1.4,Sydney Thunder,JJS Sangha,DA Warner,CJ Gannon,4,0,,,,,,"",""
ball,1,1.5,Sydney Thunder,JJS Sangha,DA Warner,CJ Gannon,4,0,,,,,,"",""
ball,1,1.6,Sydney Thunder,JJS Sangha,DA Warner,CJ Gannon,1,0,,,,,,"",""
ball,1,2.1,Sydney Thunder,JJS Sangha,DA Warner,RP Meredith,2,0,,,,,,"",""
ball,1,2.2,Sydney Thunder,JJS Sangha,DA Warner,RP Meredith,2,0,,,,,,"",""
ball,1,2.3,Sydney Thunder,JJS Sangha,DA Warner,RP Meredith,6,0,,,,,,"",""
ball,1,2.4,Sydney Thunder,JJS Sangha,DA Warner,RP Meredith,4,0,,,,,,"",""
ball,1,2.5,Sydney Thunder,JJS Sangha,DA Warner,RP Meredith,1,0,,,,,,"",""
ball,1,2.6,Sydney Thunder,DA Warner,JJS Sangha,RP Meredith,1,0,,,,,,"",""
ball,1,3.1,Sydney Thunder,DA Warner,JJS Sangha,NT Ellis,0,0,,,,,,"",""
ball,1,3.2,Sydney Thunder,DA Warner,JJS Sangha,NT Ellis,0,0,,,,,,"",""
ball,1,3.3,Sydney Thunder,DA Warner,JJS Sangha,NT Ellis,2,0,,,,,,"",""
ball,1,3.4,Sydney Thunder,DA Warner,JJS Sangha,NT Ellis,1,0,,,,,,"",""
ball,1,3.5,Sydney Thunder,JJS Sangha,DA Warner,NT Ellis,2,0,,,,,,"",""
ball,1,3.6,Sydney Thunder,JJS Sangha,DA Warner,NT Ellis,3,0,,,,,,"",""
ball,1,4.1,Sydney Thunder,JJS Sangha,DA Warner,P Hatzoglou,0,0,,,,,,"",""
ball,1,4.2,Sydney Thunder,JJS Sangha,DA Warner,P Hatzoglou,0,0,,,,,,"",""
ball,1,4.3,Sydney Thunder,JJS Sangha,DA Warner,P Hatzoglou,1,0,,,,,,"",""
ball,1,4.4,Sydney Thunder,DA Warner,JJS Sangha,P Hatzoglou,2,0,,,,,,"",""
ball,1,4.5,Sydney Thunder,DA Warner,JJS Sangha,P Hatzoglou,4,0,,,,,,"",""
ball,1,4.6,Sydney Thunder,DA Warner,JJS Sangha,P Hatzoglou,1,0,,,,,,"",""
ball,1,5.1,Sydney Thunder,DA Warner,JJS Sangha,CJ Jordan,1,0,,,,,,"",""
ball,1,5.2,Sydney Thunder,JJS Sangha,DA Warner,CJ Jordan,1,0,,,,,,"",""
ball,1,5.3,Sydney Thunder,DA Warner,JJS Sangha,CJ Jordan,1,0,,,,,,"",""
ball,1,5.4,Sydney Thunder,JJS Sangha,DA Warner,CJ Jordan,1,0,,,,,,"",""
ball,1,5.5,Sydney Thunder,DA Warner,JJS Sangha,CJ Jordan,4,0,,,,,,"",""
ball,1,5.6,Sydney Thunder,DA Warner,JJS Sangha,CJ Jordan,2,0,,,,,,"",""
ball,1,6.1,Sydney Thunder,JJS Sangha,DA Warner,CJ Gannon,1,0,,,,,,"",""
ball,1,6.2,Sydney Thunder,DA Warner,JJS Sangha,CJ Gannon,1,0,,,,,,"",""
ball,1,6.3,Sydney Thunder,JJS Sangha,DA Warner,CJ Gannon,0,0,,,,,,"",""
ball,1,6.4,Sydney Thunder,JJS Sangha,DA Warner,CJ Gannon,1,0,,,,,,"",""
ball,1,6.5,Sydney Thunder,DA Warner,JJS Sangha,CJ Gannon,0,0,,,,,,"",""
ball,1,6.6,Sydney Thunder,DA Warner,JJS Sangha,CJ Gannon,1,0,,,,,,"",""
ball,1,7.1,Sydney Thunder,DA Warner,JJS Sangha,Nikhil Chaudhary,1,0,,,,,,"",""
ball,1,7.2,Sydney Thunder,JJS Sangha,DA Warner,Nikhil Chaudhary,1,0,,,,,,"",""
ball,1,7.3,Sydney Thunder,DA Warner,JJS Sangha,Nikhil Chaudhary,1,0,,,,,,"",""
ball,1,7.4,Sydney Thunder,JJS Sangha,DA Warner,Nikhil Chaudhary,1,0,,,,,,"",""
ball,1,7.5,Sydney Thunder,DA Warner,JJS Sangha,Nikhil Chaudhary,1,0,,,,,,"",""
ball,1,7.6,Sydney Thunder,JJS Sangha,DA Warner,Nikhil Chaudhary,6,0,,,,,,"",""
ball,1,8.1,Sydney Thunder,DA Warner,JJS Sangha,P Hatzoglou,1,0,,,,,,"",""
ball,1,8.2,Sydney Thunder,JJS Sangha,DA Warner,P Hatzoglou,0,0,,,,,,"",""
ball,1,8.3,Sydney Thunder,JJS Sangha,DA Warner,P Hatzoglou,3,0,,,,,,"",""
ball,1,8.4,Sydney Thunder,DA Warner,JJS Sangha,P Hatzoglou,6,0,,,,,,"",""
ball,1,8.5,Sydney Thunder,DA Warner,JJS Sangha,P Hatzoglou,4,0,,,,,,"",""
ball,1,8.6,Sydney Thunder,DA Warner,JJS Sangha,P Hatzoglou,2,0,,,,,,"",""
ball,1,9.1,Sydney Thunder,JJS Sangha,DA Warner,CJ Gannon,0,0,,,,,,"",""
ball,1,9.2,Sydney Thunder,JJS Sangha,DA Warner,CJ Gannon,0,0,,,,,,"",""
ball,1,9.3,Sydney Thunder,JJS Sangha,DA Warner,CJ Gannon,1,0,,,,,,"",""
ball,1,9.4,Sydney Thunder,DA Warner,JJS Sangha,CJ Gannon,4,0,,,,,,"",""
ball,1,9.5,Sydney Thunder,DA Warner,JJS Sangha,CJ Gannon,1,0,,,,,,"",""
ball,1,9.6,Sydney Thunder,JJS Sangha,DA Warner,CJ Gannon,2,0,,,,,,"",""
ball,1,10.1,Sydney Thunder,DA Warner,JJS Sangha,NT Ellis,0,0,,,,,,"",""
ball,1,10.2,Sydney Thunder,DA Warner,JJS Sangha,NT Ellis,0,0,,,,,,caught,DA Warner
ball,1,10.3,Sydney Thunder,M Gilkes,JJS Sangha,NT Ellis,0,0,,,,,,bowled,M Gilkes
ball,1,10.4,Sydney Thunder,SW Billings,JJS Sangha,NT Ellis,0,0,,,,,,"",""
ball,1,10.5,Sydney Thunder,SW Billings,JJS Sangha,NT Ellis,0,0,,,,,,"",""
ball,1,10.6,Sydney Thunder,SW Billings,JJS Sangha,NT Ellis,2,0,,,,,,"",""
ball,1,11.1,Sydney Thunder,JJS Sangha,SW Billings,CJ Jordan,2,0,,,,,,"",""
ball,1,11.2,Sydney Thunder,JJS Sangha,SW Billings,CJ Jordan,0,1,1,,,,,"",""
ball,1,11.3,Sydney Thunder,JJS Sangha,SW Billings,CJ Jordan,4,0,,,,,,"",""
ball,1,11.4,Sydney Thunder,JJS Sangha,SW Billings,CJ Jordan,1,0,,,,,,"",""
ball,1,11.5,Sydney Thunder,SW Billings,JJS Sangha,CJ Jordan,0,0,,,,,,"",""
ball,1,11.6,Sydney Thunder,SW Billings,JJS Sangha,CJ Jordan,1,0,,,,,,"",""
ball,1,11.7,Sydney Thunder,JJS Sangha,SW Billings,CJ Jordan,1,0,,,,,,"",""
ball,1,12.1,Sydney Thunder,JJS Sangha,SW Billings,Nikhil Chaudhary,4,0,,,,,,"",""
ball,1,12.2,Sydney Thunder,JJS Sangha,SW Billings,Nikhil Chaudhary,1,0,,,,,,"",""
ball,1,12.3,Sydney Thunder,SW Billings,JJS Sangha,Nikhil Chaudhary,3,0,,,,,,"",""
ball,1,12.4,Sydney Thunder,JJS Sangha,SW Billings,Nikhil Chaudhary,1,0,,,,,,"",""
ball,1,12.5,Sydney Thunder,SW Billings,JJS Sangha,Nikhil Chaudhary,1,0,,,,,,"",""
ball,1,12.6,Sydney Thunder,JJS Sangha,SW Billings,Nikhil Chaudhary,1,0,,,,,,"",""
ball,1,13.1,Sydney Thunder,JJS Sangha,SW Billings,CJ Gannon,1,0,,,,,,"",""
ball,1,13.2,Sydney Thunder,SW Billings,JJS Sangha,CJ Gannon,0,0,,,,,,"",""
ball,1,13.3,Sydney Thunder,SW Billings,JJS Sangha,CJ Gannon,4,0,,,,,,"",""
ball,1,13.4,Sydney Thunder,SW Billings,JJS Sangha,CJ Gannon,6,0,,,,,,"",""
ball,1,13.5,Sydney Thunder,SW Billings,JJS Sangha,CJ Gannon,0,0,,,,,,"",""
ball,1,13.6,Sydney Thunder,SW Billings,JJS Sangha,CJ Gannon,1,0,,,,,,"",""
ball,1,14.1,Sydney Thunder,SW Billings,JJS Sangha,RP Meredith,2,0,,,,,,"",""
ball,1,14.2,Sydney Thunder,SW Billings,JJS Sangha,RP Meredith,0,0,,,,,,bowled,SW Billings
ball,1,14.3,Sydney Thunder,O Davies,JJS Sangha,RP Meredith,2,0,,,,,,"",""
ball,1,14.4,Sydney Thunder,O Davies,JJS Sangha,RP Meredith,1,0,,,,,,"",""
ball,1,14.5,Sydney Thunder,JJS Sangha,O Davies,RP Meredith,1,0,,,,,,"",""
ball,1,14.6,Sydney Thunder,O Davies,JJS Sangha,RP Meredith,1,0,,,,,,"",""
ball,1,15.1,Sydney Thunder,O Davies,JJS Sangha,NT Ellis,0,0,,,,,,"",""
ball,1,15.2,Sydney Thunder,O Davies,JJS Sangha,NT Ellis,2,0,,,,,,"",""
ball,1,15.3,Sydney Thunder,O Davies,JJS Sangha,NT Ellis,3,0,,,,,,"",""
ball,1,15.4,Sydney Thunder,JJS Sangha,O Davies,NT Ellis,1,0,,,,,,"",""
ball,1,15.5,Sydney Thunder,O Davies,JJS Sangha,NT Ellis,1,0,,,,,,"",""
ball,1,15.6,Sydney Thunder,JJS Sangha,O Davies,NT Ellis,0,0,,,,,,caught,JJS Sangha
ball,1,16.1,Sydney Thunder,O Davies,CJ Green,CJ Jordan,6,0,,,,,,"",""
ball,1,16.2,Sydney Thunder,O Davies,CJ Green,CJ Jordan,0,0,,,,,,"",""
ball,1,16.3,Sydney Thunder,O Davies,CJ Green,CJ Jordan,2,0,,,,,,"",""
ball,1,16.4,Sydney Thunder,O Davies,CJ Green,CJ Jordan,1,0,,,,,,"",""
ball,1,16.5,Sydney Thunder,CJ Green,O Davies,CJ Jordan,1,0,,,,,,"",""
ball,1,16.6,Sydney Thunder,O Davies,CJ Green,CJ Jordan,4,0,,,,,,"",""
ball,1,17.1,Sydney Thunder,CJ Green,O Davies,NT Ellis,2,0,,,,,,"",""
ball,1,17.2,Sydney Thunder,CJ Green,O Davies,NT Ellis,1,0,,,,,,"",""
ball,1,17.3,Sydney Thunder,O Davies,CJ Green,NT Ellis,1,0,,,,,,"",""
ball,1,17.4,Sydney Thunder,CJ Green,O Davies,NT Ellis,1,0,,,,,,"",""
ball,1,17.5,Sydney Thunder,O Davies,CJ Green,NT Ellis,0,0,,,,,,"",""
ball,1,17.6,Sydney Thunder,O Davies,CJ Green,NT Ellis,1,0,,,,,,"",""
ball,1,18.1,Sydney Thunder,O Davies,CJ Green,RP Meredith,1,0,,,,,,"",""
ball,1,18.2,Sydney Thunder,CJ Green,O Davies,RP Meredith,1,0,,,,,,"",""
ball,1,18.3,Sydney Thunder,O Davies,CJ Green,RP Meredith,0,0,,,,,,"",""
ball,1,18.4,Sydney Thunder,O Davies,CJ Green,RP Meredith,0,0,,,,,,"",""
ball,1,18.5,Sydney Thunder,O Davies,CJ Green,RP Meredith,0,0,,,,,,caught,O Davies
ball,1,18.6,Sydney Thunder,GHS Garton,CJ Green,RP Meredith,0,0,,,,,,caught,GHS Garton
ball,1,19.1,Sydney Thunder,CJ Green,N McAndrew,CJ Jordan,1,0,,,,,,"",""
ball,1,19.2,Sydney Thunder,N McAndrew,CJ Green,CJ Jordan,2,0,,,,,,"",""
ball,1,19.3,Sydney Thunder,N McAndrew,CJ Green,CJ Jordan,0,1,,,,1,,"",""
ball,1,19.4,Sydney Thunder,CJ Green,N McAndrew,CJ Jordan,0,1,1,,,,,"",""
ball,1,19.5,Sydney Thunder,CJ Green,N McAndrew,CJ Jordan,4,0,,,,,,"",""
ball,1,19.6,Sydney Thunder,CJ Green,N McAndrew,CJ Jordan,4,0,,,,,,"",""
ball,1,19.7,Sydney Thunder,CJ Green,N McAndrew,CJ Jordan,1,0,,,,,,run out,CJ Green
ball,2,0.1,Hobart Hurricanes,MJ Owen,CP Jewell,N McAndrew,0,5,5,,,,,"",""
ball,2,0.2,Hobart Hurricanes,MJ Owen,CP Jewell,N McAndrew,0,0,,,,,,"",""
ball,2,0.3,Hobart Hurricanes,MJ Owen,CP Jewell,N McAndrew,0,4,,,,4,,"",""
ball,2,0.4,Hobart Hurricanes,MJ Owen,CP Jewell,N McAndrew,0,0,,,,,,"",""
ball,2,0.5,Hobart Hurricanes,MJ Owen,CP Jewell,N McAndrew,6,0,,,,,,"",""
ball,2,0.6,Hobart Hurricanes,MJ Owen,CP Jewell,N McAndrew,4,0,,,,,,"",""
ball,2,0.7,Hobart Hurricanes,MJ Owen,CP Jewell,N McAndrew,4,0,,,,,,"",""
ball,2,1.1,Hobart Hurricanes,CP Jewell,MJ Owen,TD Andrews,2,0,,,,,,"",""
ball,2,1.2,Hobart Hurricanes,CP Jewell,MJ Owen,TD Andrews,1,0,,,,,,"",""
ball,2,1.3,Hobart Hurricanes,MJ Owen,CP Jewell,TD Andrews,0,1,1,,,,,"",""
ball,2,1.4,Hobart Hurricanes,MJ Owen,CP Jewell,TD Andrews,6,0,,,,,,"",""
ball,2,1.5,Hobart Hurricanes,MJ Owen,CP Jewell,TD Andrews,4,0,,,,,,"",""
ball,2,1.6,Hobart Hurricanes,MJ Owen,CP Jewell,TD Andrews,1,0,,,,,,"",""
ball,2,1.7,Hobart Hurricanes,CP Jewell,MJ Owen,TD Andrews,2,0,,,,,,"",""
ball,2,2.1,Hobart Hurricanes,MJ Owen,CP Jewell,WA Agar,6,0,,,,,,"",""
ball,2,2.2,Hobart Hurricanes,MJ Owen,CP Jewell,WA Agar,0,0,,,,,,"",""
ball,2,2.3,Hobart Hurricanes,MJ Owen,CP Jewell,WA Agar,6,0,,,,,,"",""
ball,2,2.4,Hobart Hurricanes,MJ Owen,CP Jewell,WA Agar,6,0,,,,,,"",""
ball,2,2.5,Hobart Hurricanes,MJ Owen,CP Jewell,WA Agar,4,0,,,,,,"",""
ball,2,2.6,Hobart Hurricanes,MJ Owen,CP Jewell,WA Agar,0,0,,,,,,"",""
ball,2,3.1,Hobart Hurricanes,CP Jewell,MJ Owen,N McAndrew,0,0,,,,,,"",""
ball,2,3.2,Hobart Hurricanes,CP Jewell,MJ Owen,N McAndrew,0,0,,,,,,"",""
ball,2,3.3,Hobart Hurricanes,CP Jewell,MJ Owen,N McAndrew,1,0,,,,,,"",""
ball,2,3.4,Hobart Hurricanes,MJ Owen,CP Jewell,N McAndrew,4,0,,,,,,"",""
ball,2,3.5,Hobart Hurricanes,MJ Owen,CP Jewell,N McAndrew,6,0,,,,,,"",""
ball,2,3.6,Hobart Hurricanes,MJ Owen,CP Jewell,N McAndrew,1,0,,,,,,"",""
ball,2,4.1,Hobart Hurricanes,MJ Owen,CP Jewell,CJ Green,1,0,,,,,,"",""
ball,2,4.2,Hobart Hurricanes,CP Jewell,MJ Owen,CJ Green,1,0,,,,,,"",""
ball,2,4.3,Hobart Hurricanes,MJ Owen,CP Jewell,CJ Green,2,0,,,,,,"",""
ball,2,4.4,Hobart Hurricanes,MJ Owen,CP Jewell,CJ Green,0,0,,,,,,"",""
ball,2,4.5,Hobart Hurricanes,MJ Owen,CP Jewell,CJ Green,6,0,,,,,,"",""
ball,2,4.6,Hobart Hurricanes,MJ Owen,CP Jewell,CJ Green,1,0,,,,,,"",""
ball,2,5.1,Hobart Hurricanes,MJ Owen,CP Jewell,T Sangha,1,0,,,,,,"",""
ball,2,5.2,Hobart Hurricanes,CP Jewell,MJ Owen,T Sangha,1,0,,,,,,"",""
ball,2,5.3,Hobart Hurricanes,MJ Owen,CP Jewell,T Sangha,0,0,,,,,,"",""
ball,2,5.4,Hobart Hurricanes,MJ Owen,CP Jewell,T Sangha,6,0,,,,,,"",""
ball,2,5.5,Hobart Hurricanes,MJ Owen,CP Jewell,T Sangha,1,0,,,,,,"",""
ball,2,5.6,Hobart Hurricanes,CP Jewell,MJ Owen,T Sangha,4,0,,,,,,"",""
ball,2,6.1,Hobart Hurricanes,MJ Owen,CP Jewell,CJ Green,3,0,,,,,,"",""
ball,2,6.2,Hobart Hurricanes,CP Jewell,MJ Owen,CJ Green,1,0,,,,,,"",""
ball,2,6.3,Hobart Hurricanes,MJ Owen,CP Jewell,CJ Green,0,1,1,,,,,"",""
ball,2,6.4,Hobart Hurricanes,MJ Owen,CP Jewell,CJ Green,0,0,,,,,,"",""
ball,2,6.5,Hobart Hurricanes,MJ Owen,CP Jewell,CJ Green,6,0,,,,,,"",""
ball,2,6.6,Hobart Hurricanes,MJ Owen,CP Jewell,CJ Green,0,0,,,,,,"",""
ball,2,6.7,Hobart Hurricanes,MJ Owen,CP Jewell,CJ Green,0,0,,,,,,"",""
ball,2,7.1,Hobart Hurricanes,CP Jewell,MJ Owen,T Sangha,0,0,,,,,,"",""
ball,2,7.2,Hobart Hurricanes,CP Jewell,MJ Owen,T Sangha,0,0,,,,,,caught,CP Jewell
ball,2,7.3,Hobart Hurricanes,Nikhil Chaudhary,MJ Owen,T Sangha,1,0,,,,,,"",""
ball,2,7.4,Hobart Hurricanes,MJ Owen,Nikhil Chaudhary,T Sangha,1,0,,,,,,"",""
ball,2,7.5,Hobart Hurricanes,Nikhil Chaudhary,MJ Owen,T Sangha,0,0,,,,,,caught,Nikhil Chaudhary
ball,2,7.6,Hobart Hurricanes,BR McDermott,MJ Owen,T Sangha,0,0,,,,,,"",""
ball,2,8.1,Hobart Hurricanes,MJ Owen,BR McDermott,TD Andrews,1,0,,,,,,"",""
ball,2,8.2,Hobart Hurricanes,BR McDermott,MJ Owen,TD Andrews,2,0,,,,,,"",""
ball,2,8.3,Hobart Hurricanes,BR McDermott,MJ Owen,TD Andrews,1,0,,,,,,"",""
ball,2,8.4,Hobart Hurricanes,MJ Owen,BR McDermott,TD Andrews,1,0,,,,,,"",""
ball,2,8.5,Hobart Hurricanes,BR McDermott,MJ Owen,TD Andrews,0,0,,,,,,"",""
ball,2,8.6,Hobart Hurricanes,BR McDermott,MJ Owen,TD Andrews,2,0,,,,,,"",""
ball,2,9.1,Hobart Hurricanes,MJ Owen,BR McDermott,T Sangha,6,0,,,,,,"",""
ball,2,9.2,Hobart Hurricanes,MJ Owen,BR McDermott,T Sangha,0,0,,,,,,"",""
ball,2,9.3,Hobart Hurricanes,MJ Owen,BR McDermott,T Sangha,4,0,,,,,,"",""
ball,2,9.4,Hobart Hurricanes,MJ Owen,BR McDermott,T Sangha,2,0,,,,,,"",""
ball,2,9.5,Hobart Hurricanes,MJ Owen,BR McDermott,T Sangha,6,0,,,,,,"",""
ball,2,9.6,Hobart Hurricanes,MJ Owen,BR McDermott,T Sangha,2,0,,,,,,"",""
ball,2,10.1,Hobart Hurricanes,BR McDermott,MJ Owen,TD Andrews,1,0,,,,,,"",""
ball,2,10.2,Hobart Hurricanes,MJ Owen,BR McDermott,TD Andrews,0,0,,,,,,caught,MJ Owen
ball,2,10.3,Hobart Hurricanes,MS Wade,BR McDermott,TD Andrews,0,0,,,,,,"",""
ball,2,10.4,Hobart Hurricanes,MS Wade,BR McDermott,TD Andrews,0,0,,,,,,"",""
ball,2,10.5,Hobart Hurricanes,MS Wade,BR McDermott,TD Andrews,4,0,,,,,,"",""
ball,2,10.6,Hobart Hurricanes,MS Wade,BR McDermott,TD Andrews,1,0,,,,,,"",""
ball,2,11.1,Hobart Hurricanes,MS Wade,BR McDermott,T Sangha,0,0,,,,,,"",""
ball,2,11.2,Hobart Hurricanes,MS Wade,BR McDermott,T Sangha,1,0,,,,,,"",""
ball,2,11.3,Hobart Hurricanes,BR McDermott,MS Wade,T Sangha,1,0,,,,,,"",""
ball,2,11.4,Hobart Hurricanes,MS Wade,BR McDermott,T Sangha,4,0,,,,,,"",""
ball,2,11.5,Hobart Hurricanes,MS Wade,BR McDermott,T Sangha,1,0,,,,,,"",""
ball,2,11.6,Hobart Hurricanes,BR McDermott,MS Wade,T Sangha,1,0,,,,,,"",""
ball,2,12.1,Hobart Hurricanes,BR McDermott,MS Wade,CJ Green,4,0,,,,,,"",""
ball,2,12.2,Hobart Hurricanes,BR McDermott,MS Wade,CJ Green,0,1,,,1,,,"",""
ball,2,12.3,Hobart Hurricanes,MS Wade,BR McDermott,CJ Green,0,0,,,,,,"",""
ball,2,12.4,Hobart Hurricanes,MS Wade,BR McDermott,CJ Green,4,0,,,,,,"",""
ball,2,12.5,Hobart Hurricanes,MS Wade,BR McDermott,CJ Green,1,0,,,,,,"",""
ball,2,12.6,Hobart Hurricanes,BR McDermott,MS Wade,CJ Green,2,0,,,,,,"",""
ball,2,13.1,Hobart Hurricanes,MS Wade,BR McDermott,WA Agar,4,0,,,,,,"",""
ball,2,13.2,Hobart Hurricanes,MS Wade,BR McDermott,WA Agar,0,1,1,,,,,"",""
ball,2,13.3,Hobart Hurricanes,MS Wade,BR McDermott,WA Agar,2,0,,,,,,"",""
ball,2,13.4,Hobart Hurricanes,MS Wade,BR McDermott,WA Agar,6,0,,,,,,"",""
ball,2,13.5,Hobart Hurricanes,MS Wade,BR McDermott,WA Agar,0,0,,,,,,"",""
ball,2,13.6,Hobart Hurricanes,MS Wade,BR McDermott,WA Agar,4,0,,,,,,"",""
ball,2,13.7,Hobart Hurricanes,MS Wade,BR McDermott,WA Agar,0,0,,,,,,"",""
ball,2,14.1,Hobart Hurricanes,BR McDermott,MS Wade,N McAndrew,4,0,,,,,,"",""
