version,1.7.0
info,balls_per_over,6
info,team,Joburg Super Kings
info,team,Pretoria Capitals
info,gender,male
info,season,2024/25
info,date,2025/01/28
info,event,SA20
info,match_number,24
info,venue,"SuperSport Park, Centurion"
info,city,Centurion
info,toss_winner,Pretoria Capitals
info,toss_decision,field
info,player_of_match,M Pretorius
info,umpire,AM Sodumo
info,umpire,LB Gcuma
info,reserve_umpire,MN Gampu
info,tv_umpire,Siphelele Gasa
info,match_referee,SA Fritz
info,winner,Pretoria Capitals
info,winner_wickets,6
info,player,Joburg Super Kings,F du Plessis
info,player,Joburg Super Kings,DP Conway
info,player,Joburg Super Kings,WJ Lubbe
info,player,Joburg Super Kings,JM Bairstow
info,player,Joburg Super Kings,MM Ali
info,player,Joburg Super Kings,E Jones
info,player,Joburg Super Kings,D Ferreira
info,player,Joburg Super Kings,GC Viljoen
info,player,Joburg Super Kings,Imran Tahir
info,player,Joburg Super Kings,L Sipamla
info,player,Joburg Super Kings,M Pathirana
info,player,Pretoria Capitals,WG Jacks
info,player,Pretoria Capitals,WCF Smeed
info,player,Pretoria Capitals,K Verreynne
info,player,Pretoria Capitals,MJ Ackerman
info,player,Pretoria Capitals,AJ Turner
info,player,Pretoria Capitals,K Lion-Cachet
info,player,Pretoria Capitals,S Muthusamy
info,player,Pretoria Capitals,TS Rogers
info,player,Pretoria Capitals,M Pretorius
info,player,Pretoria Capitals,E Bosch
info,player,Pretoria Capitals,GG Peters
info,registry,people,AJ Turner,ff1e12a0
info,registry,people,AM Sodumo,cc6850ec
info,registry,people,BS Makhanya,1b42a100
info,registry,people,D Ferreira,f0af99a7
info,registry,people,DP Conway,df5a6881
info,registry,people,E Bosch,28d6c44d
info,registry,people,E Jones,fbfea9c2
info,registry,people,F du Plessis,3355b542
info,registry,people,GC Viljoen,a316d663
info,registry,people,GG Peters,360f4e4b
info,registry,people,Imran Tahir,acee4cc4
info,registry,people,JM Bairstow,abb83e27
info,registry,people,K Lion-Cachet,aed9ac31
info,registry,people,K Verreynne,bf814547
info,registry,people,L Sipamla,f892fcf9
info,registry,people,LB Gcuma,02ba88e3
info,registry,people,M Pathirana,64839cb3
info,registry,people,M Pretorius,54c2b697
info,registry,people,MJ Ackerman,6287d981
info,registry,people,MM Ali,bb351c23
info,registry,people,MN Gampu,41597619
info,registry,people,S Muthusamy,7dfb8890
info,registry,people,SA Fritz,d15e60c8
info,registry,people,Siphelele Gasa,e50baa87
info,registry,people,TS Rogers,1b04e02b
info,registry,people,WCF Smeed,4e18e961
info,registry,people,WG Jacks,9caf69a1
info,registry,people,WJ Lubbe,10f42013
ball,1,0.1,Joburg Super Kings,F du Plessis,DP Conway,WG Jacks,0,0,,,,,,"",""
ball,1,0.2,Joburg Super Kings,F du Plessis,DP Conway,WG Jacks,0,0,,,,,,"",""
ball,1,0.3,Joburg Super Kings,F du Plessis,DP Conway,WG Jacks,0,0,,,,,,"",""
ball,1,0.4,Joburg Super Kings,F du Plessis,DP Conway,WG Jacks,1,0,,,,,,"",""
ball,1,0.5,Joburg Super Kings,DP Conway,F du Plessis,WG Jacks,0,0,,,,,,"",""
ball,1,0.6,Joburg Super Kings,DP Conway,F du Plessis,WG Jacks,1,0,,,,,,"",""
ball,1,1.1,Joburg Super Kings,DP Conway,F du Plessis,TS Rogers,0,0,,,,,,"",""
ball,1,1.2,Joburg Super Kings,DP Conway,F du Plessis,TS Rogers,0,0,,,,,,"",""
ball,1,1.3,Joburg Super Kings,DP Conway,F du Plessis,TS Rogers,0,1,,,,1,,"",""
ball,1,1.4,Joburg Super Kings,F du Plessis,DP Conway,TS Rogers,3,0,,,,,,"",""
ball,1,1.5,Joburg Super Kings,DP Conway,F du Plessis,TS Rogers,4,0,,,,,,"",""
ball,1,1.6,Joburg Super Kings,DP Conway,F du Plessis,TS Rogers,0,0,,,,,,"",""
ball,1,2.1,Joburg Super Kings,F du Plessis,DP Conway,E Bosch,0,0,,,,,,"",""
ball,1,2.2,Joburg Super Kings,F du Plessis,DP Conway,E Bosch,0,0,,,,,,"",""
ball,1,2.3,Joburg Super Kings,F du Plessis,DP Conway,E Bosch,6,0,,,,,,"",""
ball,1,2.4,Joburg Super Kings,F du Plessis,DP Conway,E Bosch,0,0,,,,,,"",""
ball,1,2.5,Joburg Super Kings,F du Plessis,DP Conway,E Bosch,0,0,,,,,,"",""
ball,1,2.6,Joburg Super Kings,F du Plessis,WJ Lubbe,E Bosch,0,0,,,,,,"",""
ball,1,3.1,Joburg Super Kings,WJ Lubbe,F du Plessis,TS Rogers,1,0,,,,,,"",""
ball,1,3.2,Joburg Super Kings,F du Plessis,WJ Lubbe,TS Rogers,4,0,,,,,,"",""
ball,1,3.3,Joburg Super Kings,F du Plessis,WJ Lubbe,TS Rogers,0,0,,,,,,caught,F du Plessis
ball,1,3.4,Joburg Super Kings,JM Bairstow,WJ Lubbe,TS Rogers,0,0,,,,,,"",""
ball,1,3.5,Joburg Super Kings,JM Bairstow,WJ Lubbe,TS Rogers,0,0,,,,,,"",""
ball,1,3.6,Joburg Super Kings,JM Bairstow,WJ Lubbe,TS Rogers,1,0,,,,,,"",""
ball,1,4.1,Joburg Super Kings,JM Bairstow,WJ Lubbe,E Bosch,4,0,,,,,,"",""
ball,1,4.2,Joburg Super Kings,JM Bairstow,WJ Lubbe,E Bosch,0,0,,,,,,"",""
ball,1,4.3,Joburg Super Kings,JM Bairstow,WJ Lubbe,E Bosch,0,0,,,,,,"",""
ball,1,4.4,Joburg Super Kings,JM Bairstow,WJ Lubbe,E Bosch,0,0,,,,,,"",""
ball,1,4.5,Joburg Super Kings,JM Bairstow,WJ Lubbe,E Bosch,4,0,,,,,,"",""
ball,1,4.6,Joburg Super Kings,JM Bairstow,WJ Lubbe,E Bosch,6,0,,,,,,"",""
ball,1,5.1,Joburg Super Kings,WJ Lubbe,JM Bairstow,WG Jacks,0,0,,,,,,"",""
ball,1,5.2,Joburg Super Kings,WJ Lubbe,JM Bairstow,WG Jacks,0,0,,,,,,"",""
ball,1,5.3,Joburg Super Kings,WJ Lubbe,JM Bairstow,WG Jacks,0,0,,,,,,"",""
ball,1,5.4,Joburg Super Kings,WJ Lubbe,JM Bairstow,WG Jacks,0,0,,,,,,"",""
ball,1,5.5,Joburg Super Kings,WJ Lubbe,JM Bairstow,WG Jacks,0,0,,,,,,"",""
ball,1,5.6,Joburg Super Kings,WJ Lubbe,JM Bairstow,WG Jacks,0,0,,,,,,"",""
ball,1,6.1,Joburg Super Kings,JM Bairstow,WJ Lubbe,GG Peters,0,0,,,,,,"",""
ball,1,6.2,Joburg Super Kings,JM Bairstow,WJ Lubbe,GG Peters,0,0,,,,,,"",""
ball,1,6.3,Joburg Super Kings,JM Bairstow,WJ Lubbe,GG Peters,0,0,,,,,,"",""
ball,1,6.4,Joburg Super Kings,JM Bairstow,WJ Lubbe,GG Peters,1,0,,,,,,"",""
ball,1,6.5,Joburg Super Kings,WJ Lubbe,JM Bairstow,GG Peters,1,0,,,,,,"",""
ball,1,6.6,Joburg Super Kings,JM Bairstow,WJ Lubbe,GG Peters,0,0,,,,,,"",""
ball,1,7.1,Joburg Super Kings,WJ Lubbe,JM Bairstow,S Muthusamy,0,0,,,,,,"",""
ball,1,7.2,Joburg Super Kings,WJ Lubbe,JM Bairstow,S Muthusamy,1,0,,,,,,"",""
ball,1,7.3,Joburg Super Kings,JM Bairstow,WJ Lubbe,S Muthusamy,1,0,,,,,,"",""
ball,1,7.4,Joburg Super Kings,WJ Lubbe,JM Bairstow,S Muthusamy,0,0,,,,,,caught,WJ Lubbe
ball,1,7.5,Joburg Super Kings,DP Conway,JM Bairstow,S Muthusamy,4,0,,,,,,"",""
ball,1,7.6,Joburg Super Kings,DP Conway,JM Bairstow,S Muthusamy,0,0,,,,,,"",""
ball,1,8.1,Joburg Super Kings,JM Bairstow,DP Conway,GG Peters,1,0,,,,,,"",""
ball,1,8.2,Joburg Super Kings,DP Conway,JM Bairstow,GG Peters,0,0,,,,,,caught,DP Conway
ball,1,8.3,Joburg Super Kings,MM Ali,JM Bairstow,GG Peters,0,0,,,,,,"",""
ball,1,8.4,Joburg Super Kings,MM Ali,JM Bairstow,GG Peters,0,0,,,,,,lbw,MM Ali
ball,1,8.5,Joburg Super Kings,E Jones,JM Bairstow,GG Peters,0,0,,,,,,"",""
ball,1,8.6,Joburg Super Kings,E Jones,JM Bairstow,GG Peters,0,0,,,,,,"",""
ball,1,9.1,Joburg Super Kings,JM Bairstow,E Jones,S Muthusamy,0,0,,,,,,"",""
ball,1,9.2,Joburg Super Kings,JM Bairstow,E Jones,S Muthusamy,1,0,,,,,,"",""
ball,1,9.3,Joburg Super Kings,E Jones,JM Bairstow,S Muthusamy,1,0,,,,,,"",""
ball,1,9.4,Joburg Super Kings,JM Bairstow,E Jones,S Muthusamy,1,0,,,,,,"",""
ball,1,9.5,Joburg Super Kings,E Jones,JM Bairstow,S Muthusamy,1,0,,,,,,"",""
ball,1,9.6,Joburg Super Kings,JM Bairstow,E Jones,S Muthusamy,1,0,,,,,,"",""
ball,1,10.1,Joburg Super Kings,JM Bairstow,E Jones,GG Peters,1,0,,,,,,"",""
ball,1,10.2,Joburg Super Kings,E Jones,JM Bairstow,GG Peters,6,0,,,,,,"",""
ball,1,10.3,Joburg Super Kings,E Jones,JM Bairstow,GG Peters,0,0,,,,,,"",""
ball,1,10.4,Joburg Super Kings,E Jones,JM Bairstow,GG Peters,1,0,,,,,,"",""
ball,1,10.5,Joburg Super Kings,JM Bairstow,E Jones,GG Peters,0,0,,,,,,"",""
ball,1,10.6,Joburg Super Kings,JM Bairstow,E Jones,GG Peters,1,0,,,,,,"",""
ball,1,11.1,Joburg Super Kings,JM Bairstow,E Jones,S Muthusamy,0,0,,,,,,"",""
ball,1,11.2,Joburg Super Kings,JM Bairstow,E Jones,S Muthusamy,1,0,,,,,,"",""
ball,1,11.3,Joburg Super Kings,E Jones,JM Bairstow,S Muthusamy,0,0,,,,,,caught,E Jones
ball,1,11.4,Joburg Super Kings,D Ferreira,JM Bairstow,S Muthusamy,1,0,,,,,,"",""
ball,1,11.5,Joburg Super Kings,JM Bairstow,D Ferreira,S Muthusamy,1,0,,,,,,"",""
ball,1,11.6,Joburg Super Kings,D Ferreira,JM Bairstow,S Muthusamy,1,0,,,,,,"",""
ball,1,12.1,Joburg Super Kings,D Ferreira,JM Bairstow,M Pretorius,0,0,,,,,,"",""
ball,1,12.2,Joburg Super Kings,D Ferreira,JM Bairstow,M Pretorius,0,0,,,,,,"",""
ball,1,12.3,Joburg Super Kings,D Ferreira,JM Bairstow,M Pretorius,1,0,,,,,,"",""
ball,1,12.4,Joburg Super Kings,JM Bairstow,D Ferreira,M Pretorius,1,0,,,,,,"",""
ball,1,12.5,Joburg Super Kings,D Ferreira,JM Bairstow,M Pretorius,6,0,,,,,,"",""
ball,1,12.6,Joburg Super Kings,D Ferreira,JM Bairstow,M Pretorius,0,0,,,,,,"",""
ball,1,13.1,Joburg Super Kings,JM Bairstow,D Ferreira,E Bosch,2,0,,,,,,"",""
ball,1,13.2,Joburg Super Kings,JM Bairstow,D Ferreira,E Bosch,0,0,,,,,,"",""
ball,1,13.3,Joburg Super Kings,JM Bairstow,D Ferreira,E Bosch,1,0,,,,,,"",""
ball,1,13.4,Joburg Super Kings,D Ferreira,JM Bairstow,E Bosch,0,0,,,,,,"",""
ball,1,13.5,Joburg Super Kings,D Ferreira,JM Bairstow,E Bosch,0,0,,,,,,"",""
ball,1,13.6,Joburg Super Kings,D Ferreira,JM Bairstow,E Bosch,1,0,,,,,,"",""
ball,1,14.1,Joburg Super Kings,D Ferreira,JM Bairstow,M Pretorius,1,0,,,,,,"",""
ball,1,14.2,Joburg Super Kings,JM Bairstow,D Ferreira,M Pretorius,1,0,,,,,,"",""
ball,1,14.3,Joburg Super Kings,D Ferreira,JM Bairstow,M Pretorius,1,0,,,,,,"",""
ball,1,14.4,Joburg Super Kings,JM Bairstow,D Ferreira,M Pretorius,0,0,,,,,,bowled,JM Bairstow
ball,1,14.5,Joburg Super Kings,GC Viljoen,D Ferreira,M Pretorius,0,1,1,,,,,"",""
ball,1,14.6,Joburg Super Kings,GC Viljoen,D Ferreira,M Pretorius,0,0,,,,,,"",""
ball,1,14.7,Joburg Super Kings,GC Viljoen,D Ferreira,M Pretorius,0,0,,,,,,"",""
ball,1,15.1,Joburg Super Kings,D Ferreira,GC Viljoen,GG Peters,0,0,,,,,,"",""
ball,1,15.2,Joburg Super Kings,D Ferreira,GC Viljoen,GG Peters,0,0,,,,,,"",""
ball,1,15.3,Joburg Super Kings,D Ferreira,GC Viljoen,GG Peters,1,0,,,,,,"",""
ball,1,15.4,Joburg Super Kings,GC Viljoen,D Ferreira,GG Peters,1,0,,,,,,"",""
ball,1,15.5,Joburg Super Kings,D Ferreira,GC Viljoen,GG Peters,1,0,,,,,,run out,D Ferreira
ball,1,15.6,Joburg Super Kings,Imran Tahir,GC Viljoen,GG Peters,0,0,,,,,,"",""
ball,1,16.1,Joburg Super Kings,GC Viljoen,Imran Tahir,TS Rogers,0,0,,,,,,"",""
ball,1,16.2,Joburg Super Kings,GC Viljoen,Imran Tahir,TS Rogers,1,0,,,,,,"",""
ball,1,16.3,Joburg Super Kings,Imran Tahir,GC Viljoen,TS Rogers,1,0,,,,,,"",""
ball,1,16.4,Joburg Super Kings,GC Viljoen,Imran Tahir,TS Rogers,0,0,,,,,,"",""
ball,1,16.5,Joburg Super Kings,GC Viljoen,Imran Tahir,TS Rogers,0,0,,,,,,"",""
ball,1,16.6,Joburg Super Kings,GC Viljoen,Imran Tahir,TS Rogers,0,0,,,,,,"",""
ball,1,17.1,Joburg Super Kings,Imran Tahir,GC Viljoen,M Pretorius,1,0,,,,,,"",""
ball,1,17.2,Joburg Super Kings,GC Viljoen,Imran Tahir,M Pretorius,0,0,,,,,,"",""
ball,1,17.3,Joburg Super Kings,GC Viljoen,Imran Tahir,M Pretorius,0,0,,,,,,caught and bowled,GC Viljoen
ball,1,17.4,Joburg Super Kings,L Sipamla,Imran Tahir,M Pretorius,1,0,,,,,,"",""
ball,1,17.5,Joburg Super Kings,Imran Tahir,L Sipamla,M Pretorius,1,0,,,,,,"",""
ball,1,17.6,Joburg Super Kings,L Sipamla,Imran Tahir,M Pretorius,0,0,,,,,,"",""
ball,1,18.1,Joburg Super Kings,Imran Tahir,L Sipamla,TS Rogers,0,0,,,,,,"",""
ball,1,18.2,Joburg Super Kings,Imran Tahir,L Sipamla,TS Rogers,1,0,,,,,,"",""
ball,1,18.3,Joburg Super Kings,L Sipamla,Imran Tahir,TS Rogers,0,0,,,,,,"",""
ball,1,18.4,Joburg Super Kings,L Sipamla,Imran Tahir,TS Rogers,0,0,,,,,,"",""
ball,1,18.5,Joburg Super Kings,L Sipamla,Imran Tahir,TS Rogers,4,0,,,,,,"",""
ball,1,18.6,Joburg Super Kings,L Sipamla,Imran Tahir,TS Rogers,0,0,,,,,,"",""
ball,1,19.1,Joburg Super Kings,Imran Tahir,L Sipamla,M Pretorius,0,0,,,,,,caught,Imran Tahir
ball,1,19.2,Joburg Super Kings,M Pathirana,L Sipamla,M Pretorius,1,0,,,,,,"",""
ball,1,19.3,Joburg Super Kings,L Sipamla,M Pathirana,M Pretorius,0,0,,,,,,"",""
ball,1,19.4,Joburg Super Kings,L Sipamla,M Pathirana,M Pretorius,3,0,,,,,,"",""
ball,1,19.5,Joburg Super Kings,M Pathirana,L Sipamla,M Pretorius,2,0,,,,,,"",""
ball,1,19.6,Joburg Super Kings,M Pathirana,L Sipamla,M Pretorius,1,0,,,,,,"",""
ball,2,0.1,Pretoria Capitals,WG Jacks,WCF Smeed,MM Ali,0,2,,,,2,,"",""
ball,2,0.2,Pretoria Capitals,WG Jacks,WCF Smeed,MM Ali,0,0,,,,,,"",""
ball,2,0.3,Pretoria Capitals,WG Jacks,WCF Smeed,MM Ali,6,0,,,,,,"",""
ball,2,0.4,Pretoria Capitals,WG Jacks,WCF Smeed,MM Ali,1,0,,,,,,"",""
ball,2,0.5,Pretoria Capitals,WCF Smeed,WG Jacks,MM Ali,3,0,,,,,,"",""
ball,2,0.6,Pretoria Capitals,WG Jacks,WCF Smeed,MM Ali,1,0,,,,,,"",""
ball,2,1.1,Pretoria Capitals,WG Jacks,WCF Smeed,L Sipamla,0,0,,,,,,"",""
ball,2,1.2,Pretoria Capitals,WG Jacks,WCF Smeed,L Sipamla,6,0,,,,,,"",""
ball,2,1.3,Pretoria Capitals,WG Jacks,WCF Smeed,L Sipamla,1,0,,,,,,"",""
ball,2,1.4,Pretoria Capitals,WCF Smeed,WG Jacks,L Sipamla,0,0,,,,,,"",""
ball,2,1.5,Pretoria Capitals,WCF Smeed,WG Jacks,L Sipamla,1,0,,,,,,"",""
ball,2,1.6,Pretoria Capitals,WG Jacks,WCF Smeed,L Sipamla,0,0,,,,,,caught,WG Jacks
ball,2,2.1,Pretoria Capitals,WCF Smeed,K Verreynne,MM Ali,0,0,,,,,,"",""
ball,2,2.2,Pretoria Capitals,WCF Smeed,K Verreynne,MM Ali,1,0,,,,,,"",""
ball,2,2.3,Pretoria Capitals,K Verreynne,WCF Smeed,MM Ali,0,0,,,,,,"",""
ball,2,2.4,Pretoria Capitals,K Verreynne,WCF Smeed,MM Ali,0,0,,,,,,"",""
ball,2,2.5,Pretoria Capitals,K Verreynne,WCF Smeed,MM Ali,2,0,,,,,,"",""
ball,2,2.6,Pretoria Capitals,K Verreynne,WCF Smeed,MM Ali,4,0,,,,,,"",""
ball,2,3.1,Pretoria Capitals,WCF Smeed,K Verreynne,L Sipamla,0,0,,,,,,"",""
ball,2,3.2,Pretoria Capitals,WCF Smeed,K Verreynne,L Sipamla,1,0,,,,,,"",""
ball,2,3.3,Pretoria Capitals,K Verreynne,WCF Smeed,L Sipamla,2,0,,,,,,"",""
ball,2,3.4,Pretoria Capitals,K Verreynne,WCF Smeed,L Sipamla,1,0,,,,,,"",""
ball,2,3.5,Pretoria Capitals,WCF Smeed,K Verreynne,L Sipamla,1,0,,,,,,"",""
ball,2,3.6,Pretoria Capitals,K Verreynne,WCF Smeed,L Sipamla,1,0,,,,,,"",""
ball,2,4.1,Pretoria Capitals,K Verreynne,WCF Smeed,GC Viljoen,4,0,,,,,,"",""
ball,2,4.2,Pretoria Capitals,K Verreynne,WCF Smeed,GC Viljoen,0,0,,,,,,"",""
ball,2,4.3,Pretoria Capitals,K Verreynne,WCF Smeed,GC Viljoen,1,0,,,,,,"",""
ball,2,4.4,Pretoria Capitals,WCF Smeed,K Verreynne,GC Viljoen,0,0,,,,,,caught,WCF Smeed
ball,2,4.5,Pretoria Capitals,MJ Ackerman,K Verreynne,GC Viljoen,0,0,,,,,,"",""
ball,2,4.6,Pretoria Capitals,MJ Ackerman,K Verreynne,GC Viljoen,1,0,,,,,,"",""
ball,2,5.1,Pretoria Capitals,MJ Ackerman,K Verreynne,L Sipamla,4,0,,,,,,"",""
ball,2,5.2,Pretoria Capitals,MJ Ackerman,K Verreynne,L Sipamla,4,0,,,,,,"",""
ball,2,5.3,Pretoria Capitals,MJ Ackerman,K Verreynne,L Sipamla,1,0,,,,,,"",""
ball,2,5.4,Pretoria Capitals,K Verreynne,MJ Ackerman,L Sipamla,2,0,,,,,,"",""
ball,2,5.5,Pretoria Capitals,K Verreynne,MJ Ackerman,L Sipamla,0,0,,,,,,"",""
ball,2,5.6,Pretoria Capitals,K Verreynne,MJ Ackerman,L Sipamla,0,0,,,,,,caught,K Verreynne
ball,2,6.1,Pretoria Capitals,MJ Ackerman,AJ Turner,D Ferreira,1,0,,,,,,"",""
ball,2,6.2,Pretoria Capitals,AJ Turner,MJ Ackerman,D Ferreira,1,0,,,,,,"",""
ball,2,6.3,Pretoria Capitals,MJ Ackerman,AJ Turner,D Ferreira,1,0,,,,,,"",""
ball,2,6.4,Pretoria Capitals,AJ Turner,MJ Ackerman,D Ferreira,1,0,,,,,,"",""
ball,2,6.5,Pretoria Capitals,MJ Ackerman,AJ Turner,D Ferreira,2,0,,,,,,"",""
ball,2,6.6,Pretoria Capitals,MJ Ackerman,AJ Turner,D Ferreira,1,0,,,,,,"",""
ball,2,7.1,Pretoria Capitals,MJ Ackerman,AJ Turner,M Pathirana,2,0,,,,,,"",""
ball,2,7.2,Pretoria Capitals,MJ Ackerman,AJ Turner,M Pathirana,4,0,,,,,,"",""
ball,2,7.3,Pretoria Capitals,MJ Ackerman,AJ Turner,M Pathirana,4,0,,,,,,"",""
ball,2,7.4,Pretoria Capitals,MJ Ackerman,AJ Turner,M Pathirana,1,0,,,,,,"",""
ball,2,7.5,Pretoria Capitals,AJ Turner,MJ Ackerman,M Pathirana,0,0,,,,,,"",""
ball,2,7.6,Pretoria Capitals,AJ Turner,MJ Ackerman,M Pathirana,0,0,,,,,,"",""
ball,2,8.1,Pretoria Capitals,MJ Ackerman,AJ Turner,Imran Tahir,4,0,,,,,,"",""
ball,2,8.2,Pretoria Capitals,MJ Ackerman,AJ Turner,Imran Tahir,0,0,,,,,,"",""
ball,2,8.3,Pretoria Capitals,MJ Ackerman,AJ Turner,Imran Tahir,0,1,1,,,,,"",""
ball,2,8.4,Pretoria Capitals,MJ Ackerman,AJ Turner,Imran Tahir,0,0,,,,,,"",""
ball,2,8.5,Pretoria Capitals,MJ Ackerman,AJ Turner,Imran Tahir,1,0,,,,,,"",""
ball,2,8.6,Pretoria Capitals,AJ Turner,MJ Ackerman,Imran Tahir,1,0,,,,,,"",""
ball,2,8.7,Pretoria Capitals,MJ Ackerman,AJ Turner,Imran Tahir,1,0,,,,,,"",""
ball,2,9.1,Pretoria Capitals,MJ Ackerman,AJ Turner,GC Viljoen,1,0,,,,,,"",""
ball,2,9.2,Pretoria Capitals,AJ Turner,MJ Ackerman,GC Viljoen,0,1,1,,,,,"",""
ball,2,9.3,Pretoria Capitals,AJ Turner,MJ Ackerman,GC Viljoen,2,0,,,,,,"",""
ball,2,9.4,Pretoria Capitals,AJ Turner,MJ Ackerman,GC Viljoen,0,1,1,,,,,"",""
ball,2,9.5,Pretoria Capitals,AJ Turner,MJ Ackerman,GC Viljoen,0,0,,,,,,"",""
ball,2,9.6,Pretoria Capitals,AJ Turner,MJ Ackerman,GC Viljoen,1,0,,,,,,"",""
ball,2,9.7,Pretoria Capitals,MJ Ackerman,AJ Turner,GC Viljoen,0,0,,,,,,"",""
ball,2,9.8,Pretoria Capitals,MJ Ackerman,AJ Turner,GC Viljoen,6,0,,,,,,"",""
ball,2,10.1,Pretoria Capitals,AJ Turner,MJ Ackerman,L Sipamla,0,0,,,,,,"",""
ball,2,10.2,Pretoria Capitals,AJ Turner,MJ Ackerman,L Sipamla,0,0,,,,,,"",""
ball,2,10.3,Pretoria Capitals,AJ Turner,MJ Ackerman,L Sipamla,1,0,,,,,,"",""
ball,2,10.4,Pretoria Capitals,MJ Ackerman,AJ Turner,L Sipamla,0,0,,,,,,caught,MJ Ackerman
ball,2,10.5,Pretoria Capitals,K Lion-Cachet,AJ Turner,L Sipamla,0,0,,,,,,"",""
ball,2,10.6,Pretoria Capitals,K Lion-Cachet,AJ Turner,L Sipamla,0,0,,,,,,"",""
ball,2,11.1,Pretoria Capitals,AJ Turner,K Lion-Cachet,M Pathirana,1,0,,,,,,"",""
ball,2,11.2,Pretoria Capitals,K Lion-Cachet,AJ Turner,M Pathirana,4,0,,,,,,"",""
ball,2,11.3,Pretoria Capitals,K Lion-Cachet,AJ Turner,M Pathirana,0,1,1,,,,,"",""
ball,2,11.4,Pretoria Capitals,K Lion-Cachet,AJ Turner,M Pathirana,0,0,,,,,,"",""
ball,2,11.5,Pretoria Capitals,K Lion-Cachet,AJ Turner,M Pathirana,0,1,1,,,,,"",""
ball,2,11.6,Pretoria Capitals,K Lion-Cachet,AJ Turner,M Pathirana,0,1,,,,1,,"",""
ball,2,11.7,Pretoria Capitals,AJ Turner,K Lion-Cachet,M Pathirana,1,0,,,,,,"",""
ball,2,11.8,Pretoria Capitals,K Lion-Cachet,AJ Turner,M Pathirana,1,0,,,,,,"",""
