version,1.7.0
info,balls_per_over,6
info,team,Durban's Super Giants
info,team,Paarl Royals
info,gender,male
info,season,2024/25
info,date,2025/01/27
info,event,SA20
info,match_number,23
info,venue,"Boland Park, Paarl"
info,city,Paarl
info,toss_winner,Durban's Super Giants
info,toss_decision,bat
info,player_of_match,RA Herman
info,umpire,A Paleker
info,umpire,BP Jele
info,reserve_umpire,A Steenkamp
info,tv_umpire,A Jacobs
info,match_referee,GH Pienaar
info,winner,Paarl Royals
info,winner_wickets,6
info,player,Durban's Super Giants,Q de Kock
info,player,Durban's Super Giants,BA King
info,player,Durban's Super Giants,B Parsons
info,player,Durban's Super Giants,KS Williamson
info,player,Durban's Super Giants,MP Stoinis
info,player,Durban's Super Giants,H Klaasen
info,player,Durban's Super Giants,PWA Mulder
info,player,Durban's Super Giants,JT Smuts
info,player,Durban's Super Giants,P Subrayen
info,player,Durban's Super Giants,KA Maharaj
info,player,Durban's Super Giants,Noor Ahmad
info,player,Paarl Royals,JE Root
info,player,Paarl Royals,LG Pretorius
info,player,Paarl Royals,RA Herman
info,player,Paarl Royals,M Van Buuren
info,player,Paarl Royals,KD Karthik
info,player,Paarl Royals,Dayyaan Galiem
info,player,Paarl Royals,DA Miller
info,player,Paarl Royals,DN Wellalage
info,player,Paarl Royals,BC Fortuin
info,player,Paarl Royals,Mujeeb Ur Rahman
info,player,Paarl Royals,KT Maphaka
info,registry,people,A Jacobs,70d117de
info,registry,people,A Paleker,634b11ac
info,registry,people,A Steenkamp,89c62cf5
info,registry,people,B Parsons,fc60e81a
info,registry,people,BA King,7fca84b7
info,registry,people,BC Fortuin,9a2fc964
info,registry,people,BP Jele,7bb1331e
info,registry,people,CJ Dala,1cb14aa4
info,registry,people,D Marais,428308fb
info,registry,people,DA Miller,d67d5f00
info,registry,people,DN Wellalage,736123bb
info,registry,people,Dayyaan Galiem,47c449c5
info,registry,people,GH Pienaar,3516e46b
info,registry,people,H Klaasen,235c2bb6
info,registry,people,JE Root,a343262c
info,registry,people,JT Smuts,42172c3c
info,registry,people,KA Maharaj,0b60eb09
info,registry,people,KD Karthik,c03f1114
info,registry,people,KS Williamson,d027ba9f
info,registry,people,KT Maphaka,107c26fb
info,registry,people,LG Pretorius,60aa2db3
info,registry,people,M Van Buuren,46e4a4e0
info,registry,people,MP Stoinis,d9273ee7
info,registry,people,Mujeeb Ur Rahman,7d92277a
info,registry,people,Noor Ahmad,efc04be7
info,registry,people,P Subrayen,7ec9711d
info,registry,people,PWA Mulder,c96f6ac5
info,registry,people,Q de Kock,372455c4
info,registry,people,RA Herman,9c821d2e
ball,1,0.1,Durban's Super Giants,Q de Kock,BA King,BC Fortuin,0,0,,,,,,"",""
ball,1,0.2,Durban's Super Giants,Q de Kock,BA King,BC Fortuin,0,0,,,,,,"",""
ball,1,0.3,Durban's Super Giants,Q de Kock,BA King,BC Fortuin,0,0,,,,,,bowled,Q de Kock
ball,1,0.4,Durban's Super Giants,B Parsons,BA King,BC Fortuin,1,0,,,,,,"",""
ball,1,0.5,Durban's Super Giants,BA King,B Parsons,BC Fortuin,0,0,,,,,,"",""
ball,1,0.6,Durban's Super Giants,BA King,B Parsons,BC Fortuin,1,0,,,,,,"",""
ball,1,1.1,Durban's Super Giants,BA King,B Parsons,KT Maphaka,0,0,,,,,,"",""
ball,1,1.2,Durban's Super Giants,BA King,B Parsons,KT Maphaka,2,0,,,,,,"",""
ball,1,1.3,Durban's Super Giants,BA King,B Parsons,KT Maphaka,0,0,,,,,,"",""
ball,1,1.4,Durban's Super Giants,BA King,B Parsons,KT Maphaka,0,0,,,,,,"",""
ball,1,1.5,Durban's Super Giants,BA King,B Parsons,KT Maphaka,0,0,,,,,,bowled,BA King
ball,1,1.6,Durban's Super Giants,KS Williamson,B Parsons,KT Maphaka,0,0,,,,,,"",""
ball,1,2.1,Durban's Super Giants,B Parsons,KS Williamson,BC Fortuin,0,0,,,,,,"",""
ball,1,2.2,Durban's Super Giants,B Parsons,KS Williamson,BC Fortuin,1,0,,,,,,"",""
ball,1,2.3,Durban's Super Giants,KS Williamson,B Parsons,BC Fortuin,0,0,,,,,,"",""
ball,1,2.4,Durban's Super Giants,KS Williamson,B Parsons,BC Fortuin,1,0,,,,,,"",""
ball,1,2.5,Durban's Super Giants,B Parsons,KS Williamson,BC Fortuin,1,0,,,,,,"",""
ball,1,2.6,Durban's Super Giants,KS Williamson,B Parsons,BC Fortuin,1,0,,,,,,"",""
ball,1,3.1,Durban's Super Giants,KS Williamson,B Parsons,KT Maphaka,1,0,,,,,,"",""
ball,1,3.2,Durban's Super Giants,B Parsons,KS Williamson,KT Maphaka,1,0,,,,,,"",""
ball,1,3.3,Durban's Super Giants,KS Williamson,B Parsons,KT Maphaka,0,0,,,,,,"",""
ball,1,3.4,Durban's Super Giants,KS Williamson,B Parsons,KT Maphaka,1,0,,,,,,"",""
ball,1,3.5,Durban's Super Giants,B Parsons,KS Williamson,KT Maphaka,0,1,1,,,,,"",""
ball,1,3.6,Durban's Super Giants,B Parsons,KS Williamson,KT Maphaka,4,0,,,,,,"",""
ball,1,3.7,Durban's Super Giants,B Parsons,KS Williamson,KT Maphaka,0,0,,,,,,"",""
ball,1,4.1,Durban's Super Giants,KS Williamson,B Parsons,BC Fortuin,0,0,,,,,,"",""
ball,1,4.2,Durban's Super Giants,KS Williamson,B Parsons,BC Fortuin,4,0,,,,,,"",""
ball,1,4.3,Durban's Super Giants,KS Williamson,B Parsons,BC Fortuin,0,0,,,,,,"",""
ball,1,4.4,Durban's Super Giants,KS Williamson,B Parsons,BC Fortuin,1,0,,,,,,"",""
ball,1,4.5,Durban's Super Giants,B Parsons,KS Williamson,BC Fortuin,1,0,,,,,,"",""
ball,1,4.6,Durban's Super Giants,KS Williamson,B Parsons,BC Fortuin,1,0,,,,,,"",""
ball,1,5.1,Durban's Super Giants,KS Williamson,B Parsons,Mujeeb Ur Rahman,0,0,,,,,,"",""
ball,1,5.2,Durban's Super Giants,KS Williamson,B Parsons,Mujeeb Ur Rahman,1,0,,,,,,"",""
ball,1,5.3,Durban's Super Giants,B Parsons,KS Williamson,Mujeeb Ur Rahman,2,0,,,,,,"",""
ball,1,5.4,Durban's Super Giants,B Parsons,KS Williamson,Mujeeb Ur Rahman,0,0,,,,,,"",""
ball,1,5.5,Durban's Super Giants,B Parsons,KS Williamson,Mujeeb Ur Rahman,4,0,,,,,,"",""
ball,1,5.6,Durban's Super Giants,B Parsons,KS Williamson,Mujeeb Ur Rahman,0,0,,,,,,"",""
ball,1,6.1,Durban's Super Giants,KS Williamson,B Parsons,DN Wellalage,1,0,,,,,,"",""
ball,1,6.2,Durban's Super Giants,B Parsons,KS Williamson,DN Wellalage,1,0,,,,,,"",""
ball,1,6.3,Durban's Super Giants,KS Williamson,B Parsons,DN Wellalage,1,0,,,,,,"",""
ball,1,6.4,Durban's Super Giants,B Parsons,KS Williamson,DN Wellalage,0,0,,,,,,caught,B Parsons
ball,1,6.5,Durban's Super Giants,MP Stoinis,KS Williamson,DN Wellalage,1,0,,,,,,"",""
ball,1,6.6,Durban's Super Giants,KS Williamson,MP Stoinis,DN Wellalage,0,0,,,,,,"",""
ball,1,7.1,Durban's Super Giants,MP Stoinis,KS Williamson,Mujeeb Ur Rahman,4,0,,,,,,"",""
ball,1,7.2,Durban's Super Giants,MP Stoinis,KS Williamson,Mujeeb Ur Rahman,0,0,,,,,,"",""
ball,1,7.3,Durban's Super Giants,MP Stoinis,KS Williamson,Mujeeb Ur Rahman,0,0,,,,,,"",""
ball,1,7.4,Durban's Super Giants,MP Stoinis,KS Williamson,Mujeeb Ur Rahman,1,0,,,,,,"",""
ball,1,7.5,Durban's Super Giants,KS Williamson,MP Stoinis,Mujeeb Ur Rahman,4,0,,,,,,"",""
ball,1,7.6,Durban's Super Giants,KS Williamson,MP Stoinis,Mujeeb Ur Rahman,1,0,,,,,,"",""
ball,1,8.1,Durban's Super Giants,KS Williamson,MP Stoinis,DN Wellalage,1,0,,,,,,"",""
ball,1,8.2,Durban's Super Giants,MP Stoinis,KS Williamson,DN Wellalage,1,0,,,,,,"",""
ball,1,8.3,Durban's Super Giants,KS Williamson,MP Stoinis,DN Wellalage,1,0,,,,,,"",""
ball,1,8.4,Durban's Super Giants,MP Stoinis,KS Williamson,DN Wellalage,1,0,,,,,,"",""
ball,1,8.5,Durban's Super Giants,KS Williamson,MP Stoinis,DN Wellalage,0,2,2,,,,,"",""
ball,1,8.6,Durban's Super Giants,MP Stoinis,KS Williamson,DN Wellalage,1,0,,,,,,"",""
ball,1,8.7,Durban's Super Giants,KS Williamson,MP Stoinis,DN Wellalage,1,0,,,,,,"",""
ball,1,9.1,Durban's Super Giants,KS Williamson,MP Stoinis,Dayyaan Galiem,0,0,,,,,,"",""
ball,1,9.2,Durban's Super Giants,KS Williamson,MP Stoinis,Dayyaan Galiem,6,0,,,,,,"",""
ball,1,9.3,Durban's Super Giants,KS Williamson,MP Stoinis,Dayyaan Galiem,4,0,,,,,,"",""
ball,1,9.4,Durban's Super Giants,KS Williamson,MP Stoinis,Dayyaan Galiem,1,0,,,,,,"",""
ball,1,9.5,Durban's Super Giants,MP Stoinis,KS Williamson,Dayyaan Galiem,1,0,,,,,,"",""
ball,1,9.6,Durban's Super Giants,KS Williamson,MP Stoinis,Dayyaan Galiem,1,0,,,,,,"",""
ball,1,10.1,Durban's Super Giants,KS Williamson,MP Stoinis,DN Wellalage,0,1,1,,,,,"",""
ball,1,10.2,Durban's Super Giants,KS Williamson,MP Stoinis,DN Wellalage,0,0,,,,,,"",""
ball,1,10.3,Durban's Super Giants,KS Williamson,MP Stoinis,DN Wellalage,1,0,,,,,,"",""
ball,1,10.4,Durban's Super Giants,MP Stoinis,KS Williamson,DN Wellalage,0,0,,,,,,"",""
ball,1,10.5,Durban's Super Giants,MP Stoinis,KS Williamson,DN Wellalage,0,0,,,,,,"",""
ball,1,10.6,Durban's Super Giants,MP Stoinis,KS Williamson,DN Wellalage,4,0,,,,,,"",""
ball,1,10.7,Durban's Super Giants,MP Stoinis,KS Williamson,DN Wellalage,0,0,,,,,,"",""
ball,1,11.1,Durban's Super Giants,KS Williamson,MP Stoinis,JE Root,1,0,,,,,,"",""
ball,1,11.2,Durban's Super Giants,MP Stoinis,KS Williamson,JE Root,1,0,,,,,,"",""
ball,1,11.3,Durban's Super Giants,KS Williamson,MP Stoinis,JE Root,4,0,,,,,,"",""
ball,1,11.4,Durban's Super Giants,KS Williamson,MP Stoinis,JE Root,0,0,,,,,,"",""
ball,1,11.5,Durban's Super Giants,KS Williamson,MP Stoinis,JE Root,1,0,,,,,,"",""
ball,1,11.6,Durban's Super Giants,MP Stoinis,KS Williamson,JE Root,1,0,,,,,,"",""
ball,1,12.1,Durban's Super Giants,MP Stoinis,KS Williamson,BC Fortuin,0,0,,,,,,"",""
ball,1,12.2,Durban's Super Giants,MP Stoinis,KS Williamson,BC Fortuin,1,0,,,,,,"",""
ball,1,12.3,Durban's Super Giants,KS Williamson,MP Stoinis,BC Fortuin,4,0,,,,,,"",""
ball,1,12.4,Durban's Super Giants,KS Williamson,MP Stoinis,BC Fortuin,1,0,,,,,,"",""
ball,1,12.5,Durban's Super Giants,MP Stoinis,KS Williamson,BC Fortuin,1,0,,,,,,"",""
ball,1,12.6,Durban's Super Giants,KS Williamson,MP Stoinis,BC Fortuin,0,0,,,,,,bowled,KS Williamson
ball,1,13.1,Durban's Super Giants,MP Stoinis,H Klaasen,Mujeeb Ur Rahman,1,0,,,,,,"",""
ball,1,13.2,Durban's Super Giants,H Klaasen,MP Stoinis,Mujeeb Ur Rahman,0,0,,,,,,"",""
ball,1,13.3,Durban's Super Giants,H Klaasen,MP Stoinis,Mujeeb Ur Rahman,0,0,,,,,,"",""
ball,1,13.4,Durban's Super Giants,H Klaasen,MP Stoinis,Mujeeb Ur Rahman,1,0,,,,,,"",""
ball,1,13.5,Durban's Super Giants,MP Stoinis,H Klaasen,Mujeeb Ur Rahman,1,0,,,,,,"",""
ball,1,13.6,Durban's Super Giants,H Klaasen,MP Stoinis,Mujeeb Ur Rahman,1,0,,,,,,"",""
ball,1,14.1,Durban's Super Giants,H Klaasen,MP Stoinis,DN Wellalage,0,0,,,,,,"",""
ball,1,14.2,Durban's Super Giants,H Klaasen,MP Stoinis,DN Wellalage,1,0,,,,,,"",""
ball,1,14.3,Durban's Super Giants,MP Stoinis,H Klaasen,DN Wellalage,4,0,,,,,,"",""
ball,1,14.4,Durban's Super Giants,MP Stoinis,H Klaasen,DN Wellalage,0,0,,,,,,"",""
ball,1,14.5,Durban's Super Giants,MP Stoinis,H Klaasen,DN Wellalage,1,0,,,,,,"",""
ball,1,14.6,Durban's Super Giants,H Klaasen,MP Stoinis,DN Wellalage,0,0,,,,,,"",""
ball,1,15.1,Durban's Super Giants,MP Stoinis,H Klaasen,JE Root,1,0,,,,,,"",""
ball,1,15.2,Durban's Super Giants,H Klaasen,MP Stoinis,JE Root,1,0,,,,,,"",""
ball,1,15.3,Durban's Super Giants,MP Stoinis,H Klaasen,JE Root,1,0,,,,,,"",""
ball,1,15.4,Durban's Super Giants,H Klaasen,MP Stoinis,JE Root,1,0,,,,,,"",""
ball,1,15.5,Durban's Super Giants,MP Stoinis,H Klaasen,JE Root,0,0,,,,,,"",""
ball,1,15.6,Durban's Super Giants,MP Stoinis,H Klaasen,JE Root,1,0,,,,,,"",""
ball,1,16.1,Durban's Super Giants,MP Stoinis,H Klaasen,KT Maphaka,1,0,,,,,,"",""
ball,1,16.2,Durban's Super Giants,H Klaasen,MP Stoinis,KT Maphaka,4,0,,,,,,"",""
ball,1,16.3,Durban's Super Giants,H Klaasen,MP Stoinis,KT Maphaka,0,0,,,,,,"",""
ball,1,16.4,Durban's Super Giants,H Klaasen,MP Stoinis,KT Maphaka,0,0,,,,,,"",""
ball,1,16.5,Durban's Super Giants,H Klaasen,MP Stoinis,KT Maphaka,4,0,,,,,,"",""
ball,1,16.6,Durban's Super Giants,H Klaasen,MP Stoinis,KT Maphaka,0,0,,,,,,caught and bowled,H Klaasen
ball,1,17.1,Durban's Super Giants,MP Stoinis,PWA Mulder,JE Root,2,0,,,,,,"",""
ball,1,17.2,Durban's Super Giants,MP Stoinis,PWA Mulder,JE Root,6,0,,,,,,"",""
ball,1,17.3,Durban's Super Giants,MP Stoinis,PWA Mulder,JE Root,4,0,,,,,,"",""
ball,1,17.4,Durban's Super Giants,MP Stoinis,PWA Mulder,JE Root,6,0,,,,,,"",""
ball,1,17.5,Durban's Super Giants,MP Stoinis,PWA Mulder,JE Root,1,0,,,,,,"",""
ball,1,17.6,Durban's Super Giants,PWA Mulder,MP Stoinis,JE Root,1,0,,,,,,"",""
ball,1,18.1,Durban's Super Giants,PWA Mulder,MP Stoinis,KT Maphaka,0,1,,,,1,,"",""
ball,1,18.2,Durban's Super Giants,MP Stoinis,PWA Mulder,KT Maphaka,1,0,,,,,,"",""
ball,1,18.3,Durban's Super Giants,PWA Mulder,MP Stoinis,KT Maphaka,0,0,,,,,,"",""
ball,1,18.4,Durban's Super Giants,PWA Mulder,MP Stoinis,KT Maphaka,0,4,,,4,,,"",""
ball,1,18.5,Durban's Super Giants,PWA Mulder,MP Stoinis,KT Maphaka,1,0,,,,,,"",""
ball,1,18.6,Durban's Super Giants,MP Stoinis,PWA Mulder,KT Maphaka,1,0,,,,,,"",""
ball,1,19.1,Durban's Super Giants,MP Stoinis,PWA Mulder,Mujeeb Ur Rahman,0,0,,,,,,"",""
ball,1,19.2,Durban's Super Giants,MP Stoinis,PWA Mulder,Mujeeb Ur Rahman,0,0,,,,,,run out,PWA Mulder
ball,1,19.3,Durban's Super Giants,MP Stoinis,JT Smuts,Mujeeb Ur Rahman,4,0,,,,,,"",""
ball,1,19.4,Durban's Super Giants,MP Stoinis,JT Smuts,Mujeeb Ur Rahman,0,0,,,,,,"",""
ball,1,19.5,Durban's Super Giants,MP Stoinis,JT Smuts,Mujeeb Ur Rahman,1,0,,,,,,"",""
ball,1,19.6,Durban's Super Giants,JT Smuts,MP Stoinis,Mujeeb Ur Rahman,0,0,,,,,,bowled,JT Smuts
ball,2,0.1,Paarl Royals,JE Root,LG Pretorius,P Subrayen,0,0,,,,,,lbw,JE Root
ball,2,0.2,Paarl Royals,RA Herman,LG Pretorius,P Subrayen,0,0,,,,,,"",""
ball,2,0.3,Paarl Royals,RA Herman,LG Pretorius,P Subrayen,2,0,,,,,,"",""
ball,2,0.4,Paarl Royals,RA Herman,LG Pretorius,P Subrayen,4,0,,,,,,"",""
ball,2,0.5,Paarl Royals,RA Herman,LG Pretorius,P Subrayen,0,0,,,,,,"",""
ball,2,0.6,Paarl Royals,RA Herman,LG Pretorius,P Subrayen,0,0,,,,,,"",""
ball,2,1.1,Paarl Royals,LG Pretorius,RA Herman,JT Smuts,1,0,,,,,,"",""
ball,2,1.2,Paarl Royals,RA Herman,LG Pretorius,JT Smuts,0,0,,,,,,"",""
ball,2,1.3,Paarl Royals,RA Herman,LG Pretorius,JT Smuts,1,0,,,,,,"",""
ball,2,1.4,Paarl Royals,LG Pretorius,RA Herman,JT Smuts,0,0,,,,,,"",""
ball,2,1.5,Paarl Royals,LG Pretorius,RA Herman,JT Smuts,6,0,,,,,,"",""
ball,2,1.6,Paarl Royals,LG Pretorius,RA Herman,JT Smuts,0,0,,,,,,"",""
ball,2,2.1,Paarl Royals,RA Herman,LG Pretorius,KA Maharaj,2,0,,,,,,"",""
ball,2,2.2,Paarl Royals,RA Herman,LG Pretorius,KA Maharaj,2,0,,,,,,"",""
ball,2,2.3,Paarl Royals,RA Herman,LG Pretorius,KA Maharaj,0,0,,,,,,"",""
ball,2,2.4,Paarl Royals,RA Herman,LG Pretorius,KA Maharaj,0,0,,,,,,"",""
ball,2,2.5,Paarl Royals,RA Herman,LG Pretorius,KA Maharaj,0,1,1,,,,,"",""
ball,2,2.6,Paarl Royals,RA Herman,LG Pretorius,KA Maharaj,1,0,,,,,,"",""
ball,2,2.7,Paarl Royals,LG Pretorius,RA Herman,KA Maharaj,4,0,,,,,,"",""
ball,2,3.1,Paarl Royals,RA Herman,LG Pretorius,P Subrayen,2,0,,,,,,"",""
ball,2,3.2,Paarl Royals,RA Herman,LG Pretorius,P Subrayen,0,0,,,,,,"",""
ball,2,3.3,Paarl Royals,RA Herman,LG Pretorius,P Subrayen,1,0,,,,,,"",""
ball,2,3.4,Paarl Royals,LG Pretorius,RA Herman,P Subrayen,1,0,,,,,,"",""
ball,2,3.5,Paarl Royals,RA Herman,LG Pretorius,P Subrayen,0,0,,,,,,"",""
ball,2,3.6,Paarl Royals,RA Herman,LG Pretorius,P Subrayen,0,0,,,,,,"",""
ball,2,4.1,Paarl Royals,LG Pretorius,RA Herman,Noor Ahmad,1,0,,,,,,"",""
ball,2,4.2,Paarl Royals,RA Herman,LG Pretorius,Noor Ahmad,4,0,,,,,,"",""
ball,2,4.3,Paarl Royals,RA Herman,LG Pretorius,Noor Ahmad,0,0,,,,,,"",""
ball,2,4.4,Paarl Royals,RA Herman,LG Pretorius,Noor Ahmad,0,0,,,,,,"",""
ball,2,4.5,Paarl Royals,RA Herman,LG Pretorius,Noor Ahmad,0,0,,,,,,"",""
ball,2,4.6,Paarl Royals,RA Herman,LG Pretorius,Noor Ahmad,0,0,,,,,,"",""
ball,2,5.1,Paarl Royals,LG Pretorius,RA Herman,P Subrayen,1,0,,,,,,"",""
ball,2,5.2,Paarl Royals,RA Herman,LG Pretorius,P Subrayen,1,0,,,,,,"",""
ball,2,5.3,Paarl Royals,LG Pretorius,RA Herman,P Subrayen,1,0,,,,,,"",""
ball,2,5.4,Paarl Royals,RA Herman,LG Pretorius,P Subrayen,1,0,,,,,,"",""
ball,2,5.5,Paarl Royals,LG Pretorius,RA Herman,P Subrayen,0,0,,,,,,"",""
ball,2,5.6,Paarl Royals,LG Pretorius,RA Herman,P Subrayen,4,0,,,,,,"",""
ball,2,6.1,Paarl Royals,RA Herman,LG Pretorius,KA Maharaj,0,0,,,,,,"",""
ball,2,6.2,Paarl Royals,RA Herman,LG Pretorius,KA Maharaj,1,0,,,,,,"",""
ball,2,6.3,Paarl Royals,LG Pretorius,RA Herman,KA Maharaj,0,0,,,,,,"",""
ball,2,6.4,Paarl Royals,LG Pretorius,RA Herman,KA Maharaj,1,0,,,,,,"",""
ball,2,6.5,Paarl Royals,RA Herman,LG Pretorius,KA Maharaj,0,0,,,,,,"",""
ball,2,6.6,Paarl Royals,RA Herman,LG Pretorius,KA Maharaj,1,0,,,,,,"",""
ball,2,7.1,Paarl Royals,RA Herman,LG Pretorius,Noor Ahmad,2,0,,,,,,"",""
ball,2,7.2,Paarl Royals,RA Herman,LG Pretorius,Noor Ahmad,4,0,,,,,,"",""
ball,2,7.3,Paarl Royals,RA Herman,LG Pretorius,Noor Ahmad,2,0,,,,,,"",""
ball,2,7.4,Paarl Royals,RA Herman,LG Pretorius,Noor Ahmad,0,0,,,,,,"",""
ball,2,7.5,Paarl Royals,RA Herman,LG Pretorius,Noor Ahmad,1,0,,,,,,"",""
ball,2,7.6,Paarl Royals,LG Pretorius,RA Herman,Noor Ahmad,1,0,,,,,,"",""
ball,2,8.1,Paarl Royals,LG Pretorius,RA Herman,KA Maharaj,1,0,,,,,,"",""
ball,2,8.2,Paarl Royals,RA Herman,LG Pretorius,KA Maharaj,6,0,,,,,,"",""
ball,2,8.3,Paarl Royals,RA Herman,LG Pretorius,KA Maharaj,0,0,,,,,,"",""
ball,2,8.4,Paarl Royals,RA Herman,LG Pretorius,KA Maharaj,2,0,,,,,,"",""
ball,2,8.5,Paarl Royals,RA Herman,LG Pretorius,KA Maharaj,1,0,,,,,,"",""
ball,2,8.6,Paarl Royals,LG Pretorius,RA Herman,KA Maharaj,0,0,,,,,,"",""
ball,2,9.1,Paarl Royals,RA Herman,LG Pretorius,P Subrayen,0,0,,,,,,"",""
ball,2,9.2,Paarl Royals,RA Herman,LG Pretorius,P Subrayen,0,0,,,,,,"",""
ball,2,9.3,Paarl Royals,RA Herman,LG Pretorius,P Subrayen,4,0,,,,,,"",""
ball,2,9.4,Paarl Royals,RA Herman,LG Pretorius,P Subrayen,2,0,,,,,,"",""
ball,2,9.5,Paarl Royals,RA Herman,LG Pretorius,P Subrayen,1,0,,,,,,"",""
ball,2,9.6,Paarl Royals,LG Pretorius,RA Herman,P Subrayen,1,0,,,,,,"",""
ball,2,10.1,Paarl Royals,LG Pretorius,RA Herman,MP Stoinis,0,0,,,,,,"",""
ball,2,10.2,Paarl Royals,LG Pretorius,RA Herman,MP Stoinis,1,0,,,,,,"",""
ball,2,10.3,Paarl Royals,RA Herman,LG Pretorius,MP Stoinis,0,0,,,,,,"",""
ball,2,10.4,Paarl Royals,RA Herman,LG Pretorius,MP Stoinis,1,0,,,,,,"",""
ball,2,10.5,Paarl Royals,LG Pretorius,RA Herman,MP Stoinis,1,0,,,,,,"",""
ball,2,10.6,Paarl Royals,RA Herman,LG Pretorius,MP Stoinis,1,0,,,,,,"",""
ball,2,11.1,Paarl Royals,RA Herman,LG Pretorius,Noor Ahmad,1,0,,,,,,"",""
ball,2,11.2,Paarl Royals,LG Pretorius,RA Herman,Noor Ahmad,0,0,,,,,,"",""
ball,2,11.3,Paarl Royals,LG Pretorius,RA Herman,Noor Ahmad,2,0,,,,,,"",""
ball,2,11.4,Paarl Royals,LG Pretorius,RA Herman,Noor Ahmad,1,0,,,,,,"",""
ball,2,11.5,Paarl Royals,RA Herman,LG Pretorius,Noor Ahmad,0,0,,,,,,"",""
ball,2,11.6,Paarl Royals,RA Herman,LG Pretorius,Noor Ahmad,1,0,,,,,,"",""
ball,2,12.1,Paarl Royals,RA Herman,LG Pretorius,MP Stoinis,1,0,,,,,,"",""
ball,2,12.2,Paarl Royals,LG Pretorius,RA Herman,MP Stoinis,2,0,,,,,,"",""
ball,2,12.3,Paarl Royals,LG Pretorius,RA Herman,MP Stoinis,1,0,,,,,,"",""
ball,2,12.4,Paarl Royals,RA Herman,LG Pretorius,MP Stoinis,6,0,,,,,,"",""
ball,2,12.5,Paarl Royals,RA Herman,LG Pretorius,MP Stoinis,0,0,,,,,,caught,RA Herman
ball,2,12.6,Paarl Royals,M Van Buuren,LG Pretorius,MP Stoinis,1,0,,,,,,"",""
ball,2,13.1,Paarl Royals,M Van Buuren,LG Pretorius,PWA Mulder,0,0,,,,,,"",""
ball,2,13.2,Paarl Royals,M Van Buuren,LG Pretorius,PWA Mulder,0,0,,,,,,"",""
ball,2,13.3,Paarl Royals,M Van Buuren,LG Pretorius,PWA Mulder,0,1,1,,,,,"",""
ball,2,13.4,Paarl Royals,M Van Buuren,LG Pretorius,PWA Mulder,0,0,,,,,,"",""
ball,2,13.5,Paarl Royals,M Van Buuren,LG Pretorius,PWA Mulder,1,0,,,,,,"",""
ball,2,13.6,Paarl Royals,LG Pretorius,M Van Buuren,PWA Mulder,4,0,,,,,,"",""
ball,2,13.7,Paarl Royals,LG Pretorius,M Van Buuren,PWA Mulder,4,0,,,,,,"",""
ball,2,14.1,Paarl Royals,M Van Buuren,LG Pretorius,KA Maharaj,1,0,,,,,,"",""
ball,2,14.2,Paarl Royals,LG Pretorius,M Van Buuren,KA Maharaj,4,0,,,,,,"",""
ball,2,14.3,Paarl Royals,LG Pretorius,M Van Buuren,KA Maharaj,0,0,,,,,,bowled,LG Pretorius
ball,2,14.4,Paarl Royals,KD Karthik,M Van Buuren,KA Maharaj,0,0,,,,,,"",""
ball,2,14.5,Paarl Royals,KD Karthik,M Van Buuren,KA Maharaj,1,0,,,,,,"",""
ball,2,14.6,Paarl Royals,M Van Buuren,KD Karthik,KA Maharaj,1,0,,,,,,"",""
ball,2,15.1,Paarl Royals,M Van Buuren,KD Karthik,Noor Ahmad,1,0,,,,,,"",""
ball,2,15.2,Paarl Royals,KD Karthik,M Van Buuren,Noor Ahmad,0,0,,,,,,"",""
ball,2,15.3,Paarl Royals,KD Karthik,M Van Buuren,Noor Ahmad,1,0,,,,,,"",""
ball,2,15.4,Paarl Royals,M Van Buuren,KD Karthik,Noor Ahmad,2,0,,,,,,"",""
ball,2,15.5,Paarl Royals,M Van Buuren,KD Karthik,Noor Ahmad,1,0,,,,,,"",""
ball,2,15.6,Paarl Royals,KD Karthik,M Van Buuren,Noor Ahmad,0,0,,,,,,"",""
ball,2,16.1,Paarl Royals,M Van Buuren,KD Karthik,JT Smuts,1,0,,,,,,"",""
ball,2,16.2,Paarl Royals,KD Karthik,M Van Buuren,JT Smuts,1,0,,,,,,"",""
ball,2,16.3,Paarl Royals,M Van Buuren,KD Karthik,JT Smuts,1,0,,,,,,"",""
ball,2,16.4,Paarl Royals,KD Karthik,M Van Buuren,JT Smuts,2,0,,,,,,"",""
ball,2,16.5,Paarl Royals,KD Karthik,M Van Buuren,JT Smuts,1,0,,,,,,"",""
ball,2,16.6,Paarl Royals,M Van Buuren,KD Karthik,JT Smuts,0,0,,,,,,"",""
ball,2,17.1,Paarl Royals,KD Karthik,M Van Buuren,MP Stoinis,6,0,,,,,,"",""
ball,2,17.2,Paarl Royals,KD Karthik,M Van Buuren,MP Stoinis,0,0,,,,,,"",""
ball,2,17.3,Paarl Royals,KD Karthik,M Van Buuren,MP Stoinis,1,0,,,,,,"",""
ball,2,17.4,Paarl Royals,M Van Buuren,KD Karthik,PWA Mulder,0,0,,,,,,"",""
ball,2,17.5,Paarl Royals,M Van Buuren,KD Karthik,PWA Mulder,1,0,,,,,,"",""
ball,2,17.6,Paarl Royals,KD Karthik,M Van Buuren,PWA Mulder,2,0,,,,,,"",""
ball,2,18.1,Paarl Royals,M Van Buuren,KD Karthik,JT Smuts,1,0,,,,,,"",""
ball,2,18.2,Paarl Royals,KD Karthik,M Van Buuren,JT Smuts,0,0,,,,,,"",""
ball,2,18.3,Paarl Royals,KD Karthik,M Van Buuren,JT Smuts,6,0,,,,,,"",""
ball,2,18.4,Paarl Royals,KD Karthik,M Van Buuren,JT Smuts,0,0,,,,,,caught,KD Karthik
ball,2,18.5,Paarl Royals,Dayyaan Galiem,M Van Buuren,JT Smuts,0,0,,,,,,"",""
ball,2,18.6,Paarl Royals,Dayyaan Galiem,M Van Buuren,JT Smuts,1,0,,,,,,"",""
ball,2,19.1,Paarl Royals,Dayyaan Galiem,M Van Buuren,PWA Mulder,0,0,,,,,,"",""
ball,2,19.2,Paarl Royals,Dayyaan Galiem,M Van Buuren,PWA Mulder,1,0,,,,,,"",""
ball,2,19.3,Paarl Royals,M Van Buuren,Dayyaan Galiem,PWA Mulder,1,0,,,,,,"",""
ball,2,19.4,Paarl Royals,Dayyaan Galiem,M Van Buuren,PWA Mulder,0,1,1,,,,,"",""
ball,2,19.5,Paarl Royals,Dayyaan Galiem,M Van Buuren,PWA Mulder,0,0,,,,,,"",""
ball,2,19.6,Paarl Royals,Dayyaan Galiem,M Van Buuren,PWA Mulder,6,0,,,,,,"",""
