version,1.7.0
info,balls_per_over,6
info,team,Auckland
info,team,Central Districts
info,gender,male
info,season,2024/25
info,date,2025/01/29
info,event,Super Smash
info,match_number,29
info,venue,"McLean Park, Napier"
info,city,Napier
info,toss_winner,Central Districts
info,toss_decision,field
info,player_of_match,TC Bruce
info,umpire,GG Pennell
info,umpire,JM Dempsey
info,reserve_umpire,SR Oliver
info,tv_umpire,V Mahna
info,match_referee,RE Hayward
info,winner,Central Districts
info,winner_wickets,5
info,method,D/L
info,player,Auckland,SM Solia
info,player,Auckland,SB Keene
info,player,Auckland,MS Chapman
info,player,Auckland,BJ Jacobs
info,player,Auckland,WT O'Donnell
info,player,Auckland,J McKenzie
info,player,Auckland,CD Fletcher
info,player,Auckland,LN Stackpole
info,player,Auckland,DK Ferns
info,player,Auckland,AL Olliver
info,player,Auckland,A Ashok
info,player,Central Districts,WA Young
info,player,Central Districts,JCT Boyle
info,player,Central Districts,D Cleaver
info,player,Central Districts,TC Bruce
info,player,Central Districts,W Clark
info,player,Central Districts,AR Schaw
info,player,Central Districts,CG Heaphy
info,player,Central Districts,BG Randell
info,player,Central Districts,BM Tickner
info,player,Central Districts,JR Lennox
info,player,Central Districts,TA Findlay
info,registry,people,A Ashok,321be7e3
info,registry,people,AL Olliver,9b05c1c1
info,registry,people,AR Schaw,118e6f66
info,registry,people,BG Randell,dbeb6733
info,registry,people,BJ Jacobs,972f217b
info,registry,people,BM Tickner,48ad3373
info,registry,people,CD Fletcher,4af9f5d4
info,registry,people,CG Heaphy,fcbd6eb8
info,registry,people,D Cleaver,e3a949be
info,registry,people,DK Ferns,f28c7456
info,registry,people,GG Pennell,d9376677
info,registry,people,J McKenzie,a1ad8978
info,registry,people,JCT Boyle,f7b3d625
info,registry,people,JM Dempsey,153c9f33
info,registry,people,JR Lennox,07793daf
info,registry,people,LN Stackpole,66c59019
info,registry,people,MS Chapman,7fa12533
info,registry,people,RE Hayward,57689d0b
info,registry,people,SB Keene,6fb2d3a2
info,registry,people,SM Solia,fd9f43bb
info,registry,people,SR Oliver,d3713ba5
info,registry,people,TA Findlay,e98787f5
info,registry,people,TC Bruce,f92c9151
info,registry,people,V Mahna,5dcdc811
info,registry,people,W Clark,4f78497c
info,registry,people,WA Young,8afe73e2
info,registry,people,WT O'Donnell,730b57de
ball,1,0.1,Auckland,SM Solia,SB Keene,AR Schaw,0,1,,,,1,,"",""
ball,1,0.2,Auckland,SB Keene,SM Solia,AR Schaw,0,0,,,,,,"",""
ball,1,0.3,Auckland,SB Keene,SM Solia,AR Schaw,0,0,,,,,,"",""
ball,1,0.4,Auckland,SB Keene,SM Solia,AR Schaw,2,0,,,,,,"",""
ball,1,0.5,Auckland,SB Keene,SM Solia,AR Schaw,0,0,,,,,,"",""
ball,1,0.6,Auckland,SB Keene,SM Solia,AR Schaw,2,0,,,,,,"",""
ball,1,1.1,Auckland,SM Solia,SB Keene,BG Randell,0,0,,,,,,"",""
ball,1,1.2,Auckland,SM Solia,SB Keene,BG Randell,1,0,,,,,,"",""
ball,1,1.3,Auckland,SB Keene,SM Solia,BG Randell,4,0,,,,,,"",""
ball,1,1.4,Auckland,SB Keene,SM Solia,BG Randell,0,0,,,,,,"",""
ball,1,1.5,Auckland,SB Keene,SM Solia,BG Randell,0,0,,,,,,"",""
ball,1,1.6,Auckland,SB Keene,SM Solia,BG Randell,1,0,,,,,,"",""
ball,1,2.1,Auckland,SB Keene,SM Solia,TA Findlay,0,0,,,,,,"",""
ball,1,2.2,Auckland,SB Keene,SM Solia,TA Findlay,6,0,,,,,,"",""
ball,1,2.3,Auckland,SB Keene,SM Solia,TA Findlay,6,0,,,,,,"",""
ball,1,2.4,Auckland,SB Keene,SM Solia,TA Findlay,4,0,,,,,,"",""
ball,1,2.5,Auckland,SB Keene,SM Solia,TA Findlay,0,0,,,,,,caught,SB Keene
ball,1,2.6,Auckland,MS Chapman,SM Solia,TA Findlay,0,0,,,,,,"",""
ball,1,3.1,Auckland,SM Solia,MS Chapman,BG Randell,0,0,,,,,,"",""
ball,1,3.2,Auckland,SM Solia,MS Chapman,BG Randell,0,0,,,,,,caught,SM Solia
ball,1,3.3,Auckland,BJ Jacobs,MS Chapman,BG Randell,0,0,,,,,,"",""
ball,1,3.4,Auckland,BJ Jacobs,MS Chapman,BG Randell,3,0,,,,,,"",""
ball,1,3.5,Auckland,MS Chapman,BJ Jacobs,BG Randell,2,0,,,,,,"",""
ball,1,3.6,Auckland,MS Chapman,BJ Jacobs,BG Randell,0,0,,,,,,"",""
ball,1,4.1,Auckland,BJ Jacobs,MS Chapman,TA Findlay,4,0,,,,,,"",""
ball,1,4.2,Auckland,BJ Jacobs,MS Chapman,TA Findlay,4,0,,,,,,"",""
ball,1,4.3,Auckland,BJ Jacobs,MS Chapman,TA Findlay,1,0,,,,,,"",""
ball,1,4.4,Auckland,MS Chapman,BJ Jacobs,TA Findlay,1,0,,,,,,"",""
ball,1,4.5,Auckland,BJ Jacobs,MS Chapman,TA Findlay,4,0,,,,,,"",""
ball,1,4.6,Auckland,BJ Jacobs,MS Chapman,TA Findlay,1,0,,,,,,"",""
ball,1,5.1,Auckland,BJ Jacobs,MS Chapman,JR Lennox,0,0,,,,,,"",""
ball,1,5.2,Auckland,BJ Jacobs,MS Chapman,JR Lennox,4,0,,,,,,"",""
ball,1,5.3,Auckland,BJ Jacobs,MS Chapman,JR Lennox,1,0,,,,,,"",""
ball,1,5.4,Auckland,MS Chapman,BJ Jacobs,JR Lennox,1,0,,,,,,"",""
ball,1,5.5,Auckland,BJ Jacobs,MS Chapman,JR Lennox,0,0,,,,,,"",""
ball,1,5.6,Auckland,BJ Jacobs,MS Chapman,JR Lennox,1,0,,,,,,"",""
ball,1,6.1,Auckland,BJ Jacobs,MS Chapman,BM Tickner,0,0,,,,,,"",""
ball,1,6.2,Auckland,BJ Jacobs,MS Chapman,BM Tickner,0,0,,,,,,caught,BJ Jacobs
ball,1,6.3,Auckland,WT O'Donnell,MS Chapman,BM Tickner,0,0,,,,,,"",""
ball,1,6.4,Auckland,WT O'Donnell,MS Chapman,BM Tickner,0,0,,,,,,"",""
ball,1,6.5,Auckland,WT O'Donnell,MS Chapman,BM Tickner,0,0,,,,,,"",""
ball,1,6.6,Auckland,WT O'Donnell,MS Chapman,BM Tickner,1,0,,,,,,"",""
ball,1,7.1,Auckland,WT O'Donnell,MS Chapman,AR Schaw,4,0,,,,,,"",""
ball,1,7.2,Auckland,WT O'Donnell,MS Chapman,AR Schaw,0,0,,,,,,caught,WT O'Donnell
ball,1,7.3,Auckland,J McKenzie,MS Chapman,AR Schaw,4,0,,,,,,"",""
ball,1,7.4,Auckland,J McKenzie,MS Chapman,AR Schaw,0,0,,,,,,"",""
ball,1,7.5,Auckland,J McKenzie,MS Chapman,AR Schaw,0,0,,,,,,"",""
ball,1,7.6,Auckland,J McKenzie,MS Chapman,AR Schaw,1,0,,,,,,"",""
ball,1,8.1,Auckland,J McKenzie,MS Chapman,BM Tickner,1,0,,,,,,"",""
ball,1,8.2,Auckland,MS Chapman,J McKenzie,BM Tickner,0,0,,,,,,"",""
ball,1,8.3,Auckland,MS Chapman,J McKenzie,BM Tickner,6,0,,,,,,"",""
ball,1,8.4,Auckland,MS Chapman,J McKenzie,BM Tickner,1,0,,,,,,"",""
ball,1,8.5,Auckland,J McKenzie,MS Chapman,BM Tickner,1,0,,,,,,"",""
ball,1,8.6,Auckland,MS Chapman,J McKenzie,BM Tickner,4,0,,,,,,"",""
ball,1,9.1,Auckland,J McKenzie,MS Chapman,JR Lennox,0,1,,,1,,,"",""
ball,1,9.2,Auckland,MS Chapman,J McKenzie,JR Lennox,6,0,,,,,,"",""
ball,1,9.3,Auckland,MS Chapman,J McKenzie,JR Lennox,0,0,,,,,,caught,MS Chapman
ball,1,9.4,Auckland,CD Fletcher,J McKenzie,JR Lennox,0,0,,,,,,"",""
ball,1,9.5,Auckland,CD Fletcher,J McKenzie,JR Lennox,0,0,,,,,,"",""
ball,1,9.6,Auckland,CD Fletcher,J McKenzie,JR Lennox,1,0,,,,,,"",""
ball,1,10.1,Auckland,CD Fletcher,J McKenzie,BM Tickner,1,0,,,,,,"",""
ball,1,10.2,Auckland,J McKenzie,CD Fletcher,BM Tickner,0,0,,,,,,"",""
ball,1,10.3,Auckland,J McKenzie,CD Fletcher,BM Tickner,0,0,,,,,,"",""
ball,1,10.4,Auckland,J McKenzie,CD Fletcher,BM Tickner,0,1,,,,1,,"",""
ball,1,10.5,Auckland,CD Fletcher,J McKenzie,BM Tickner,0,0,,,,,,"",""
ball,1,10.6,Auckland,CD Fletcher,J McKenzie,BM Tickner,0,0,,,,,,"",""
ball,1,11.1,Auckland,J McKenzie,CD Fletcher,JR Lennox,4,0,,,,,,"",""
ball,1,11.2,Auckland,J McKenzie,CD Fletcher,JR Lennox,0,1,,,,1,,"",""
ball,1,11.3,Auckland,CD Fletcher,J McKenzie,JR Lennox,2,0,,,,,,"",""
ball,1,11.4,Auckland,CD Fletcher,J McKenzie,JR Lennox,0,1,,,1,,,"",""
ball,1,11.5,Auckland,J McKenzie,CD Fletcher,JR Lennox,0,0,,,,,,"",""
ball,1,11.6,Auckland,J McKenzie,CD Fletcher,JR Lennox,1,0,,,,,,"",""
ball,1,12.1,Auckland,J McKenzie,CD Fletcher,AR Schaw,4,0,,,,,,"",""
ball,1,12.2,Auckland,J McKenzie,CD Fletcher,AR Schaw,4,0,,,,,,"",""
ball,1,12.3,Auckland,J McKenzie,CD Fletcher,AR Schaw,1,0,,,,,,"",""
ball,1,12.4,Auckland,CD Fletcher,J McKenzie,AR Schaw,6,0,,,,,,"",""
ball,1,12.5,Auckland,CD Fletcher,J McKenzie,AR Schaw,0,1,1,,,,,"",""
ball,1,12.6,Auckland,CD Fletcher,J McKenzie,AR Schaw,1,0,,,,,,"",""
ball,1,12.7,Auckland,J McKenzie,CD Fletcher,AR Schaw,2,0,,,,,,"",""
ball,1,13.1,Auckland,CD Fletcher,J McKenzie,BG Randell,1,0,,,,,,"",""
ball,1,13.2,Auckland,J McKenzie,CD Fletcher,BG Randell,2,0,,,,,,"",""
ball,1,13.3,Auckland,J McKenzie,CD Fletcher,BG Randell,0,0,,,,,,"",""
ball,1,13.4,Auckland,J McKenzie,CD Fletcher,BG Randell,1,0,,,,,,"",""
ball,1,13.5,Auckland,CD Fletcher,J McKenzie,BG Randell,4,0,,,,,,"",""
ball,1,13.6,Auckland,CD Fletcher,J McKenzie,BG Randell,0,0,,,,,,"",""
ball,1,14.1,Auckland,J McKenzie,CD Fletcher,BM Tickner,1,0,,,,,,"",""
ball,1,14.2,Auckland,CD Fletcher,J McKenzie,BM Tickner,1,0,,,,,,"",""
ball,1,14.3,Auckland,J McKenzie,CD Fletcher,BM Tickner,1,0,,,,,,"",""
ball,1,14.4,Auckland,CD Fletcher,J McKenzie,BM Tickner,2,0,,,,,,"",""
ball,1,14.5,Auckland,CD Fletcher,J McKenzie,BM Tickner,1,0,,,,,,"",""
ball,1,14.6,Auckland,J McKenzie,CD Fletcher,BM Tickner,0,0,,,,,,bowled,J McKenzie
ball,1,15.1,Auckland,CD Fletcher,LN Stackpole,JR Lennox,1,0,,,,,,"",""
ball,1,15.2,Auckland,LN Stackpole,CD Fletcher,JR Lennox,0,0,,,,,,"",""
ball,1,15.3,Auckland,LN Stackpole,CD Fletcher,JR Lennox,4,0,,,,,,"",""
ball,1,15.4,Auckland,LN Stackpole,CD Fletcher,JR Lennox,1,0,,,,,,"",""
ball,1,15.5,Auckland,CD Fletcher,LN Stackpole,JR Lennox,0,0,,,,,,"",""
ball,1,15.6,Auckland,CD Fletcher,LN Stackpole,JR Lennox,1,0,,,,,,"",""
ball,1,16.1,Auckland,CD Fletcher,LN Stackpole,TA Findlay,2,0,,,,,,"",""
ball,1,16.2,Auckland,CD Fletcher,LN Stackpole,TA Findlay,1,0,,,,,,"",""
ball,1,16.3,Auckland,LN Stackpole,CD Fletcher,TA Findlay,0,0,,,,,,caught,LN Stackpole
ball,1,16.4,Auckland,DK Ferns,CD Fletcher,TA Findlay,0,0,,,,,,"",""
ball,1,16.5,Auckland,DK Ferns,CD Fletcher,TA Findlay,0,0,,,,,,"",""
ball,1,16.6,Auckland,DK Ferns,CD Fletcher,TA Findlay,0,0,,,,,,"",""
ball,1,17.1,Auckland,CD Fletcher,DK Ferns,BG Randell,0,0,,,,,,"",""
ball,1,17.2,Auckland,CD Fletcher,DK Ferns,BG Randell,0,0,,,,,,"",""
ball,1,17.3,Auckland,CD Fletcher,DK Ferns,BG Randell,6,0,,,,,,"",""
ball,1,17.4,Auckland,CD Fletcher,DK Ferns,BG Randell,0,0,,,,,,caught,CD Fletcher
ball,1,17.5,Auckland,AL Olliver,DK Ferns,BG Randell,0,2,,,2,,,"",""
ball,1,17.6,Auckland,AL Olliver,DK Ferns,BG Randell,0,0,,,,,,caught,AL Olliver
ball,2,0.1,Central Districts,WA Young,JCT Boyle,SB Keene,2,0,,,,,,"",""
ball,2,0.2,Central Districts,WA Young,JCT Boyle,SB Keene,0,0,,,,,,"",""
ball,2,0.3,Central Districts,WA Young,JCT Boyle,SB Keene,0,0,,,,,,"",""
ball,2,0.4,Central Districts,WA Young,JCT Boyle,SB Keene,0,0,,,,,,"",""
ball,2,0.5,Central Districts,WA Young,JCT Boyle,SB Keene,1,0,,,,,,"",""
ball,2,0.6,Central Districts,JCT Boyle,WA Young,SB Keene,2,0,,,,,,"",""
ball,2,1.1,Central Districts,WA Young,JCT Boyle,DK Ferns,1,0,,,,,,"",""
ball,2,1.2,Central Districts,JCT Boyle,WA Young,DK Ferns,1,0,,,,,,"",""
ball,2,1.3,Central Districts,WA Young,JCT Boyle,DK Ferns,0,0,,,,,,"",""
ball,2,1.4,Central Districts,WA Young,JCT Boyle,DK Ferns,1,0,,,,,,"",""
ball,2,1.5,Central Districts,JCT Boyle,WA Young,DK Ferns,1,0,,,,,,"",""
ball,2,1.6,Central Districts,WA Young,JCT Boyle,DK Ferns,4,0,,,,,,"",""
ball,2,2.1,Central Districts,JCT Boyle,WA Young,SB Keene,0,0,,,,,,"",""
ball,2,2.2,Central Districts,JCT Boyle,WA Young,SB Keene,4,0,,,,,,"",""
ball,2,2.3,Central Districts,JCT Boyle,WA Young,SB Keene,1,0,,,,,,"",""
ball,2,2.4,Central Districts,WA Young,JCT Boyle,SB Keene,1,0,,,,,,"",""
ball,2,2.5,Central Districts,JCT Boyle,WA Young,SB Keene,1,0,,,,,,"",""
ball,2,2.6,Central Districts,WA Young,JCT Boyle,SB Keene,0,0,,,,,,"",""
ball,2,3.1,Central Districts,JCT Boyle,WA Young,AL Olliver,0,0,,,,,,"",""
ball,2,3.2,Central Districts,JCT Boyle,WA Young,AL Olliver,0,1,,,,1,,"",""
ball,2,3.3,Central Districts,WA Young,JCT Boyle,AL Olliver,1,0,,,,,,"",""
ball,2,3.4,Central Districts,JCT Boyle,WA Young,AL Olliver,0,0,,,,,,"",""
ball,2,3.5,Central Districts,JCT Boyle,WA Young,AL Olliver,0,0,,,,,,caught,JCT Boyle
ball,2,3.6,Central Districts,D Cleaver,WA Young,AL Olliver,0,0,,,,,,"",""
ball,2,4.1,Central Districts,WA Young,D Cleaver,DK Ferns,0,0,,,,,,caught,WA Young
ball,2,4.2,Central Districts,TC Bruce,D Cleaver,DK Ferns,0,0,,,,,,"",""
ball,2,4.3,Central Districts,TC Bruce,D Cleaver,DK Ferns,1,0,,,,,,"",""
ball,2,4.4,Central Districts,D Cleaver,TC Bruce,DK Ferns,4,0,,,,,,"",""
ball,2,4.5,Central Districts,D Cleaver,TC Bruce,DK Ferns,0,0,,,,,,"",""
ball,2,4.6,Central Districts,D Cleaver,TC Bruce,DK Ferns,0,0,,,,,,"",""
ball,2,5.1,Central Districts,TC Bruce,D Cleaver,A Ashok,0,0,,,,,,"",""
ball,2,5.2,Central Districts,TC Bruce,D Cleaver,A Ashok,0,0,,,,,,"",""
ball,2,5.3,Central Districts,TC Bruce,D Cleaver,A Ashok,1,0,,,,,,"",""
ball,2,5.4,Central Districts,D Cleaver,TC Bruce,A Ashok,1,0,,,,,,"",""
ball,2,5.5,Central Districts,TC Bruce,D Cleaver,A Ashok,2,0,,,,,,"",""
ball,2,5.6,Central Districts,TC Bruce,D Cleaver,A Ashok,0,0,,,,,,"",""
ball,2,6.1,Central Districts,D Cleaver,TC Bruce,J McKenzie,1,0,,,,,,"",""
ball,2,6.2,Central Districts,TC Bruce,D Cleaver,J McKenzie,0,0,,,,,,"",""
ball,2,6.3,Central Districts,TC Bruce,D Cleaver,J McKenzie,0,1,,,,1,,"",""
ball,2,6.4,Central Districts,D Cleaver,TC Bruce,J McKenzie,0,0,,,,,,"",""
ball,2,6.5,Central Districts,D Cleaver,TC Bruce,J McKenzie,1,0,,,,,,"",""
ball,2,6.6,Central Districts,TC Bruce,D Cleaver,J McKenzie,0,0,,,,,,"",""
ball,2,7.1,Central Districts,D Cleaver,TC Bruce,A Ashok,4,0,,,,,,"",""
ball,2,7.2,Central Districts,D Cleaver,TC Bruce,A Ashok,4,0,,,,,,"",""
ball,2,7.3,Central Districts,D Cleaver,TC Bruce,A Ashok,0,0,,,,,,"",""
ball,2,7.4,Central Districts,D Cleaver,TC Bruce,A Ashok,0,0,,,,,,"",""
ball,2,7.5,Central Districts,D Cleaver,TC Bruce,A Ashok,4,0,,,,,,"",""
ball,2,7.6,Central Districts,D Cleaver,TC Bruce,A Ashok,0,1,,,,1,,"",""
ball,2,8.1,Central Districts,D Cleaver,TC Bruce,J McKenzie,0,0,,,,,,"",""
ball,2,8.2,Central Districts,D Cleaver,TC Bruce,J McKenzie,1,0,,,,,,"",""
ball,2,8.3,Central Districts,TC Bruce,D Cleaver,J McKenzie,1,0,,,,,,"",""
ball,2,8.4,Central Districts,D Cleaver,TC Bruce,J McKenzie,1,0,,,,,,"",""
ball,2,8.5,Central Districts,TC Bruce,D Cleaver,J McKenzie,1,0,,,,,,"",""
ball,2,8.6,Central Districts,D Cleaver,TC Bruce,J McKenzie,1,0,,,,,,"",""
ball,2,9.1,Central Districts,D Cleaver,TC Bruce,AL Olliver,4,0,,,,,,"",""
ball,2,9.2,Central Districts,D Cleaver,TC Bruce,AL Olliver,1,0,,,,,,"",""
ball,2,9.3,Central Districts,TC Bruce,D Cleaver,AL Olliver,1,0,,,,,,"",""
ball,2,9.4,Central Districts,D Cleaver,TC Bruce,AL Olliver,4,0,,,,,,"",""
ball,2,9.5,Central Districts,D Cleaver,TC Bruce,AL Olliver,4,0,,,,,,"",""
ball,2,9.6,Central Districts,D Cleaver,TC Bruce,AL Olliver,1,0,,,,,,"",""
ball,2,10.1,Central Districts,D Cleaver,TC Bruce,J McKenzie,0,0,,,,,,caught,D Cleaver
ball,2,10.2,Central Districts,W Clark,TC Bruce,J McKenzie,1,0,,,,,,"",""
ball,2,10.3,Central Districts,TC Bruce,W Clark,J McKenzie,6,0,,,,,,"",""
ball,2,10.4,Central Districts,TC Bruce,W Clark,J McKenzie,1,0,,,,,,"",""
ball,2,10.5,Central Districts,W Clark,TC Bruce,J McKenzie,0,0,,,,,,"",""
ball,2,10.6,Central Districts,W Clark,TC Bruce,J McKenzie,1,0,,,,,,"",""
ball,2,11.1,Central Districts,W Clark,TC Bruce,A Ashok,0,0,,,,,,"",""
ball,2,11.2,Central Districts,W Clark,TC Bruce,A Ashok,0,0,,,,,,"",""
ball,2,11.3,Central Districts,W Clark,TC Bruce,A Ashok,2,0,,,,,,"",""
ball,2,11.4,Central Districts,W Clark,TC Bruce,A Ashok,1,0,,,,,,"",""
ball,2,11.5,Central Districts,TC Bruce,W Clark,A Ashok,0,0,,,,,,"",""
ball,2,11.6,Central Districts,TC Bruce,W Clark,A Ashok,4,0,,,,,,"",""
ball,2,12.1,Central Districts,W Clark,TC Bruce,SB Keene,0,0,,,,,,"",""
ball,2,12.2,Central Districts,W Clark,TC Bruce,SB Keene,1,0,,,,,,"",""
ball,2,12.3,Central Districts,TC Bruce,W Clark,SB Keene,0,1,,,,1,,"",""
ball,2,12.4,Central Districts,W Clark,TC Bruce,SB Keene,0,0,,,,,,"",""
ball,2,12.5,Central Districts,W Clark,TC Bruce,SB Keene,2,0,,,,,,"",""
ball,2,12.6,Central Districts,W Clark,TC Bruce,SB Keene,1,0,,,,,,"",""
ball,2,13.1,Central Districts,W Clark,TC Bruce,AL Olliver,6,0,,,,,,"",""
ball,2,13.2,Central Districts,W Clark,TC Bruce,AL Olliver,1,0,,,,,,"",""
ball,2,13.3,Central Districts,TC Bruce,W Clark,AL Olliver,0,0,,,,,,"",""
ball,2,13.4,Central Districts,TC Bruce,W Clark,AL Olliver,0,0,,,,,,"",""
ball,2,13.5,Central Districts,TC Bruce,W Clark,AL Olliver,0,0,,,,,,"",""
ball,2,13.6,Central Districts,TC Bruce,W Clark,AL Olliver,1,0,,,,,,"",""
ball,2,14.1,Central Districts,TC Bruce,W Clark,DK Ferns,1,0,,,,,,"",""
ball,2,14.2,Central Districts,W Clark,TC Bruce,DK Ferns,1,0,,,,,,"",""
ball,2,14.3,Central Districts,TC Bruce,W Clark,DK Ferns,1,0,,,,,,"",""
ball,2,14.4,Central Districts,W Clark,TC Bruce,DK Ferns,1,0,,,,,,"",""
ball,2,14.5,Central Districts,TC Bruce,W Clark,DK Ferns,0,0,,,,,,"",""
ball,2,14.6,Central Districts,TC Bruce,W Clark,DK Ferns,4,0,,,,,,"",""
ball,2,15.1,Central Districts,W Clark,TC Bruce,AL Olliver,4,0,,,,,,"",""
ball,2,15.2,Central Districts,W Clark,TC Bruce,AL Olliver,0,0,,,,,,"",""
ball,2,15.3,Central Districts,W Clark,TC Bruce,AL Olliver,4,0,,,,,,"",""
ball,2,15.4,Central Districts,W Clark,TC Bruce,AL Olliver,0,0,,,,,,caught,W Clark
ball,2,15.5,Central Districts,AR Schaw,TC Bruce,AL Olliver,4,0,,,,,,"",""
ball,2,15.6,Central Districts,AR Schaw,TC Bruce,AL Olliver,6,0,,,,,,"",""
ball,2,16.1,Central Districts,TC Bruce,AR Schaw,J McKenzie,6,0,,,,,,"",""
ball,2,16.2,Central Districts,TC Bruce,AR Schaw,J McKenzie,4,0,,,,,,"",""
ball,2,16.3,Central Districts,TC Bruce,AR Schaw,J McKenzie,0,1,,1,,,,"",""
ball,2,16.4,Central Districts,TC Bruce,AR Schaw,J McKenzie,2,0,,,,,,"",""
ball,2,16.5,Central Districts,TC Bruce,AR Schaw,J McKenzie,0,0,,,,,,caught,TC Bruce
ball,2,16.6,Central Districts,CG Heaphy,AR Schaw,J McKenzie,4,0,,,,,,"",""
ball,2,16.7,Central Districts,CG Heaphy,AR Schaw,J McKenzie,0,0,,,,,,"",""
ball,2,17.1,Central Districts,AR Schaw,CG Heaphy,DK Ferns,0,1,,,,1,,"",""
ball,2,17.2,Central Districts,CG Heaphy,AR Schaw,DK Ferns,3,0,,,,,,"",""
ball,2,17.3,Central Districts,AR Schaw,CG Heaphy,DK Ferns,6,0,,,,,,"",""
