version,1.7.0
info,balls_per_over,6
info,team,Rangpur Riders
info,team,Chittagong Kings
info,gender,male
info,season,2024/25
info,date,2025/01/29
info,event,Bangladesh Premier League
info,match_number,37
info,venue,"Shere Bangla National Stadium, Mirpur"
info,city,Dhaka
info,toss_winner,Chittagong Kings
info,toss_decision,field
info,player_of_match,Haider Ali
info,umpire,Asif Yaqoob
info,umpire,Morshed Ali Khan
info,reserve_umpire,Ali Arman
info,tv_umpire,Tanvir Ahmed
info,match_referee,Selim Shahid
info,winner,Chittagong Kings
info,winner_wickets,5
info,player,Rangpur Riders,SR Taylor
info,player,Rangpur Riders,Soumya Sarkar
info,player,Rangpur Riders,Saif Hassan
info,player,Rangpur Riders,Iftikhar Ahmed
info,player,Rangpur Riders,Nurul Hasan
info,player,Rangpur Riders,Irfan Sukkur
info,player,Rangpur Riders,Mahedi Hasan
info,player,Rangpur Riders,Mohammad Saifuddin
info,player,Rangpur Riders,Akif Javed
info,player,Rangpur Riders,Rakibul Hasan
info,player,Rangpur Riders,Nahid Rana
info,player,Chittagong Kings,BKEL Milantha
info,player,Chittagong Kings,Parvez Hossain Emon
info,player,Chittagong Kings,G Clark
info,player,Chittagong Kings,Mohammad Mithun
info,player,Chittagong Kings,Haider Ali
info,player,Chittagong Kings,Shamim Hossain
info,player,Chittagong Kings,Rahatul Ferdous
info,player,Chittagong Kings,Shoriful Islam
info,player,Chittagong Kings,Khaled Ahmed
info,player,Chittagong Kings,Al Islam
info,player,Chittagong Kings,B Fernando
info,registry,people,Akif Javed,99d7d5b7
info,registry,people,Al Islam,45d38a84
info,registry,people,Ali Arman,1342d8d8
info,registry,people,Asif Yaqoob,6b35790c
info,registry,people,B Fernando,dabbd0ae
info,registry,people,BKEL Milantha,dcabd6bc
info,registry,people,G Clark,4fd09cfc
info,registry,people,Haider Ali,c13e34f4
info,registry,people,Iftikhar Ahmed,29e253dd
info,registry,people,Irfan Sukkur,3cc7dd5f
info,registry,people,Khaled Ahmed,5dbdecf1
info,registry,people,Mahedi Hasan,9dad0f2e
info,registry,people,Mohammad Mithun,77191792
info,registry,people,Mohammad Saifuddin,b3a28446
info,registry,people,Morshed Ali Khan,a7c3cf5f
info,registry,people,Nahid Rana,5318ee68
info,registry,people,Nurul Hasan,d365d463
info,registry,people,Parvez Hossain Emon,489aaf0a
info,registry,people,Rahatul Ferdous,8cf89dea
info,registry,people,Rakibul Hasan,77768f72
info,registry,people,SR Taylor,a9231c3f
info,registry,people,Saif Hassan,bb95564b
info,registry,people,Selim Shahid,b478bce3
info,registry,people,Shamim Hossain,711249d1
info,registry,people,Shoriful Islam,bb34fd31
info,registry,people,Soumya Sarkar,4d9f9686
info,registry,people,Tanvir Ahmed,ea2df1f1
ball,1,0.1,Rangpur Riders,SR Taylor,Soumya Sarkar,B Fernando,0,0,,,,,,"",""
ball,1,0.2,Rangpur Riders,SR Taylor,Soumya Sarkar,B Fernando,0,0,,,,,,"",""
ball,1,0.3,Rangpur Riders,SR Taylor,Soumya Sarkar,B Fernando,0,0,,,,,,"",""
ball,1,0.4,Rangpur Riders,SR Taylor,Soumya Sarkar,B Fernando,0,0,,,,,,"",""
ball,1,0.5,Rangpur Riders,SR Taylor,Soumya Sarkar,B Fernando,0,0,,,,,,"",""
ball,1,0.6,Rangpur Riders,SR Taylor,Soumya Sarkar,B Fernando,0,0,,,,,,"",""
ball,1,1.1,Rangpur Riders,Soumya Sarkar,SR Taylor,Shoriful Islam,0,1,1,,,,,"",""
ball,1,1.2,Rangpur Riders,Soumya Sarkar,SR Taylor,Shoriful Islam,1,0,,,,,,"",""
ball,1,1.3,Rangpur Riders,SR Taylor,Soumya Sarkar,Shoriful Islam,0,1,1,,,,,"",""
ball,1,1.4,Rangpur Riders,SR Taylor,Soumya Sarkar,Shoriful Islam,0,0,,,,,,bowled,SR Taylor
ball,1,1.5,Rangpur Riders,Saif Hassan,Soumya Sarkar,Shoriful Islam,4,0,,,,,,"",""
ball,1,1.6,Rangpur Riders,Saif Hassan,Soumya Sarkar,Shoriful Islam,4,0,,,,,,"",""
ball,1,1.7,Rangpur Riders,Saif Hassan,Soumya Sarkar,Shoriful Islam,0,0,,,,,,"",""
ball,1,1.8,Rangpur Riders,Saif Hassan,Soumya Sarkar,Shoriful Islam,0,0,,,,,,"",""
ball,1,2.1,Rangpur Riders,Soumya Sarkar,Saif Hassan,B Fernando,4,0,,,,,,"",""
ball,1,2.2,Rangpur Riders,Soumya Sarkar,Saif Hassan,B Fernando,0,0,,,,,,"",""
ball,1,2.3,Rangpur Riders,Soumya Sarkar,Saif Hassan,B Fernando,1,0,,,,,,"",""
ball,1,2.4,Rangpur Riders,Saif Hassan,Soumya Sarkar,B Fernando,0,0,,,,,,"",""
ball,1,2.5,Rangpur Riders,Saif Hassan,Soumya Sarkar,B Fernando,0,0,,,,,,"",""
ball,1,2.6,Rangpur Riders,Saif Hassan,Soumya Sarkar,B Fernando,0,0,,,,,,"",""
ball,1,3.1,Rangpur Riders,Soumya Sarkar,Saif Hassan,Khaled Ahmed,0,0,,,,,,"",""
ball,1,3.2,Rangpur Riders,Soumya Sarkar,Saif Hassan,Khaled Ahmed,0,2,2,,,,,"",""
ball,1,3.3,Rangpur Riders,Saif Hassan,Soumya Sarkar,Khaled Ahmed,0,0,,,,,,caught,Saif Hassan
ball,1,3.4,Rangpur Riders,Iftikhar Ahmed,Soumya Sarkar,Khaled Ahmed,1,0,,,,,,"",""
ball,1,3.5,Rangpur Riders,Soumya Sarkar,Iftikhar Ahmed,Khaled Ahmed,2,0,,,,,,"",""
ball,1,3.6,Rangpur Riders,Soumya Sarkar,Iftikhar Ahmed,Khaled Ahmed,4,0,,,,,,"",""
ball,1,3.7,Rangpur Riders,Soumya Sarkar,Iftikhar Ahmed,Khaled Ahmed,1,0,,,,,,"",""
ball,1,4.1,Rangpur Riders,Soumya Sarkar,Iftikhar Ahmed,Al Islam,2,0,,,,,,"",""
ball,1,4.2,Rangpur Riders,Soumya Sarkar,Iftikhar Ahmed,Al Islam,0,0,,,,,,"",""
ball,1,4.3,Rangpur Riders,Soumya Sarkar,Iftikhar Ahmed,Al Islam,1,0,,,,,,"",""
ball,1,4.4,Rangpur Riders,Iftikhar Ahmed,Soumya Sarkar,Al Islam,0,0,,,,,,"",""
ball,1,4.5,Rangpur Riders,Iftikhar Ahmed,Soumya Sarkar,Al Islam,0,0,,,,,,"",""
ball,1,4.6,Rangpur Riders,Iftikhar Ahmed,Soumya Sarkar,Al Islam,0,0,,,,,,"",""
ball,1,5.1,Rangpur Riders,Soumya Sarkar,Iftikhar Ahmed,Khaled Ahmed,0,0,,,,,,"",""
ball,1,5.2,Rangpur Riders,Soumya Sarkar,Iftikhar Ahmed,Khaled Ahmed,6,0,,,,,,"",""
ball,1,5.3,Rangpur Riders,Soumya Sarkar,Iftikhar Ahmed,Khaled Ahmed,0,0,,,,,,"",""
ball,1,5.4,Rangpur Riders,Soumya Sarkar,Iftikhar Ahmed,Khaled Ahmed,0,0,,,,,,"",""
ball,1,5.5,Rangpur Riders,Soumya Sarkar,Iftikhar Ahmed,Khaled Ahmed,0,1,,1,,,,"",""
ball,1,5.6,Rangpur Riders,Soumya Sarkar,Iftikhar Ahmed,Khaled Ahmed,1,0,,,,,,run out,Soumya Sarkar
ball,1,5.7,Rangpur Riders,Nurul Hasan,Iftikhar Ahmed,Khaled Ahmed,0,0,,,,,,"",""
ball,1,6.1,Rangpur Riders,Iftikhar Ahmed,Nurul Hasan,Al Islam,1,0,,,,,,"",""
ball,1,6.2,Rangpur Riders,Nurul Hasan,Iftikhar Ahmed,Al Islam,0,0,,,,,,"",""
ball,1,6.3,Rangpur Riders,Nurul Hasan,Iftikhar Ahmed,Al Islam,0,0,,,,,,"",""
ball,1,6.4,Rangpur Riders,Nurul Hasan,Iftikhar Ahmed,Al Islam,0,0,,,,,,"",""
ball,1,6.5,Rangpur Riders,Nurul Hasan,Iftikhar Ahmed,Al Islam,0,0,,,,,,"",""
ball,1,6.6,Rangpur Riders,Nurul Hasan,Iftikhar Ahmed,Al Islam,0,0,,,,,,"",""
ball,1,7.1,Rangpur Riders,Iftikhar Ahmed,Nurul Hasan,Rahatul Ferdous,1,0,,,,,,"",""
ball,1,7.2,Rangpur Riders,Nurul Hasan,Iftikhar Ahmed,Rahatul Ferdous,0,0,,,,,,"",""
ball,1,7.3,Rangpur Riders,Nurul Hasan,Iftikhar Ahmed,Rahatul Ferdous,2,0,,,,,,"",""
ball,1,7.4,Rangpur Riders,Nurul Hasan,Iftikhar Ahmed,Rahatul Ferdous,0,0,,,,,,"",""
ball,1,7.5,Rangpur Riders,Nurul Hasan,Iftikhar Ahmed,Rahatul Ferdous,0,0,,,,,,"",""
ball,1,7.6,Rangpur Riders,Nurul Hasan,Iftikhar Ahmed,Rahatul Ferdous,0,0,,,,,,"",""
ball,1,8.1,Rangpur Riders,Iftikhar Ahmed,Nurul Hasan,Shoriful Islam,0,0,,,,,,"",""
ball,1,8.2,Rangpur Riders,Iftikhar Ahmed,Nurul Hasan,Shoriful Islam,4,0,,,,,,"",""
ball,1,8.3,Rangpur Riders,Iftikhar Ahmed,Nurul Hasan,Shoriful Islam,0,0,,,,,,"",""
ball,1,8.4,Rangpur Riders,Iftikhar Ahmed,Nurul Hasan,Shoriful Islam,0,0,,,,,,"",""
ball,1,8.5,Rangpur Riders,Iftikhar Ahmed,Nurul Hasan,Shoriful Islam,1,0,,,,,,"",""
ball,1,8.6,Rangpur Riders,Nurul Hasan,Iftikhar Ahmed,Shoriful Islam,0,0,,,,,,"",""
ball,1,9.1,Rangpur Riders,Iftikhar Ahmed,Nurul Hasan,Rahatul Ferdous,1,0,,,,,,"",""
ball,1,9.2,Rangpur Riders,Nurul Hasan,Iftikhar Ahmed,Rahatul Ferdous,1,0,,,,,,"",""
ball,1,9.3,Rangpur Riders,Iftikhar Ahmed,Nurul Hasan,Rahatul Ferdous,4,0,,,,,,"",""
ball,1,9.4,Rangpur Riders,Iftikhar Ahmed,Nurul Hasan,Rahatul Ferdous,1,0,,,,,,"",""
ball,1,9.5,Rangpur Riders,Nurul Hasan,Iftikhar Ahmed,Rahatul Ferdous,4,0,,,,,,"",""
ball,1,9.6,Rangpur Riders,Nurul Hasan,Iftikhar Ahmed,Rahatul Ferdous,1,0,,,,,,"",""
ball,1,10.1,Rangpur Riders,Nurul Hasan,Iftikhar Ahmed,Al Islam,0,0,,,,,,"",""
ball,1,10.2,Rangpur Riders,Nurul Hasan,Iftikhar Ahmed,Al Islam,0,0,,,,,,"",""
ball,1,10.3,Rangpur Riders,Nurul Hasan,Iftikhar Ahmed,Al Islam,0,0,,,,,,"",""
ball,1,10.4,Rangpur Riders,Nurul Hasan,Iftikhar Ahmed,Al Islam,0,0,,,,,,"",""
ball,1,10.5,Rangpur Riders,Nurul Hasan,Iftikhar Ahmed,Al Islam,1,0,,,,,,"",""
ball,1,10.6,Rangpur Riders,Iftikhar Ahmed,Nurul Hasan,Al Islam,1,0,,,,,,"",""
ball,1,11.1,Rangpur Riders,Iftikhar Ahmed,Nurul Hasan,Khaled Ahmed,1,0,,,,,,"",""
ball,1,11.2,Rangpur Riders,Nurul Hasan,Iftikhar Ahmed,Khaled Ahmed,0,0,,,,,,caught,Nurul Hasan
ball,1,11.3,Rangpur Riders,Irfan Sukkur,Iftikhar Ahmed,Khaled Ahmed,1,0,,,,,,"",""
ball,1,11.4,Rangpur Riders,Iftikhar Ahmed,Irfan Sukkur,Khaled Ahmed,4,0,,,,,,"",""
ball,1,11.5,Rangpur Riders,Iftikhar Ahmed,Irfan Sukkur,Khaled Ahmed,0,0,,,,,,"",""
ball,1,11.6,Rangpur Riders,Iftikhar Ahmed,Irfan Sukkur,Khaled Ahmed,1,0,,,,,,"",""
ball,1,12.1,Rangpur Riders,Iftikhar Ahmed,Irfan Sukkur,Shamim Hossain,1,0,,,,,,"",""
ball,1,12.2,Rangpur Riders,Irfan Sukkur,Iftikhar Ahmed,Shamim Hossain,0,0,,,,,,lbw,Irfan Sukkur
ball,1,12.3,Rangpur Riders,Mahedi Hasan,Iftikhar Ahmed,Shamim Hossain,4,0,,,,,,"",""
ball,1,12.4,Rangpur Riders,Mahedi Hasan,Iftikhar Ahmed,Shamim Hossain,1,0,,,,,,"",""
ball,1,12.5,Rangpur Riders,Iftikhar Ahmed,Mahedi Hasan,Shamim Hossain,4,0,,,,,,"",""
ball,1,12.6,Rangpur Riders,Iftikhar Ahmed,Mahedi Hasan,Shamim Hossain,0,0,,,,,,"",""
ball,1,13.1,Rangpur Riders,Mahedi Hasan,Iftikhar Ahmed,Rahatul Ferdous,0,0,,,,,,"",""
ball,1,13.2,Rangpur Riders,Mahedi Hasan,Iftikhar Ahmed,Rahatul Ferdous,0,0,,,,,,"",""
ball,1,13.3,Rangpur Riders,Mahedi Hasan,Iftikhar Ahmed,Rahatul Ferdous,0,0,,,,,,"",""
ball,1,13.4,Rangpur Riders,Mahedi Hasan,Iftikhar Ahmed,Rahatul Ferdous,1,0,,,,,,"",""
ball,1,13.5,Rangpur Riders,Iftikhar Ahmed,Mahedi Hasan,Rahatul Ferdous,0,0,,,,,,"",""
ball,1,13.6,Rangpur Riders,Iftikhar Ahmed,Mahedi Hasan,Rahatul Ferdous,4,0,,,,,,"",""
ball,1,14.1,Rangpur Riders,Mahedi Hasan,Iftikhar Ahmed,Al Islam,0,0,,,,,,"",""
ball,1,14.2,Rangpur Riders,Mahedi Hasan,Iftikhar Ahmed,Al Islam,4,0,,,,,,"",""
ball,1,14.3,Rangpur Riders,Mahedi Hasan,Iftikhar Ahmed,Al Islam,1,0,,,,,,"",""
ball,1,14.4,Rangpur Riders,Iftikhar Ahmed,Mahedi Hasan,Al Islam,1,0,,,,,,"",""
ball,1,14.5,Rangpur Riders,Mahedi Hasan,Iftikhar Ahmed,Al Islam,1,0,,,,,,"",""
ball,1,14.6,Rangpur Riders,Iftikhar Ahmed,Mahedi Hasan,Al Islam,1,0,,,,,,"",""
ball,1,15.1,Rangpur Riders,Iftikhar Ahmed,Mahedi Hasan,Shoriful Islam,4,0,,,,,,"",""
ball,1,15.2,Rangpur Riders,Iftikhar Ahmed,Mahedi Hasan,Shoriful Islam,0,0,,,,,,"",""
ball,1,15.3,Rangpur Riders,Iftikhar Ahmed,Mahedi Hasan,Shoriful Islam,0,0,,,,,,"",""
ball,1,15.4,Rangpur Riders,Iftikhar Ahmed,Mahedi Hasan,Shoriful Islam,1,0,,,,,,"",""
ball,1,15.5,Rangpur Riders,Mahedi Hasan,Iftikhar Ahmed,Shoriful Islam,1,0,,,,,,"",""
ball,1,15.6,Rangpur Riders,Iftikhar Ahmed,Mahedi Hasan,Shoriful Islam,0,0,,,,,,"",""
ball,1,16.1,Rangpur Riders,Mahedi Hasan,Iftikhar Ahmed,B Fernando,1,0,,,,,,"",""
ball,1,16.2,Rangpur Riders,Iftikhar Ahmed,Mahedi Hasan,B Fernando,0,0,,,,,,"",""
ball,1,16.3,Rangpur Riders,Iftikhar Ahmed,Mahedi Hasan,B Fernando,2,0,,,,,,"",""
ball,1,16.4,Rangpur Riders,Iftikhar Ahmed,Mahedi Hasan,B Fernando,1,0,,,,,,"",""
ball,1,16.5,Rangpur Riders,Mahedi Hasan,Iftikhar Ahmed,B Fernando,1,0,,,,,,"",""
ball,1,16.6,Rangpur Riders,Iftikhar Ahmed,Mahedi Hasan,B Fernando,1,0,,,,,,"",""
ball,1,17.1,Rangpur Riders,Iftikhar Ahmed,Mahedi Hasan,Khaled Ahmed,0,0,,,,,,"",""
ball,1,17.2,Rangpur Riders,Iftikhar Ahmed,Mahedi Hasan,Khaled Ahmed,0,0,,,,,,"",""
ball,1,17.3,Rangpur Riders,Iftikhar Ahmed,Mahedi Hasan,Khaled Ahmed,6,1,,1,,,,"",""
ball,1,17.4,Rangpur Riders,Iftikhar Ahmed,Mahedi Hasan,Khaled Ahmed,6,0,,,,,,"",""
ball,1,17.5,Rangpur Riders,Iftikhar Ahmed,Mahedi Hasan,Khaled Ahmed,1,0,,,,,,"",""
ball,1,17.6,Rangpur Riders,Mahedi Hasan,Iftikhar Ahmed,Khaled Ahmed,4,0,,,,,,"",""
ball,1,17.7,Rangpur Riders,Mahedi Hasan,Iftikhar Ahmed,Khaled Ahmed,1,0,,,,,,"",""
ball,1,18.1,Rangpur Riders,Mahedi Hasan,Iftikhar Ahmed,B Fernando,0,4,,,4,,,"",""
ball,1,18.2,Rangpur Riders,Mahedi Hasan,Iftikhar Ahmed,B Fernando,0,0,,,,,,"",""
ball,1,18.3,Rangpur Riders,Mahedi Hasan,Iftikhar Ahmed,B Fernando,0,1,1,,,,,"",""
ball,1,18.4,Rangpur Riders,Mahedi Hasan,Iftikhar Ahmed,B Fernando,0,1,,,1,,,"",""
ball,1,18.5,Rangpur Riders,Iftikhar Ahmed,Mahedi Hasan,B Fernando,0,0,,,,,,"",""
ball,1,18.6,Rangpur Riders,Iftikhar Ahmed,Mahedi Hasan,B Fernando,1,0,,,,,,"",""
ball,1,18.7,Rangpur Riders,Mahedi Hasan,Iftikhar Ahmed,B Fernando,0,1,1,,,,,"",""
ball,1,18.8,Rangpur Riders,Mahedi Hasan,Iftikhar Ahmed,B Fernando,1,0,,,,,,"",""
ball,1,19.1,Rangpur Riders,Mahedi Hasan,Iftikhar Ahmed,Shoriful Islam,1,0,,,,,,"",""
ball,1,19.2,Rangpur Riders,Iftikhar Ahmed,Mahedi Hasan,Shoriful Islam,0,1,1,,,,,"",""
ball,1,19.3,Rangpur Riders,Iftikhar Ahmed,Mahedi Hasan,Shoriful Islam,0,0,,,,,,"",""
ball,1,19.4,Rangpur Riders,Iftikhar Ahmed,Mahedi Hasan,Shoriful Islam,0,0,,,,,,"",""
ball,1,19.5,Rangpur Riders,Iftikhar Ahmed,Mahedi Hasan,Shoriful Islam,4,0,,,,,,"",""
ball,1,19.6,Rangpur Riders,Iftikhar Ahmed,Mahedi Hasan,Shoriful Islam,6,0,,,,,,"",""
ball,1,19.7,Rangpur Riders,Iftikhar Ahmed,Mahedi Hasan,Shoriful Islam,0,1,,,1,,,"",""
ball,2,0.1,Chittagong Kings,BKEL Milantha,Parvez Hossain Emon,Mahedi Hasan,4,0,,,,,,"",""
ball,2,0.2,Chittagong Kings,BKEL Milantha,Parvez Hossain Emon,Mahedi Hasan,0,0,,,,,,"",""
ball,2,0.3,Chittagong Kings,BKEL Milantha,Parvez Hossain Emon,Mahedi Hasan,0,0,,,,,,"",""
ball,2,0.4,Chittagong Kings,BKEL Milantha,Parvez Hossain Emon,Mahedi Hasan,0,0,,,,,,"",""
ball,2,0.5,Chittagong Kings,BKEL Milantha,Parvez Hossain Emon,Mahedi Hasan,0,0,,,,,,"",""
ball,2,0.6,Chittagong Kings,BKEL Milantha,Parvez Hossain Emon,Mahedi Hasan,0,0,,,,,,"",""
ball,2,1.1,Chittagong Kings,Parvez Hossain Emon,BKEL Milantha,Iftikhar Ahmed,0,0,,,,,,"",""
ball,2,1.2,Chittagong Kings,Parvez Hossain Emon,BKEL Milantha,Iftikhar Ahmed,0,0,,,,,,"",""
ball,2,1.3,Chittagong Kings,Parvez Hossain Emon,BKEL Milantha,Iftikhar Ahmed,4,0,,,,,,"",""
ball,2,1.4,Chittagong Kings,Parvez Hossain Emon,BKEL Milantha,Iftikhar Ahmed,0,0,,,,,,"",""
ball,2,1.5,Chittagong Kings,Parvez Hossain Emon,BKEL Milantha,Iftikhar Ahmed,2,0,,,,,,"",""
ball,2,1.6,Chittagong Kings,Parvez Hossain Emon,BKEL Milantha,Iftikhar Ahmed,0,0,,,,,,"",""
ball,2,2.1,Chittagong Kings,BKEL Milantha,Parvez Hossain Emon,Mahedi Hasan,1,0,,,,,,"",""
ball,2,2.2,Chittagong Kings,Parvez Hossain Emon,BKEL Milantha,Mahedi Hasan,0,0,,,,,,"",""
ball,2,2.3,Chittagong Kings,Parvez Hossain Emon,BKEL Milantha,Mahedi Hasan,1,0,,,,,,"",""
ball,2,2.4,Chittagong Kings,BKEL Milantha,Parvez Hossain Emon,Mahedi Hasan,0,0,,,,,,"",""
ball,2,2.5,Chittagong Kings,BKEL Milantha,Parvez Hossain Emon,Mahedi Hasan,1,0,,,,,,"",""
ball,2,2.6,Chittagong Kings,Parvez Hossain Emon,BKEL Milantha,Mahedi Hasan,0,0,,,,,,"",""
ball,2,3.1,Chittagong Kings,BKEL Milantha,Parvez Hossain Emon,Akif Javed,0,0,,,,,,"",""
ball,2,3.2,Chittagong Kings,BKEL Milantha,Parvez Hossain Emon,Akif Javed,0,0,,,,,,"",""
ball,2,3.3,Chittagong Kings,BKEL Milantha,Parvez Hossain Emon,Akif Javed,0,0,,,,,,caught,BKEL Milantha
ball,2,3.4,Chittagong Kings,G Clark,Parvez Hossain Emon,Akif Javed,0,0,,,,,,"",""
ball,2,3.5,Chittagong Kings,G Clark,Parvez Hossain Emon,Akif Javed,0,0,,,,,,"",""
ball,2,3.6,Chittagong Kings,G Clark,Parvez Hossain Emon,Akif Javed,4,0,,,,,,"",""
ball,2,4.1,Chittagong Kings,Parvez Hossain Emon,G Clark,Mahedi Hasan,1,0,,,,,,"",""
ball,2,4.2,Chittagong Kings,G Clark,Parvez Hossain Emon,Mahedi Hasan,0,0,,,,,,"",""
ball,2,4.3,Chittagong Kings,G Clark,Parvez Hossain Emon,Mahedi Hasan,0,0,,,,,,"",""
ball,2,4.4,Chittagong Kings,G Clark,Parvez Hossain Emon,Mahedi Hasan,4,0,,,,,,"",""
ball,2,4.5,Chittagong Kings,G Clark,Parvez Hossain Emon,Mahedi Hasan,0,0,,,,,,"",""
ball,2,4.6,Chittagong Kings,G Clark,Parvez Hossain Emon,Mahedi Hasan,1,0,,,,,,"",""
ball,2,5.1,Chittagong Kings,G Clark,Parvez Hossain Emon,Akif Javed,0,0,,,,,,"",""
ball,2,5.2,Chittagong Kings,G Clark,Parvez Hossain Emon,Akif Javed,0,0,,,,,,"",""
ball,2,5.3,Chittagong Kings,G Clark,Parvez Hossain Emon,Akif Javed,6,0,,,,,,"",""
ball,2,5.4,Chittagong Kings,G Clark,Parvez Hossain Emon,Akif Javed,0,0,,,,,,bowled,G Clark
ball,2,5.5,Chittagong Kings,Mohammad Mithun,Parvez Hossain Emon,Akif Javed,0,0,,,,,,"",""
ball,2,5.6,Chittagong Kings,Mohammad Mithun,Parvez Hossain Emon,Akif Javed,0,0,,,,,,"",""
ball,2,6.1,Chittagong Kings,Parvez Hossain Emon,Mohammad Mithun,Iftikhar Ahmed,0,0,,,,,,"",""
ball,2,6.2,Chittagong Kings,Parvez Hossain Emon,Mohammad Mithun,Iftikhar Ahmed,1,0,,,,,,"",""
ball,2,6.3,Chittagong Kings,Mohammad Mithun,Parvez Hossain Emon,Iftikhar Ahmed,1,0,,,,,,"",""
ball,2,6.4,Chittagong Kings,Parvez Hossain Emon,Mohammad Mithun,Iftikhar Ahmed,1,0,,,,,,"",""
ball,2,6.5,Chittagong Kings,Mohammad Mithun,Parvez Hossain Emon,Iftikhar Ahmed,1,0,,,,,,"",""
ball,2,6.6,Chittagong Kings,Parvez Hossain Emon,Mohammad Mithun,Iftikhar Ahmed,0,0,,,,,,"",""
ball,2,7.1,Chittagong Kings,Mohammad Mithun,Parvez Hossain Emon,Rakibul Hasan,1,0,,,,,,"",""
ball,2,7.2,Chittagong Kings,Parvez Hossain Emon,Mohammad Mithun,Rakibul Hasan,0,0,,,,,,"",""
ball,2,7.3,Chittagong Kings,Parvez Hossain Emon,Mohammad Mithun,Rakibul Hasan,1,0,,,,,,"",""
ball,2,7.4,Chittagong Kings,Mohammad Mithun,Parvez Hossain Emon,Rakibul Hasan,1,0,,,,,,"",""
ball,2,7.5,Chittagong Kings,Parvez Hossain Emon,Mohammad Mithun,Rakibul Hasan,6,0,,,,,,"",""
ball,2,7.6,Chittagong Kings,Parvez Hossain Emon,Mohammad Mithun,Rakibul Hasan,0,0,,,,,,"",""
ball,2,8.1,Chittagong Kings,Mohammad Mithun,Parvez Hossain Emon,Nahid Rana,1,0,,,,,,"",""
ball,2,8.2,Chittagong Kings,Parvez Hossain Emon,Mohammad Mithun,Nahid Rana,0,0,,,,,,"",""
ball,2,8.3,Chittagong Kings,Parvez Hossain Emon,Mohammad Mithun,Nahid Rana,1,0,,,,,,"",""
ball,2,8.4,Chittagong Kings,Mohammad Mithun,Parvez Hossain Emon,Nahid Rana,1,0,,,,,,"",""
ball,2,8.5,Chittagong Kings,Parvez Hossain Emon,Mohammad Mithun,Nahid Rana,1,0,,,,,,"",""
ball,2,8.6,Chittagong Kings,Mohammad Mithun,Parvez Hossain Emon,Nahid Rana,0,1,1,,,,,"",""
ball,2,8.7,Chittagong Kings,Mohammad Mithun,Parvez Hossain Emon,Nahid Rana,1,0,,,,,,"",""
ball,2,9.1,Chittagong Kings,Mohammad Mithun,Parvez Hossain Emon,Mohammad Saifuddin,6,1,,1,,,,"",""
ball,2,9.2,Chittagong Kings,Mohammad Mithun,Parvez Hossain Emon,Mohammad Saifuddin,6,0,,,,,,"",""
ball,2,9.3,Chittagong Kings,Mohammad Mithun,Parvez Hossain Emon,Mohammad Saifuddin,0,0,,,,,,"",""
ball,2,9.4,Chittagong Kings,Mohammad Mithun,Parvez Hossain Emon,Mohammad Saifuddin,0,0,,,,,,"",""
ball,2,9.5,Chittagong Kings,Mohammad Mithun,Parvez Hossain Emon,Mohammad Saifuddin,1,0,,,,,,"",""
ball,2,9.6,Chittagong Kings,Parvez Hossain Emon,Mohammad Mithun,Mohammad Saifuddin,1,0,,,,,,"",""
ball,2,9.7,Chittagong Kings,Mohammad Mithun,Parvez Hossain Emon,Mohammad Saifuddin,0,0,,,,,,bowled,Mohammad Mithun
ball,2,10.1,Chittagong Kings,Parvez Hossain Emon,Haider Ali,Iftikhar Ahmed,1,0,,,,,,"",""
ball,2,10.2,Chittagong Kings,Haider Ali,Parvez Hossain Emon,Iftikhar Ahmed,1,0,,,,,,"",""
ball,2,10.3,Chittagong Kings,Parvez Hossain Emon,Haider Ali,Iftikhar Ahmed,2,0,,,,,,"",""
ball,2,10.4,Chittagong Kings,Parvez Hossain Emon,Haider Ali,Iftikhar Ahmed,0,0,,,,,,"",""
ball,2,10.5,Chittagong Kings,Parvez Hossain Emon,Haider Ali,Iftikhar Ahmed,0,0,,,,,,"",""
ball,2,10.6,Chittagong Kings,Parvez Hossain Emon,Haider Ali,Iftikhar Ahmed,0,0,,,,,,"",""
ball,2,11.1,Chittagong Kings,Haider Ali,Parvez Hossain Emon,Rakibul Hasan,0,0,,,,,,"",""
ball,2,11.2,Chittagong Kings,Haider Ali,Parvez Hossain Emon,Rakibul Hasan,1,0,,,,,,"",""
ball,2,11.3,Chittagong Kings,Parvez Hossain Emon,Haider Ali,Rakibul Hasan,1,0,,,,,,"",""
ball,2,11.4,Chittagong Kings,Haider Ali,Parvez Hossain Emon,Rakibul Hasan,6,0,,,,,,"",""
ball,2,11.5,Chittagong Kings,Haider Ali,Parvez Hossain Emon,Rakibul Hasan,6,0,,,,,,"",""
ball,2,11.6,Chittagong Kings,Haider Ali,Parvez Hossain Emon,Rakibul Hasan,0,0,,,,,,"",""
ball,2,12.1,Chittagong Kings,Parvez Hossain Emon,Haider Ali,Saif Hassan,0,0,,,,,,"",""
ball,2,12.2,Chittagong Kings,Parvez Hossain Emon,Haider Ali,Saif Hassan,2,0,,,,,,"",""
ball,2,12.3,Chittagong Kings,Parvez Hossain Emon,Haider Ali,Saif Hassan,1,0,,,,,,"",""
ball,2,12.4,Chittagong Kings,Haider Ali,Parvez Hossain Emon,Saif Hassan,4,0,,,,,,"",""
ball,2,12.5,Chittagong Kings,Haider Ali,Parvez Hossain Emon,Saif Hassan,1,0,,,,,,"",""
ball,2,12.6,Chittagong Kings,Parvez Hossain Emon,Haider Ali,Saif Hassan,0,0,,,,,,"",""
ball,2,13.1,Chittagong Kings,Haider Ali,Parvez Hossain Emon,Nahid Rana,1,0,,,,,,"",""
ball,2,13.2,Chittagong Kings,Parvez Hossain Emon,Haider Ali,Nahid Rana,0,0,,,,,,"",""
ball,2,13.3,Chittagong Kings,Parvez Hossain Emon,Haider Ali,Nahid Rana,6,0,,,,,,"",""
ball,2,13.4,Chittagong Kings,Parvez Hossain Emon,Haider Ali,Nahid Rana,4,0,,,,,,"",""
ball,2,13.5,Chittagong Kings,Parvez Hossain Emon,Haider Ali,Nahid Rana,1,0,,,,,,"",""
ball,2,13.6,Chittagong Kings,Haider Ali,Parvez Hossain Emon,Nahid Rana,0,0,,,,,,"",""
ball,2,14.1,Chittagong Kings,Parvez Hossain Emon,Haider Ali,Akif Javed,1,0,,,,,,"",""
ball,2,14.2,Chittagong Kings,Haider Ali,Parvez Hossain Emon,Akif Javed,1,0,,,,,,"",""
ball,2,14.3,Chittagong Kings,Parvez Hossain Emon,Haider Ali,Akif Javed,0,0,,,,,,"",""
ball,2,14.4,Chittagong Kings,Parvez Hossain Emon,Haider Ali,Akif Javed,0,0,,,,,,"",""
ball,2,14.5,Chittagong Kings,Parvez Hossain Emon,Haider Ali,Akif Javed,0,0,,,,,,"",""
ball,2,14.6,Chittagong Kings,Parvez Hossain Emon,Haider Ali,Akif Javed,1,0,,,,,,"",""
ball,2,15.1,Chittagong Kings,Parvez Hossain Emon,Haider Ali,Mohammad Saifuddin,1,0,,,,,,"",""
ball,2,15.2,Chittagong Kings,Haider Ali,Parvez Hossain Emon,Mohammad Saifuddin,0,0,,,,,,"",""
ball,2,15.3,Chittagong Kings,Haider Ali,Parvez Hossain Emon,Mohammad Saifuddin,1,0,,,,,,"",""
ball,2,15.4,Chittagong Kings,Parvez Hossain Emon,Haider Ali,Mohammad Saifuddin,0,0,,,,,,caught and bowled,Parvez Hossain Emon
ball,2,15.5,Chittagong Kings,Shamim Hossain,Haider Ali,Mohammad Saifuddin,4,0,,,,,,"",""
ball,2,15.6,Chittagong Kings,Shamim Hossain,Haider Ali,Mohammad Saifuddin,4,0,,,,,,"",""
ball,2,16.1,Chittagong Kings,Haider Ali,Shamim Hossain,Mahedi Hasan,0,1,1,,,,,"",""
ball,2,16.2,Chittagong Kings,Haider Ali,Shamim Hossain,Mahedi Hasan,0,1,1,,,,,"",""
ball,2,16.3,Chittagong Kings,Haider Ali,Shamim Hossain,Mahedi Hasan,2,0,,,,,,run out,Shamim Hossain
ball,2,16.4,Chittagong Kings,Rahatul Ferdous,Haider Ali,Mahedi Hasan,4,0,,,,,,"",""
ball,2,16.5,Chittagong Kings,Rahatul Ferdous,Haider Ali,Mahedi Hasan,0,0,,,,,,"",""
ball,2,16.6,Chittagong Kings,Rahatul Ferdous,Haider Ali,Mahedi Hasan,0,0,,,,,,"",""
ball,2,16.7,Chittagong Kings,Rahatul Ferdous,Haider Ali,Mahedi Hasan,0,0,,,,,,"",""
ball,2,16.8,Chittagong Kings,Rahatul Ferdous,Haider Ali,Mahedi Hasan,2,0,,,,,,"",""
ball,2,17.1,Chittagong Kings,Haider Ali,Rahatul Ferdous,Akif Javed,6,0,,,,,,"",""
ball,2,17.2,Chittagong Kings,Haider Ali,Rahatul Ferdous,Akif Javed,6,0,,,,,,"",""
ball,2,17.3,Chittagong Kings,Haider Ali,Rahatul Ferdous,Akif Javed,6,0,,,,,,"",""
ball,2,17.4,Chittagong Kings,Haider Ali,Rahatul Ferdous,Akif Javed,6,0,,,,,,"",""
