version,1.7.0
info,balls_per_over,6
info,team,Dhaka Capital
info,team,Fortune Barishal
info,gender,male
info,season,2024/25
info,date,2025/01/29
info,event,Bangladesh Premier League
info,match_number,38
info,venue,"Shere Bangla National Stadium, Mirpur"
info,city,Dhaka
info,toss_winner,Fortune Barishal
info,toss_decision,field
info,player_of_match,Tanvir Islam
info,umpire,Mahfuzur Rahman
info,umpire,Sharfuddoula
info,reserve_umpire,Kamruzzaman Limon
info,tv_umpire,Gazi Sohel
info,match_referee,Ehsanul Haque
info,winner,Fortune Barishal
info,winner_wickets,9
info,player,Dhaka Capital,Tanzid Hasan
info,player,Dhaka Capital,Liton Das
info,player,Dhaka Capital,Riaz Hassan
info,player,Dhaka Capital,JP Kotze
info,player,Dhaka Capital,Sabbir Rahman
info,player,Dhaka Capital,Mosaddek Hossain
info,player,Dhaka Capital,NLTC Perera
info,player,Dhaka Capital,Nazmul Islam
info,player,Dhaka Capital,RR Beaton
info,player,Dhaka Capital,Mustafizur Rahman
info,player,Dhaka Capital,Mehedi Hasan Rana
info,player,Fortune Barishal,Tamim Iqbal
info,player,Fortune Barishal,Towhid Hridoy
info,player,Fortune Barishal,DJ Malan
info,player,Fortune Barishal,Mushfiqur Rahim
info,player,Fortune Barishal,Mahmudullah
info,player,Fortune Barishal,Mohammad Nabi
info,player,Fortune Barishal,Faheem Ashraf
info,player,Fortune Barishal,Ebadat Hossain
info,player,Fortune Barishal,Rishad Hossain
info,player,Fortune Barishal,Tanvir Islam
info,player,Fortune Barishal,JK Fuller
info,registry,people,DJ Malan,ad9c32a2
info,registry,people,Ebadat Hossain,cb5100f1
info,registry,people,Ehsanul Haque,688b2d58
info,registry,people,Faheem Ashraf,bd4ea627
info,registry,people,Gazi Sohel,f0df3ed7
info,registry,people,JK Fuller,dda5aae5
info,registry,people,JP Kotze,9f308dfc
info,registry,people,Kamruzzaman Limon,2ae7a044
info,registry,people,Liton Das,0404d43c
info,registry,people,Mahfuzur Rahman,3275b68b
info,registry,people,Mahmudullah,bf1d7d3e
info,registry,people,Mehedi Hasan Rana,0b7363da
info,registry,people,Mohammad Nabi,62af8546
info,registry,people,Mosaddek Hossain,8919756f
info,registry,people,Mushfiqur Rahim,a94e08ea
info,registry,people,Mustafizur Rahman,0a8fce53
info,registry,people,NLTC Perera,0f12f9df
info,registry,people,Nazmul Islam,6575e3bc
info,registry,people,RR Beaton,684a56df
info,registry,people,Riaz Hassan,33f8789e
info,registry,people,Rishad Hossain,5935d694
info,registry,people,Sabbir Rahman,7147f314
info,registry,people,Sharfuddoula,63896abb
info,registry,people,Tamim Iqbal,3b041a12
info,registry,people,Tanvir Islam,aa467af0
info,registry,people,Tanzid Hasan,80fe764d
info,registry,people,Towhid Hridoy,9e52a414
ball,1,0.1,Dhaka Capital,Tanzid Hasan,Liton Das,Ebadat Hossain,0,0,,,,,,"",""
ball,1,0.2,Dhaka Capital,Tanzid Hasan,Liton Das,Ebadat Hossain,0,0,,,,,,"",""
ball,1,0.3,Dhaka Capital,Tanzid Hasan,Liton Das,Ebadat Hossain,1,0,,,,,,"",""
ball,1,0.4,Dhaka Capital,Liton Das,Tanzid Hasan,Ebadat Hossain,4,0,,,,,,"",""
ball,1,0.5,Dhaka Capital,Liton Das,Tanzid Hasan,Ebadat Hossain,0,0,,,,,,"",""
ball,1,0.6,Dhaka Capital,Liton Das,Tanzid Hasan,Ebadat Hossain,4,0,,,,,,"",""
ball,1,1.1,Dhaka Capital,Tanzid Hasan,Liton Das,Mohammad Nabi,0,1,,,,1,,"",""
ball,1,1.2,Dhaka Capital,Liton Das,Tanzid Hasan,Mohammad Nabi,1,0,,,,,,"",""
ball,1,1.3,Dhaka Capital,Tanzid Hasan,Liton Das,Mohammad Nabi,1,0,,,,,,"",""
ball,1,1.4,Dhaka Capital,Liton Das,Tanzid Hasan,Mohammad Nabi,0,0,,,,,,"",""
ball,1,1.5,Dhaka Capital,Liton Das,Tanzid Hasan,Mohammad Nabi,0,0,,,,,,"",""
ball,1,1.6,Dhaka Capital,Liton Das,Tanzid Hasan,Mohammad Nabi,1,0,,,,,,"",""
ball,1,2.1,Dhaka Capital,Liton Das,Tanzid Hasan,Tanvir Islam,0,0,,,,,,bowled,Liton Das
ball,1,2.2,Dhaka Capital,Riaz Hassan,Tanzid Hasan,Tanvir Islam,0,0,,,,,,"",""
ball,1,2.3,Dhaka Capital,Riaz Hassan,Tanzid Hasan,Tanvir Islam,0,0,,,,,,"",""
ball,1,2.4,Dhaka Capital,Riaz Hassan,Tanzid Hasan,Tanvir Islam,0,0,,,,,,"",""
ball,1,2.5,Dhaka Capital,Riaz Hassan,Tanzid Hasan,Tanvir Islam,0,0,,,,,,lbw,Riaz Hassan
ball,1,2.6,Dhaka Capital,JP Kotze,Tanzid Hasan,Tanvir Islam,0,0,,,,,,"",""
ball,1,3.1,Dhaka Capital,Tanzid Hasan,JP Kotze,Mohammad Nabi,0,0,,,,,,"",""
ball,1,3.2,Dhaka Capital,Tanzid Hasan,JP Kotze,Mohammad Nabi,2,0,,,,,,"",""
ball,1,3.3,Dhaka Capital,Tanzid Hasan,JP Kotze,Mohammad Nabi,0,0,,,,,,"",""
ball,1,3.4,Dhaka Capital,Tanzid Hasan,JP Kotze,Mohammad Nabi,1,0,,,,,,"",""
ball,1,3.5,Dhaka Capital,JP Kotze,Tanzid Hasan,Mohammad Nabi,0,0,,,,,,"",""
ball,1,3.6,Dhaka Capital,JP Kotze,Tanzid Hasan,Mohammad Nabi,0,0,,,,,,"",""
ball,1,4.1,Dhaka Capital,Tanzid Hasan,JP Kotze,JK Fuller,1,0,,,,,,"",""
ball,1,4.2,Dhaka Capital,JP Kotze,Tanzid Hasan,JK Fuller,0,0,,,,,,"",""
ball,1,4.3,Dhaka Capital,JP Kotze,Tanzid Hasan,JK Fuller,0,1,1,,,,,"",""
ball,1,4.4,Dhaka Capital,JP Kotze,Tanzid Hasan,JK Fuller,1,0,,,,,,"",""
ball,1,4.5,Dhaka Capital,Tanzid Hasan,JP Kotze,JK Fuller,0,0,,,,,,"",""
ball,1,4.6,Dhaka Capital,Tanzid Hasan,JP Kotze,JK Fuller,0,0,,,,,,"",""
ball,1,4.7,Dhaka Capital,Tanzid Hasan,JP Kotze,JK Fuller,1,0,,,,,,"",""
ball,1,5.1,Dhaka Capital,Tanzid Hasan,JP Kotze,Faheem Ashraf,0,0,,,,,,caught,Tanzid Hasan
ball,1,5.2,Dhaka Capital,Sabbir Rahman,JP Kotze,Faheem Ashraf,0,1,1,,,,,"",""
ball,1,5.3,Dhaka Capital,Sabbir Rahman,JP Kotze,Faheem Ashraf,0,0,,,,,,"",""
ball,1,5.4,Dhaka Capital,Sabbir Rahman,JP Kotze,Faheem Ashraf,0,1,1,,,,,"",""
ball,1,5.5,Dhaka Capital,Sabbir Rahman,JP Kotze,Faheem Ashraf,0,0,,,,,,"",""
ball,1,5.6,Dhaka Capital,Sabbir Rahman,JP Kotze,Faheem Ashraf,0,0,,,,,,"",""
ball,1,5.7,Dhaka Capital,Sabbir Rahman,JP Kotze,Faheem Ashraf,2,0,,,,,,"",""
ball,1,5.8,Dhaka Capital,Sabbir Rahman,JP Kotze,Faheem Ashraf,4,0,,,,,,"",""
ball,1,6.1,Dhaka Capital,JP Kotze,Sabbir Rahman,Ebadat Hossain,0,0,,,,,,"",""
ball,1,6.2,Dhaka Capital,JP Kotze,Sabbir Rahman,Ebadat Hossain,0,0,,,,,,"",""
ball,1,6.3,Dhaka Capital,JP Kotze,Sabbir Rahman,Ebadat Hossain,0,4,,,,4,,"",""
ball,1,6.4,Dhaka Capital,JP Kotze,Sabbir Rahman,Ebadat Hossain,1,0,,,,,,"",""
ball,1,6.5,Dhaka Capital,Sabbir Rahman,JP Kotze,Ebadat Hossain,0,0,,,,,,"",""
ball,1,6.6,Dhaka Capital,Sabbir Rahman,JP Kotze,Ebadat Hossain,1,0,,,,,,"",""
ball,1,7.1,Dhaka Capital,Sabbir Rahman,JP Kotze,Mohammad Nabi,0,0,,,,,,"",""
ball,1,7.2,Dhaka Capital,Sabbir Rahman,JP Kotze,Mohammad Nabi,0,0,,,,,,caught,Sabbir Rahman
ball,1,7.3,Dhaka Capital,Mosaddek Hossain,JP Kotze,Mohammad Nabi,0,1,1,,,,,"",""
ball,1,7.4,Dhaka Capital,Mosaddek Hossain,JP Kotze,Mohammad Nabi,0,0,,,,,,"",""
ball,1,7.5,Dhaka Capital,Mosaddek Hossain,JP Kotze,Mohammad Nabi,0,0,,,,,,"",""
ball,1,7.6,Dhaka Capital,Mosaddek Hossain,JP Kotze,Mohammad Nabi,1,0,,,,,,"",""
ball,1,7.7,Dhaka Capital,JP Kotze,Mosaddek Hossain,Mohammad Nabi,0,0,,,,,,"",""
ball,1,8.1,Dhaka Capital,Mosaddek Hossain,JP Kotze,Tanvir Islam,0,0,,,,,,"",""
ball,1,8.2,Dhaka Capital,Mosaddek Hossain,JP Kotze,Tanvir Islam,1,0,,,,,,"",""
ball,1,8.3,Dhaka Capital,JP Kotze,Mosaddek Hossain,Tanvir Islam,0,0,,,,,,"",""
ball,1,8.4,Dhaka Capital,JP Kotze,Mosaddek Hossain,Tanvir Islam,0,0,,,,,,"",""
ball,1,8.5,Dhaka Capital,JP Kotze,Mosaddek Hossain,Tanvir Islam,1,0,,,,,,"",""
ball,1,8.6,Dhaka Capital,Mosaddek Hossain,JP Kotze,Tanvir Islam,0,0,,,,,,stumped,Mosaddek Hossain
ball,1,9.1,Dhaka Capital,JP Kotze,NLTC Perera,Ebadat Hossain,1,0,,,,,,"",""
ball,1,9.2,Dhaka Capital,NLTC Perera,JP Kotze,Ebadat Hossain,0,0,,,,,,"",""
ball,1,9.3,Dhaka Capital,NLTC Perera,JP Kotze,Ebadat Hossain,1,0,,,,,,"",""
ball,1,9.4,Dhaka Capital,JP Kotze,NLTC Perera,Ebadat Hossain,0,0,,,,,,"",""
ball,1,9.5,Dhaka Capital,JP Kotze,NLTC Perera,Ebadat Hossain,0,0,,,,,,"",""
ball,1,9.6,Dhaka Capital,JP Kotze,NLTC Perera,Ebadat Hossain,1,0,,,,,,"",""
ball,1,10.1,Dhaka Capital,JP Kotze,NLTC Perera,Mohammad Nabi,0,0,,,,,,stumped,JP Kotze
ball,1,10.2,Dhaka Capital,Nazmul Islam,NLTC Perera,Mohammad Nabi,0,0,,,,,,"",""
ball,1,10.3,Dhaka Capital,Nazmul Islam,NLTC Perera,Mohammad Nabi,0,0,,,,,,lbw,Nazmul Islam
ball,1,10.4,Dhaka Capital,RR Beaton,NLTC Perera,Mohammad Nabi,0,0,,,,,,"",""
ball,1,10.5,Dhaka Capital,RR Beaton,NLTC Perera,Mohammad Nabi,0,0,,,,,,"",""
ball,1,10.6,Dhaka Capital,RR Beaton,NLTC Perera,Mohammad Nabi,0,1,1,,,,,"",""
ball,1,10.7,Dhaka Capital,RR Beaton,NLTC Perera,Mohammad Nabi,0,0,,,,,,"",""
ball,1,11.1,Dhaka Capital,NLTC Perera,RR Beaton,JK Fuller,1,0,,,,,,"",""
ball,1,11.2,Dhaka Capital,RR Beaton,NLTC Perera,JK Fuller,4,0,,,,,,"",""
ball,1,11.3,Dhaka Capital,RR Beaton,NLTC Perera,JK Fuller,0,0,,,,,,"",""
ball,1,11.4,Dhaka Capital,RR Beaton,NLTC Perera,JK Fuller,4,0,,,,,,"",""
ball,1,11.5,Dhaka Capital,RR Beaton,NLTC Perera,JK Fuller,0,0,,,,,,"",""
ball,1,11.6,Dhaka Capital,RR Beaton,NLTC Perera,JK Fuller,1,0,,,,,,"",""
ball,1,12.1,Dhaka Capital,RR Beaton,NLTC Perera,Faheem Ashraf,0,0,,,,,,"",""
ball,1,12.2,Dhaka Capital,RR Beaton,NLTC Perera,Faheem Ashraf,0,1,1,,,,,"",""
ball,1,12.3,Dhaka Capital,RR Beaton,NLTC Perera,Faheem Ashraf,1,0,,,,,,"",""
ball,1,12.4,Dhaka Capital,NLTC Perera,RR Beaton,Faheem Ashraf,1,0,,,,,,"",""
ball,1,12.5,Dhaka Capital,RR Beaton,NLTC Perera,Faheem Ashraf,0,0,,,,,,"",""
ball,1,12.6,Dhaka Capital,RR Beaton,NLTC Perera,Faheem Ashraf,0,0,,,,,,bowled,RR Beaton
ball,1,12.7,Dhaka Capital,Mustafizur Rahman,NLTC Perera,Faheem Ashraf,0,0,,,,,,"",""
ball,1,13.1,Dhaka Capital,NLTC Perera,Mustafizur Rahman,Ebadat Hossain,6,0,,,,,,"",""
ball,1,13.2,Dhaka Capital,NLTC Perera,Mustafizur Rahman,Ebadat Hossain,0,0,,,,,,"",""
ball,1,13.3,Dhaka Capital,NLTC Perera,Mustafizur Rahman,Ebadat Hossain,1,0,,,,,,"",""
ball,1,13.4,Dhaka Capital,Mustafizur Rahman,NLTC Perera,Ebadat Hossain,1,0,,,,,,"",""
ball,1,13.5,Dhaka Capital,NLTC Perera,Mustafizur Rahman,Ebadat Hossain,1,0,,,,,,"",""
ball,1,13.6,Dhaka Capital,Mustafizur Rahman,NLTC Perera,Ebadat Hossain,1,0,,,,,,"",""
ball,1,14.1,Dhaka Capital,Mustafizur Rahman,NLTC Perera,JK Fuller,0,0,,,,,,"",""
ball,1,14.2,Dhaka Capital,Mustafizur Rahman,NLTC Perera,JK Fuller,0,0,,,,,,caught,Mustafizur Rahman
ball,1,14.3,Dhaka Capital,Mehedi Hasan Rana,NLTC Perera,JK Fuller,0,0,,,,,,"",""
ball,1,14.4,Dhaka Capital,Mehedi Hasan Rana,NLTC Perera,JK Fuller,4,0,,,,,,"",""
ball,1,14.5,Dhaka Capital,Mehedi Hasan Rana,NLTC Perera,JK Fuller,0,0,,,,,,"",""
ball,1,14.6,Dhaka Capital,Mehedi Hasan Rana,NLTC Perera,JK Fuller,0,0,,,,,,"",""
ball,1,15.1,Dhaka Capital,NLTC Perera,Mehedi Hasan Rana,Faheem Ashraf,4,0,,,,,,"",""
ball,1,15.2,Dhaka Capital,NLTC Perera,Mehedi Hasan Rana,Faheem Ashraf,0,0,,,,,,"",""
ball,1,15.3,Dhaka Capital,NLTC Perera,Mehedi Hasan Rana,Faheem Ashraf,0,0,,,,,,caught,NLTC Perera
ball,2,0.1,Fortune Barishal,Tamim Iqbal,Towhid Hridoy,Mustafizur Rahman,0,0,,,,,,"",""
ball,2,0.2,Fortune Barishal,Tamim Iqbal,Towhid Hridoy,Mustafizur Rahman,1,0,,,,,,"",""
ball,2,0.3,Fortune Barishal,Towhid Hridoy,Tamim Iqbal,Mustafizur Rahman,1,0,,,,,,"",""
ball,2,0.4,Fortune Barishal,Tamim Iqbal,Towhid Hridoy,Mustafizur Rahman,1,0,,,,,,"",""
ball,2,0.5,Fortune Barishal,Towhid Hridoy,Tamim Iqbal,Mustafizur Rahman,6,0,,,,,,"",""
ball,2,0.6,Fortune Barishal,Towhid Hridoy,Tamim Iqbal,Mustafizur Rahman,1,0,,,,,,"",""
ball,2,1.1,Fortune Barishal,Towhid Hridoy,Tamim Iqbal,Mehedi Hasan Rana,6,0,,,,,,"",""
ball,2,1.2,Fortune Barishal,Towhid Hridoy,Tamim Iqbal,Mehedi Hasan Rana,0,0,,,,,,"",""
ball,2,1.3,Fortune Barishal,Towhid Hridoy,Tamim Iqbal,Mehedi Hasan Rana,0,0,,,,,,"",""
ball,2,1.4,Fortune Barishal,Towhid Hridoy,Tamim Iqbal,Mehedi Hasan Rana,1,0,,,,,,"",""
ball,2,1.5,Fortune Barishal,Tamim Iqbal,Towhid Hridoy,Mehedi Hasan Rana,4,0,,,,,,"",""
ball,2,1.6,Fortune Barishal,Tamim Iqbal,Towhid Hridoy,Mehedi Hasan Rana,0,0,,,,,,"",""
ball,2,2.1,Fortune Barishal,Towhid Hridoy,Tamim Iqbal,Mustafizur Rahman,0,0,,,,,,"",""
ball,2,2.2,Fortune Barishal,Towhid Hridoy,Tamim Iqbal,Mustafizur Rahman,0,0,,,,,,caught,Towhid Hridoy
ball,2,2.3,Fortune Barishal,DJ Malan,Tamim Iqbal,Mustafizur Rahman,0,4,,,,4,,"",""
ball,2,2.4,Fortune Barishal,DJ Malan,Tamim Iqbal,Mustafizur Rahman,4,0,,,,,,"",""
ball,2,2.5,Fortune Barishal,DJ Malan,Tamim Iqbal,Mustafizur Rahman,0,0,,,,,,"",""
ball,2,2.6,Fortune Barishal,DJ Malan,Tamim Iqbal,Mustafizur Rahman,2,0,,,,,,"",""
ball,2,3.1,Fortune Barishal,Tamim Iqbal,DJ Malan,Mosaddek Hossain,0,0,,,,,,"",""
ball,2,3.2,Fortune Barishal,Tamim Iqbal,DJ Malan,Mosaddek Hossain,1,0,,,,,,"",""
ball,2,3.3,Fortune Barishal,DJ Malan,Tamim Iqbal,Mosaddek Hossain,1,0,,,,,,"",""
ball,2,3.4,Fortune Barishal,Tamim Iqbal,DJ Malan,Mosaddek Hossain,0,0,,,,,,"",""
ball,2,3.5,Fortune Barishal,Tamim Iqbal,DJ Malan,Mosaddek Hossain,4,0,,,,,,"",""
ball,2,3.6,Fortune Barishal,Tamim Iqbal,DJ Malan,Mosaddek Hossain,0,0,,,,,,"",""
ball,2,4.1,Fortune Barishal,DJ Malan,Tamim Iqbal,RR Beaton,0,0,,,,,,"",""
ball,2,4.2,Fortune Barishal,DJ Malan,Tamim Iqbal,RR Beaton,4,0,,,,,,"",""
ball,2,4.3,Fortune Barishal,DJ Malan,Tamim Iqbal,RR Beaton,6,0,,,,,,"",""
ball,2,4.4,Fortune Barishal,DJ Malan,Tamim Iqbal,RR Beaton,6,0,,,,,,"",""
ball,2,4.5,Fortune Barishal,DJ Malan,Tamim Iqbal,RR Beaton,4,0,,,,,,"",""
ball,2,4.6,Fortune Barishal,DJ Malan,Tamim Iqbal,RR Beaton,0,0,,,,,,"",""
ball,2,5.1,Fortune Barishal,Tamim Iqbal,DJ Malan,Mehedi Hasan Rana,4,0,,,,,,"",""
ball,2,5.2,Fortune Barishal,Tamim Iqbal,DJ Malan,Mehedi Hasan Rana,1,0,,,,,,"",""
ball,2,5.3,Fortune Barishal,DJ Malan,Tamim Iqbal,Mehedi Hasan Rana,1,0,,,,,,"",""
ball,2,5.4,Fortune Barishal,Tamim Iqbal,DJ Malan,Mehedi Hasan Rana,1,0,,,,,,"",""
ball,2,5.5,Fortune Barishal,DJ Malan,Tamim Iqbal,Mehedi Hasan Rana,1,0,,,,,,"",""
ball,2,5.6,Fortune Barishal,Tamim Iqbal,DJ Malan,Mehedi Hasan Rana,4,0,,,,,,"",""
ball,2,6.1,Fortune Barishal,DJ Malan,Tamim Iqbal,Nazmul Islam,4,0,,,,,,"",""
ball,2,6.2,Fortune Barishal,DJ Malan,Tamim Iqbal,Nazmul Islam,0,0,,,,,,"",""
ball,2,6.3,Fortune Barishal,DJ Malan,Tamim Iqbal,Nazmul Islam,4,0,,,,,,"",""
