version,1.7.0
info,balls_per_over,6
info,team,Khulna Tigers
info,team,Fortune Barishal
info,gender,male
info,season,2024/25
info,date,2025/01/27
info,event,Bangladesh Premier League
info,match_number,35
info,venue,"Shere Bangla National Stadium, Mirpur"
info,city,Dhaka
info,toss_winner,Fortune Barishal
info,toss_decision,field
info,player_of_match,DJ Malan
info,umpire,Mahfuzur Rahman
info,umpire,Sharfuddoula
info,reserve_umpire,Moniruzzaman
info,tv_umpire,Morshed Ali Khan
info,match_referee,Debabrata Paul
info,winner,Fortune Barishal
info,winner_wickets,5
info,player,Khulna Tigers,Mehedi Hasan Miraz
info,player,Khulna Tigers,Mohammad Naim
info,player,Khulna Tigers,AI Ross
info,player,Khulna Tigers,Afif Hossain
info,player,Khulna Tigers,WG Bosisto
info,player,Khulna Tigers,Mohammad Nawaz
info,player,Khulna Tigers,Mahidul Islam Ankon
info,player,Khulna Tigers,Abu Hider
info,player,Khulna Tigers,Nasum Ahmed
info,player,Khulna Tigers,Salman Irshad
info,player,Khulna Tigers,Hasan Mahmud
info,player,Fortune Barishal,Towhid Hridoy
info,player,Fortune Barishal,Tamim Iqbal
info,player,Fortune Barishal,DJ Malan
info,player,Fortune Barishal,Mushfiqur Rahim
info,player,Fortune Barishal,Mahmudullah
info,player,Fortune Barishal,Faheem Ashraf
info,player,Fortune Barishal,Mohammad Nabi
info,player,Fortune Barishal,JK Fuller
info,player,Fortune Barishal,Tanvir Islam
info,player,Fortune Barishal,Rishad Hossain
info,player,Fortune Barishal,Ebadat Hossain
info,registry,people,AI Ross,fb0d68b4
info,registry,people,Abu Hider,31803fac
info,registry,people,Afif Hossain,37138918
info,registry,people,DJ Malan,ad9c32a2
info,registry,people,Debabrata Paul,a77f51d0
info,registry,people,Ebadat Hossain,cb5100f1
info,registry,people,Faheem Ashraf,bd4ea627
info,registry,people,Hasan Mahmud,80ad39ac
info,registry,people,JK Fuller,dda5aae5
info,registry,people,Mahfuzur Rahman,3275b68b
info,registry,people,Mahidul Islam Ankon,dac6aabc
info,registry,people,Mahmudul Hasan Joy,4b51bd51
info,registry,people,Mahmudullah,bf1d7d3e
info,registry,people,Mehedi Hasan Miraz,c58b0108
info,registry,people,Mohammad Nabi,62af8546
info,registry,people,Mohammad Naim,7923a51d
info,registry,people,Mohammad Nawaz,3086f7a4
info,registry,people,Moniruzzaman,075e9f9c
info,registry,people,Morshed Ali Khan,a7c3cf5f
info,registry,people,Mushfiqur Rahim,a94e08ea
info,registry,people,Nasum Ahmed,37654b75
info,registry,people,Rishad Hossain,5935d694
info,registry,people,Salman Irshad,30afc92b
info,registry,people,Sharfuddoula,63896abb
info,registry,people,Tamim Iqbal,3b041a12
info,registry,people,Tanvir Islam,aa467af0
info,registry,people,Towhid Hridoy,9e52a414
info,registry,people,WG Bosisto,04ef663a
ball,1,0.1,Khulna Tigers,Mehedi Hasan Miraz,Mohammad Naim,JK Fuller,0,0,,,,,,"",""
ball,1,0.2,Khulna Tigers,Mehedi Hasan Miraz,Mohammad Naim,JK Fuller,1,0,,,,,,"",""
ball,1,0.3,Khulna Tigers,Mohammad Naim,Mehedi Hasan Miraz,JK Fuller,6,0,,,,,,"",""
ball,1,0.4,Khulna Tigers,Mohammad Naim,Mehedi Hasan Miraz,JK Fuller,1,0,,,,,,"",""
ball,1,0.5,Khulna Tigers,Mehedi Hasan Miraz,Mohammad Naim,JK Fuller,0,0,,,,,,"",""
ball,1,0.6,Khulna Tigers,Mehedi Hasan Miraz,Mohammad Naim,JK Fuller,2,0,,,,,,"",""
ball,1,1.1,Khulna Tigers,Mohammad Naim,Mehedi Hasan Miraz,Mohammad Nabi,1,0,,,,,,"",""
ball,1,1.2,Khulna Tigers,Mehedi Hasan Miraz,Mohammad Naim,Mohammad Nabi,1,0,,,,,,"",""
ball,1,1.3,Khulna Tigers,Mohammad Naim,Mehedi Hasan Miraz,Mohammad Nabi,0,0,,,,,,"",""
ball,1,1.4,Khulna Tigers,Mohammad Naim,Mehedi Hasan Miraz,Mohammad Nabi,0,0,,,,,,"",""
ball,1,1.5,Khulna Tigers,Mohammad Naim,Mehedi Hasan Miraz,Mohammad Nabi,0,0,,,,,,"",""
ball,1,1.6,Khulna Tigers,Mohammad Naim,Mehedi Hasan Miraz,Mohammad Nabi,1,0,,,,,,"",""
ball,1,2.1,Khulna Tigers,Mohammad Naim,Mehedi Hasan Miraz,Ebadat Hossain,2,0,,,,,,"",""
ball,1,2.2,Khulna Tigers,Mohammad Naim,Mehedi Hasan Miraz,Ebadat Hossain,0,0,,,,,,"",""
ball,1,2.3,Khulna Tigers,Mohammad Naim,Mehedi Hasan Miraz,Ebadat Hossain,0,0,,,,,,"",""
ball,1,2.4,Khulna Tigers,Mohammad Naim,Mehedi Hasan Miraz,Ebadat Hossain,1,0,,,,,,"",""
ball,1,2.5,Khulna Tigers,Mehedi Hasan Miraz,Mohammad Naim,Ebadat Hossain,0,0,,,,,,"",""
ball,1,2.6,Khulna Tigers,Mehedi Hasan Miraz,Mohammad Naim,Ebadat Hossain,0,0,,,,,,"",""
ball,1,3.1,Khulna Tigers,Mohammad Naim,Mehedi Hasan Miraz,Mohammad Nabi,1,0,,,,,,"",""
ball,1,3.2,Khulna Tigers,Mehedi Hasan Miraz,Mohammad Naim,Mohammad Nabi,4,0,,,,,,"",""
ball,1,3.3,Khulna Tigers,Mehedi Hasan Miraz,Mohammad Naim,Mohammad Nabi,6,0,,,,,,"",""
ball,1,3.4,Khulna Tigers,Mehedi Hasan Miraz,Mohammad Naim,Mohammad Nabi,1,0,,,,,,"",""
ball,1,3.5,Khulna Tigers,Mohammad Naim,Mehedi Hasan Miraz,Mohammad Nabi,0,0,,,,,,"",""
ball,1,3.6,Khulna Tigers,Mohammad Naim,Mehedi Hasan Miraz,Mohammad Nabi,2,0,,,,,,"",""
ball,1,4.1,Khulna Tigers,Mehedi Hasan Miraz,Mohammad Naim,Faheem Ashraf,0,1,1,,,,,"",""
ball,1,4.2,Khulna Tigers,Mehedi Hasan Miraz,Mohammad Naim,Faheem Ashraf,6,0,,,,,,"",""
ball,1,4.3,Khulna Tigers,Mehedi Hasan Miraz,Mohammad Naim,Faheem Ashraf,6,0,,,,,,"",""
ball,1,4.4,Khulna Tigers,Mehedi Hasan Miraz,Mohammad Naim,Faheem Ashraf,0,0,,,,,,"",""
ball,1,4.5,Khulna Tigers,Mehedi Hasan Miraz,Mohammad Naim,Faheem Ashraf,0,0,,,,,,"",""
ball,1,4.6,Khulna Tigers,Mehedi Hasan Miraz,Mohammad Naim,Faheem Ashraf,0,0,,,,,,"",""
ball,1,4.7,Khulna Tigers,Mehedi Hasan Miraz,Mohammad Naim,Faheem Ashraf,2,0,,,,,,"",""
ball,1,5.1,Khulna Tigers,Mohammad Naim,Mehedi Hasan Miraz,Ebadat Hossain,1,0,,,,,,"",""
ball,1,5.2,Khulna Tigers,Mehedi Hasan Miraz,Mohammad Naim,Ebadat Hossain,0,0,,,,,,"",""
ball,1,5.3,Khulna Tigers,Mehedi Hasan Miraz,Mohammad Naim,Ebadat Hossain,0,1,1,,,,,"",""
ball,1,5.4,Khulna Tigers,Mehedi Hasan Miraz,Mohammad Naim,Ebadat Hossain,0,0,,,,,,bowled,Mehedi Hasan Miraz
ball,1,5.5,Khulna Tigers,AI Ross,Mohammad Naim,Ebadat Hossain,1,0,,,,,,"",""
ball,1,5.6,Khulna Tigers,Mohammad Naim,AI Ross,Ebadat Hossain,4,0,,,,,,"",""
ball,1,5.7,Khulna Tigers,Mohammad Naim,AI Ross,Ebadat Hossain,4,0,,,,,,"",""
ball,1,6.1,Khulna Tigers,AI Ross,Mohammad Naim,Tanvir Islam,0,0,,,,,,"",""
ball,1,6.2,Khulna Tigers,AI Ross,Mohammad Naim,Tanvir Islam,6,0,,,,,,"",""
ball,1,6.3,Khulna Tigers,AI Ross,Mohammad Naim,Tanvir Islam,4,0,,,,,,"",""
ball,1,6.4,Khulna Tigers,AI Ross,Mohammad Naim,Tanvir Islam,4,0,,,,,,"",""
ball,1,6.5,Khulna Tigers,AI Ross,Mohammad Naim,Tanvir Islam,1,0,,,,,,"",""
ball,1,6.6,Khulna Tigers,Mohammad Naim,AI Ross,Tanvir Islam,1,0,,,,,,"",""
ball,1,7.1,Khulna Tigers,Mohammad Naim,AI Ross,JK Fuller,4,0,,,,,,"",""
ball,1,7.2,Khulna Tigers,Mohammad Naim,AI Ross,JK Fuller,4,0,,,,,,"",""
ball,1,7.3,Khulna Tigers,Mohammad Naim,AI Ross,JK Fuller,1,0,,,,,,"",""
ball,1,7.4,Khulna Tigers,AI Ross,Mohammad Naim,JK Fuller,1,0,,,,,,"",""
ball,1,7.5,Khulna Tigers,Mohammad Naim,AI Ross,JK Fuller,1,0,,,,,,"",""
ball,1,7.6,Khulna Tigers,AI Ross,Mohammad Naim,JK Fuller,0,0,,,,,,"",""
ball,1,8.1,Khulna Tigers,Mohammad Naim,AI Ross,Faheem Ashraf,0,0,,,,,,"",""
ball,1,8.2,Khulna Tigers,Mohammad Naim,AI Ross,Faheem Ashraf,6,0,,,,,,"",""
ball,1,8.3,Khulna Tigers,Mohammad Naim,AI Ross,Faheem Ashraf,4,0,,,,,,"",""
ball,1,8.4,Khulna Tigers,Mohammad Naim,AI Ross,Faheem Ashraf,6,0,,,,,,"",""
ball,1,8.5,Khulna Tigers,Mohammad Naim,AI Ross,Faheem Ashraf,0,0,,,,,,caught,Mohammad Naim
ball,1,8.6,Khulna Tigers,Afif Hossain,AI Ross,Faheem Ashraf,0,0,,,,,,"",""
ball,1,9.1,Khulna Tigers,AI Ross,Afif Hossain,Mohammad Nabi,1,0,,,,,,"",""
ball,1,9.2,Khulna Tigers,Afif Hossain,AI Ross,Mohammad Nabi,0,0,,,,,,"",""
ball,1,9.3,Khulna Tigers,Afif Hossain,AI Ross,Mohammad Nabi,0,0,,,,,,"",""
ball,1,9.4,Khulna Tigers,Afif Hossain,AI Ross,Mohammad Nabi,2,0,,,,,,"",""
ball,1,9.5,Khulna Tigers,Afif Hossain,AI Ross,Mohammad Nabi,0,0,,,,,,"",""
ball,1,9.6,Khulna Tigers,Afif Hossain,AI Ross,Mohammad Nabi,0,0,,,,,,"",""
ball,1,10.1,Khulna Tigers,AI Ross,Afif Hossain,Rishad Hossain,0,0,,,,,,"",""
ball,1,10.2,Khulna Tigers,AI Ross,Afif Hossain,Rishad Hossain,1,0,,,,,,"",""
ball,1,10.3,Khulna Tigers,Afif Hossain,AI Ross,Rishad Hossain,4,0,,,,,,"",""
ball,1,10.4,Khulna Tigers,Afif Hossain,AI Ross,Rishad Hossain,1,0,,,,,,"",""
ball,1,10.5,Khulna Tigers,AI Ross,Afif Hossain,Rishad Hossain,0,0,,,,,,"",""
ball,1,10.6,Khulna Tigers,AI Ross,Afif Hossain,Rishad Hossain,0,0,,,,,,"",""
ball,1,11.1,Khulna Tigers,Afif Hossain,AI Ross,Mohammad Nabi,0,0,,,,,,"",""
ball,1,11.2,Khulna Tigers,Afif Hossain,AI Ross,Mohammad Nabi,0,0,,,,,,"",""
ball,1,11.3,Khulna Tigers,Afif Hossain,AI Ross,Mohammad Nabi,0,1,,,,1,,"",""
ball,1,11.4,Khulna Tigers,AI Ross,Afif Hossain,Mohammad Nabi,1,0,,,,,,"",""
ball,1,11.5,Khulna Tigers,Afif Hossain,AI Ross,Mohammad Nabi,1,0,,,,,,"",""
ball,1,11.6,Khulna Tigers,AI Ross,Afif Hossain,Mohammad Nabi,0,0,,,,,,bowled,AI Ross
ball,1,12.1,Khulna Tigers,Afif Hossain,WG Bosisto,Rishad Hossain,1,0,,,,,,"",""
ball,1,12.2,Khulna Tigers,WG Bosisto,Afif Hossain,Rishad Hossain,1,0,,,,,,"",""
ball,1,12.3,Khulna Tigers,Afif Hossain,WG Bosisto,Rishad Hossain,0,0,,,,,,"",""
ball,1,12.4,Khulna Tigers,Afif Hossain,WG Bosisto,Rishad Hossain,6,0,,,,,,"",""
ball,1,12.5,Khulna Tigers,Afif Hossain,WG Bosisto,Rishad Hossain,1,0,,,,,,"",""
ball,1,12.6,Khulna Tigers,WG Bosisto,Afif Hossain,Rishad Hossain,0,0,,,,,,"",""
ball,1,13.1,Khulna Tigers,Afif Hossain,WG Bosisto,Ebadat Hossain,1,0,,,,,,"",""
ball,1,13.2,Khulna Tigers,WG Bosisto,Afif Hossain,Ebadat Hossain,4,0,,,,,,"",""
ball,1,13.3,Khulna Tigers,WG Bosisto,Afif Hossain,Ebadat Hossain,2,0,,,,,,"",""
ball,1,13.4,Khulna Tigers,WG Bosisto,Afif Hossain,Ebadat Hossain,1,0,,,,,,"",""
ball,1,13.5,Khulna Tigers,Afif Hossain,WG Bosisto,Ebadat Hossain,6,0,,,,,,"",""
ball,1,13.6,Khulna Tigers,Afif Hossain,WG Bosisto,Ebadat Hossain,1,0,,,,,,"",""
ball,1,14.1,Khulna Tigers,Afif Hossain,WG Bosisto,Rishad Hossain,1,0,,,,,,"",""
ball,1,14.2,Khulna Tigers,WG Bosisto,Afif Hossain,Rishad Hossain,1,0,,,,,,"",""
ball,1,14.3,Khulna Tigers,Afif Hossain,WG Bosisto,Rishad Hossain,0,0,,,,,,"",""
ball,1,14.4,Khulna Tigers,Afif Hossain,WG Bosisto,Rishad Hossain,0,0,,,,,,"",""
ball,1,14.5,Khulna Tigers,Afif Hossain,WG Bosisto,Rishad Hossain,0,0,,,,,,"",""
ball,1,14.6,Khulna Tigers,Afif Hossain,WG Bosisto,Rishad Hossain,1,0,,,,,,"",""
ball,1,15.1,Khulna Tigers,Afif Hossain,WG Bosisto,Faheem Ashraf,2,0,,,,,,"",""
ball,1,15.2,Khulna Tigers,Afif Hossain,WG Bosisto,Faheem Ashraf,4,0,,,,,,"",""
ball,1,15.3,Khulna Tigers,Afif Hossain,WG Bosisto,Faheem Ashraf,0,0,,,,,,caught,Afif Hossain
ball,1,15.4,Khulna Tigers,Mohammad Nawaz,WG Bosisto,Faheem Ashraf,0,0,,,,,,"",""
ball,1,15.5,Khulna Tigers,Mohammad Nawaz,WG Bosisto,Faheem Ashraf,1,0,,,,,,"",""
ball,1,15.6,Khulna Tigers,WG Bosisto,Mohammad Nawaz,Faheem Ashraf,1,0,,,,,,"",""
ball,1,16.1,Khulna Tigers,WG Bosisto,Mohammad Nawaz,Rishad Hossain,0,0,,,,,,"",""
ball,1,16.2,Khulna Tigers,WG Bosisto,Mohammad Nawaz,Rishad Hossain,0,0,,,,,,"",""
ball,1,16.3,Khulna Tigers,WG Bosisto,Mohammad Nawaz,Rishad Hossain,1,0,,,,,,"",""
ball,1,16.4,Khulna Tigers,Mohammad Nawaz,WG Bosisto,Rishad Hossain,1,0,,,,,,"",""
ball,1,16.5,Khulna Tigers,WG Bosisto,Mohammad Nawaz,Rishad Hossain,0,0,,,,,,"",""
ball,1,16.6,Khulna Tigers,WG Bosisto,Mohammad Nawaz,Rishad Hossain,2,0,,,,,,"",""
ball,1,17.1,Khulna Tigers,Mohammad Nawaz,WG Bosisto,JK Fuller,0,0,,,,,,"",""
ball,1,17.2,Khulna Tigers,Mohammad Nawaz,WG Bosisto,JK Fuller,0,0,,,,,,"",""
ball,1,17.3,Khulna Tigers,Mohammad Nawaz,WG Bosisto,JK Fuller,0,0,,,,,,caught,Mohammad Nawaz
ball,1,17.4,Khulna Tigers,Mahidul Islam Ankon,WG Bosisto,JK Fuller,0,0,,,,,,"",""
ball,1,17.5,Khulna Tigers,Mahidul Islam Ankon,WG Bosisto,JK Fuller,0,0,,,,,,"",""
ball,1,17.6,Khulna Tigers,Mahidul Islam Ankon,WG Bosisto,JK Fuller,4,1,,1,,,,"",""
ball,1,17.7,Khulna Tigers,Mahidul Islam Ankon,WG Bosisto,JK Fuller,6,0,,,,,,"",""
ball,1,18.1,Khulna Tigers,WG Bosisto,Mahidul Islam Ankon,Faheem Ashraf,0,0,,,,,,"",""
ball,1,18.2,Khulna Tigers,WG Bosisto,Mahidul Islam Ankon,Faheem Ashraf,4,0,,,,,,"",""
ball,1,18.3,Khulna Tigers,WG Bosisto,Mahidul Islam Ankon,Faheem Ashraf,1,0,,,,,,"",""
ball,1,18.4,Khulna Tigers,Mahidul Islam Ankon,WG Bosisto,Faheem Ashraf,0,0,,,,,,"",""
ball,1,18.5,Khulna Tigers,Mahidul Islam Ankon,WG Bosisto,Faheem Ashraf,4,0,,,,,,"",""
ball,1,18.6,Khulna Tigers,Mahidul Islam Ankon,WG Bosisto,Faheem Ashraf,1,0,,,,,,"",""
ball,1,19.1,Khulna Tigers,Mahidul Islam Ankon,WG Bosisto,Ebadat Hossain,6,0,,,,,,"",""
ball,1,19.2,Khulna Tigers,Mahidul Islam Ankon,WG Bosisto,Ebadat Hossain,6,0,,,,,,"",""
ball,1,19.3,Khulna Tigers,Mahidul Islam Ankon,WG Bosisto,Ebadat Hossain,0,0,,,,,,"",""
ball,1,19.4,Khulna Tigers,Mahidul Islam Ankon,WG Bosisto,Ebadat Hossain,0,0,,,,,,"",""
ball,1,19.5,Khulna Tigers,Mahidul Islam Ankon,WG Bosisto,Ebadat Hossain,0,0,,,,,,"",""
ball,1,19.6,Khulna Tigers,Mahidul Islam Ankon,WG Bosisto,Ebadat Hossain,0,2,2,,,,,"",""
ball,1,19.7,Khulna Tigers,WG Bosisto,Mahidul Islam Ankon,Ebadat Hossain,2,0,,,,,,"",""
ball,2,0.1,Fortune Barishal,Towhid Hridoy,Tamim Iqbal,Mehedi Hasan Miraz,0,0,,,,,,"",""
ball,2,0.2,Fortune Barishal,Towhid Hridoy,Tamim Iqbal,Mehedi Hasan Miraz,0,0,,,,,,"",""
ball,2,0.3,Fortune Barishal,Towhid Hridoy,Tamim Iqbal,Mehedi Hasan Miraz,4,0,,,,,,"",""
ball,2,0.4,Fortune Barishal,Towhid Hridoy,Tamim Iqbal,Mehedi Hasan Miraz,1,0,,,,,,"",""
ball,2,0.5,Fortune Barishal,Tamim Iqbal,Towhid Hridoy,Mehedi Hasan Miraz,0,0,,,,,,"",""
ball,2,0.6,Fortune Barishal,Tamim Iqbal,Towhid Hridoy,Mehedi Hasan Miraz,0,0,,,,,,"",""
ball,2,1.1,Fortune Barishal,Towhid Hridoy,Tamim Iqbal,Abu Hider,0,0,,,,,,"",""
ball,2,1.2,Fortune Barishal,Towhid Hridoy,Tamim Iqbal,Abu Hider,6,0,,,,,,"",""
ball,2,1.3,Fortune Barishal,Towhid Hridoy,Tamim Iqbal,Abu Hider,0,0,,,,,,lbw,Towhid Hridoy
ball,2,1.4,Fortune Barishal,DJ Malan,Tamim Iqbal,Abu Hider,1,0,,,,,,"",""
ball,2,1.5,Fortune Barishal,Tamim Iqbal,DJ Malan,Abu Hider,0,0,,,,,,"",""
ball,2,1.6,Fortune Barishal,Tamim Iqbal,DJ Malan,Abu Hider,6,0,,,,,,"",""
ball,2,2.1,Fortune Barishal,DJ Malan,Tamim Iqbal,Mehedi Hasan Miraz,4,0,,,,,,"",""
ball,2,2.2,Fortune Barishal,DJ Malan,Tamim Iqbal,Mehedi Hasan Miraz,0,0,,,,,,"",""
ball,2,2.3,Fortune Barishal,DJ Malan,Tamim Iqbal,Mehedi Hasan Miraz,4,0,,,,,,"",""
ball,2,2.4,Fortune Barishal,DJ Malan,Tamim Iqbal,Mehedi Hasan Miraz,0,0,,,,,,"",""
ball,2,2.5,Fortune Barishal,DJ Malan,Tamim Iqbal,Mehedi Hasan Miraz,0,0,,,,,,"",""
ball,2,2.6,Fortune Barishal,DJ Malan,Tamim Iqbal,Mehedi Hasan Miraz,0,0,,,,,,"",""
ball,2,3.1,Fortune Barishal,Tamim Iqbal,DJ Malan,Abu Hider,1,0,,,,,,"",""
ball,2,3.2,Fortune Barishal,DJ Malan,Tamim Iqbal,Abu Hider,0,0,,,,,,"",""
ball,2,3.3,Fortune Barishal,DJ Malan,Tamim Iqbal,Abu Hider,1,0,,,,,,"",""
ball,2,3.4,Fortune Barishal,Tamim Iqbal,DJ Malan,Abu Hider,0,1,,,,1,,"",""
ball,2,3.5,Fortune Barishal,DJ Malan,Tamim Iqbal,Abu Hider,4,0,,,,,,"",""
ball,2,3.6,Fortune Barishal,DJ Malan,Tamim Iqbal,Abu Hider,0,1,1,,,,,"",""
ball,2,3.7,Fortune Barishal,DJ Malan,Tamim Iqbal,Abu Hider,4,0,,,,,,"",""
ball,2,4.1,Fortune Barishal,Tamim Iqbal,DJ Malan,Hasan Mahmud,0,1,,,,1,,"",""
ball,2,4.2,Fortune Barishal,DJ Malan,Tamim Iqbal,Hasan Mahmud,0,0,,,,,,"",""
ball,2,4.3,Fortune Barishal,DJ Malan,Tamim Iqbal,Hasan Mahmud,4,0,,,,,,"",""
ball,2,4.4,Fortune Barishal,DJ Malan,Tamim Iqbal,Hasan Mahmud,0,0,,,,,,"",""
ball,2,4.5,Fortune Barishal,DJ Malan,Tamim Iqbal,Hasan Mahmud,6,0,,,,,,"",""
ball,2,4.6,Fortune Barishal,DJ Malan,Tamim Iqbal,Hasan Mahmud,0,0,,,,,,"",""
ball,2,5.1,Fortune Barishal,Tamim Iqbal,DJ Malan,Mehedi Hasan Miraz,0,0,,,,,,"",""
ball,2,5.2,Fortune Barishal,Tamim Iqbal,DJ Malan,Mehedi Hasan Miraz,4,0,,,,,,"",""
ball,2,5.3,Fortune Barishal,Tamim Iqbal,DJ Malan,Mehedi Hasan Miraz,0,0,,,,,,"",""
ball,2,5.4,Fortune Barishal,Tamim Iqbal,DJ Malan,Mehedi Hasan Miraz,1,0,,,,,,"",""
ball,2,5.5,Fortune Barishal,DJ Malan,Tamim Iqbal,Mehedi Hasan Miraz,1,0,,,,,,"",""
ball,2,5.6,Fortune Barishal,Tamim Iqbal,DJ Malan,Mehedi Hasan Miraz,1,0,,,,,,"",""
ball,2,6.1,Fortune Barishal,Tamim Iqbal,DJ Malan,WG Bosisto,1,0,,,,,,"",""
ball,2,6.2,Fortune Barishal,DJ Malan,Tamim Iqbal,WG Bosisto,1,0,,,,,,"",""
ball,2,6.3,Fortune Barishal,Tamim Iqbal,DJ Malan,WG Bosisto,1,0,,,,,,"",""
ball,2,6.4,Fortune Barishal,DJ Malan,Tamim Iqbal,WG Bosisto,1,0,,,,,,"",""
ball,2,6.5,Fortune Barishal,Tamim Iqbal,DJ Malan,WG Bosisto,1,0,,,,,,"",""
ball,2,6.6,Fortune Barishal,DJ Malan,Tamim Iqbal,WG Bosisto,0,0,,,,,,"",""
ball,2,7.1,Fortune Barishal,Tamim Iqbal,DJ Malan,Mehedi Hasan Miraz,1,0,,,,,,"",""
ball,2,7.2,Fortune Barishal,DJ Malan,Tamim Iqbal,Mehedi Hasan Miraz,0,0,,,,,,"",""
ball,2,7.3,Fortune Barishal,DJ Malan,Tamim Iqbal,Mehedi Hasan Miraz,0,0,,,,,,"",""
ball,2,7.4,Fortune Barishal,DJ Malan,Tamim Iqbal,Mehedi Hasan Miraz,6,0,,,,,,"",""
ball,2,7.5,Fortune Barishal,DJ Malan,Tamim Iqbal,Mehedi Hasan Miraz,1,0,,,,,,"",""
ball,2,7.6,Fortune Barishal,Tamim Iqbal,DJ Malan,Mehedi Hasan Miraz,1,0,,,,,,"",""
ball,2,8.1,Fortune Barishal,Tamim Iqbal,DJ Malan,Salman Irshad,0,0,,,,,,"",""
ball,2,8.2,Fortune Barishal,Tamim Iqbal,DJ Malan,Salman Irshad,1,0,,,,,,"",""
ball,2,8.3,Fortune Barishal,DJ Malan,Tamim Iqbal,Salman Irshad,4,0,,,,,,"",""
ball,2,8.4,Fortune Barishal,DJ Malan,Tamim Iqbal,Salman Irshad,1,0,,,,,,"",""
ball,2,8.5,Fortune Barishal,Tamim Iqbal,DJ Malan,Salman Irshad,6,0,,,,,,"",""
ball,2,8.6,Fortune Barishal,Tamim Iqbal,DJ Malan,Salman Irshad,0,0,,,,,,"",""
ball,2,9.1,Fortune Barishal,DJ Malan,Tamim Iqbal,Hasan Mahmud,1,0,,,,,,"",""
ball,2,9.2,Fortune Barishal,Tamim Iqbal,DJ Malan,Hasan Mahmud,1,0,,,,,,"",""
ball,2,9.3,Fortune Barishal,DJ Malan,Tamim Iqbal,Hasan Mahmud,4,0,,,,,,"",""
ball,2,9.4,Fortune Barishal,DJ Malan,Tamim Iqbal,Hasan Mahmud,2,0,,,,,,"",""
ball,2,9.5,Fortune Barishal,DJ Malan,Tamim Iqbal,Hasan Mahmud,0,0,,,,,,"",""
ball,2,9.6,Fortune Barishal,DJ Malan,Tamim Iqbal,Hasan Mahmud,6,0,,,,,,"",""
ball,2,10.1,Fortune Barishal,Tamim Iqbal,DJ Malan,Salman Irshad,1,0,,,,,,"",""
ball,2,10.2,Fortune Barishal,DJ Malan,Tamim Iqbal,Salman Irshad,4,0,,,,,,"",""
ball,2,10.3,Fortune Barishal,DJ Malan,Tamim Iqbal,Salman Irshad,1,0,,,,,,"",""
ball,2,10.4,Fortune Barishal,Tamim Iqbal,DJ Malan,Salman Irshad,0,0,,,,,,"",""
ball,2,10.5,Fortune Barishal,Tamim Iqbal,DJ Malan,Salman Irshad,0,0,,,,,,caught,Tamim Iqbal
ball,2,10.6,Fortune Barishal,Mushfiqur Rahim,DJ Malan,Salman Irshad,2,0,,,,,,"",""
ball,2,11.1,Fortune Barishal,DJ Malan,Mushfiqur Rahim,Nasum Ahmed,0,0,,,,,,"",""
ball,2,11.2,Fortune Barishal,DJ Malan,Mushfiqur Rahim,Nasum Ahmed,1,0,,,,,,"",""
ball,2,11.3,Fortune Barishal,Mushfiqur Rahim,DJ Malan,Nasum Ahmed,6,0,,,,,,"",""
ball,2,11.4,Fortune Barishal,Mushfiqur Rahim,DJ Malan,Nasum Ahmed,1,0,,,,,,"",""
ball,2,11.5,Fortune Barishal,DJ Malan,Mushfiqur Rahim,Nasum Ahmed,1,0,,,,,,"",""
ball,2,11.6,Fortune Barishal,Mushfiqur Rahim,DJ Malan,Nasum Ahmed,1,0,,,,,,"",""
ball,2,12.1,Fortune Barishal,Mushfiqur Rahim,DJ Malan,Afif Hossain,6,0,,,,,,"",""
ball,2,12.2,Fortune Barishal,Mushfiqur Rahim,DJ Malan,Afif Hossain,1,0,,,,,,"",""
ball,2,12.3,Fortune Barishal,DJ Malan,Mushfiqur Rahim,Afif Hossain,0,0,,,,,,caught,DJ Malan
ball,2,12.4,Fortune Barishal,Mahmudullah,Mushfiqur Rahim,Afif Hossain,4,0,,,,,,"",""
ball,2,12.5,Fortune Barishal,Mahmudullah,Mushfiqur Rahim,Afif Hossain,1,0,,,,,,"",""
ball,2,12.6,Fortune Barishal,Mushfiqur Rahim,Mahmudullah,Afif Hossain,1,0,,,,,,"",""
ball,2,13.1,Fortune Barishal,Mushfiqur Rahim,Mahmudullah,Mohammad Nawaz,0,0,,,,,,"",""
ball,2,13.2,Fortune Barishal,Mushfiqur Rahim,Mahmudullah,Mohammad Nawaz,0,0,,,,,,"",""
ball,2,13.3,Fortune Barishal,Mushfiqur Rahim,Mahmudullah,Mohammad Nawaz,1,0,,,,,,"",""
ball,2,13.4,Fortune Barishal,Mahmudullah,Mushfiqur Rahim,Mohammad Nawaz,0,0,,,,,,"",""
ball,2,13.5,Fortune Barishal,Mahmudullah,Mushfiqur Rahim,Mohammad Nawaz,1,0,,,,,,"",""
ball,2,13.6,Fortune Barishal,Mushfiqur Rahim,Mahmudullah,Mohammad Nawaz,1,0,,,,,,"",""
ball,2,14.1,Fortune Barishal,Mushfiqur Rahim,Mahmudullah,Nasum Ahmed,1,0,,,,,,"",""
ball,2,14.2,Fortune Barishal,Mahmudullah,Mushfiqur Rahim,Nasum Ahmed,1,0,,,,,,"",""
ball,2,14.3,Fortune Barishal,Mushfiqur Rahim,Mahmudullah,Nasum Ahmed,1,0,,,,,,"",""
ball,2,14.4,Fortune Barishal,Mahmudullah,Mushfiqur Rahim,Nasum Ahmed,1,0,,,,,,"",""
ball,2,14.5,Fortune Barishal,Mushfiqur Rahim,Mahmudullah,Nasum Ahmed,1,0,,,,,,"",""
ball,2,14.6,Fortune Barishal,Mahmudullah,Mushfiqur Rahim,Nasum Ahmed,1,0,,,,,,"",""
ball,2,15.1,Fortune Barishal,Mahmudullah,Mushfiqur Rahim,Mohammad Nawaz,6,0,,,,,,"",""
ball,2,15.2,Fortune Barishal,Mahmudullah,Mushfiqur Rahim,Mohammad Nawaz,0,0,,,,,,"",""
ball,2,15.3,Fortune Barishal,Mahmudullah,Mushfiqur Rahim,Mohammad Nawaz,6,0,,,,,,"",""
ball,2,15.4,Fortune Barishal,Mahmudullah,Mushfiqur Rahim,Mohammad Nawaz,1,0,,,,,,"",""
ball,2,15.5,Fortune Barishal,Mushfiqur Rahim,Mahmudullah,Mohammad Nawaz,1,0,,,,,,"",""
ball,2,15.6,Fortune Barishal,Mahmudullah,Mushfiqur Rahim,Mohammad Nawaz,1,0,,,,,,"",""
ball,2,16.1,Fortune Barishal,Mahmudullah,Mushfiqur Rahim,Salman Irshad,1,0,,,,,,"",""
ball,2,16.2,Fortune Barishal,Mushfiqur Rahim,Mahmudullah,Salman Irshad,0,0,,,,,,run out,Mahmudullah
ball,2,16.3,Fortune Barishal,Mushfiqur Rahim,Faheem Ashraf,Abu Hider,0,0,,,,,,caught,Mushfiqur Rahim
ball,2,16.4,Fortune Barishal,Mohammad Nabi,Faheem Ashraf,Abu Hider,1,0,,,,,,"",""
ball,2,16.5,Fortune Barishal,Faheem Ashraf,Mohammad Nabi,Abu Hider,4,0,,,,,,"",""
ball,2,16.6,Fortune Barishal,Faheem Ashraf,Mohammad Nabi,Abu Hider,6,0,,,,,,"",""
ball,2,17.1,Fortune Barishal,Mohammad Nabi,Faheem Ashraf,Hasan Mahmud,0,1,1,,,,,"",""
ball,2,17.2,Fortune Barishal,Mohammad Nabi,Faheem Ashraf,Hasan Mahmud,0,1,1,,,,,"",""
ball,2,17.3,Fortune Barishal,Mohammad Nabi,Faheem Ashraf,Hasan Mahmud,1,0,,,,,,"",""
ball,2,17.4,Fortune Barishal,Faheem Ashraf,Mohammad Nabi,Hasan Mahmud,1,0,,,,,,"",""
ball,2,17.5,Fortune Barishal,Mohammad Nabi,Faheem Ashraf,Hasan Mahmud,0,0,,,,,,"",""
ball,2,17.6,Fortune Barishal,Mohammad Nabi,Faheem Ashraf,Hasan Mahmud,1,0,,,,,,"",""
ball,2,17.7,Fortune Barishal,Faheem Ashraf,Mohammad Nabi,Hasan Mahmud,0,1,,,,1,,"",""
ball,2,17.8,Fortune Barishal,Mohammad Nabi,Faheem Ashraf,Hasan Mahmud,6,0,,,,,,"",""
ball,2,18.1,Fortune Barishal,Faheem Ashraf,Mohammad Nabi,Nasum Ahmed,6,0,,,,,,"",""
ball,2,18.2,Fortune Barishal,Faheem Ashraf,Mohammad Nabi,Nasum Ahmed,1,0,,,,,,"",""
ball,2,18.3,Fortune Barishal,Mohammad Nabi,Faheem Ashraf,Nasum Ahmed,2,0,,,,,,"",""
ball,2,18.4,Fortune Barishal,Mohammad Nabi,Faheem Ashraf,Nasum Ahmed,0,0,,,,,,"",""
ball,2,18.5,Fortune Barishal,Mohammad Nabi,Faheem Ashraf,Nasum Ahmed,2,0,,,,,,"",""
ball,2,18.6,Fortune Barishal,Mohammad Nabi,Faheem Ashraf,Nasum Ahmed,1,0,,,,,,"",""
ball,2,19.1,Fortune Barishal,Mohammad Nabi,Faheem Ashraf,Hasan Mahmud,1,0,,,,,,"",""
