version,1.7.0
info,balls_per_over,6
info,team,Dubai Capitals
info,team,Sharjah Warriorz
info,gender,male
info,season,2024/25
info,date,2025/01/28
info,event,International League T20
info,match_number,23
info,venue,Dubai International Cricket Stadium
info,city,Dubai
info,toss_winner,Sharjah Warriorz
info,toss_decision,field
info,player_of_match,A Zampa
info,umpire,Akbar Ali
info,umpire,MJ Saggers
info,reserve_umpire,Aasif Iqbal
info,tv_umpire,P Wilson
info,match_referee,RS Mahanama
info,winner,Sharjah Warriorz
info,winner_wickets,9
info,player,Dubai Capitals,AM Rossington
info,player,Dubai Capitals,SD Hope
info,player,Dubai Capitals,Gulbadin Naib
info,player,Dubai Capitals,Sikandar Raza
info,player,Dubai Capitals,Najibullah Zadran
info,player,Dubai Capitals,Khalid Shah
info,player,Dubai Capitals,MD Shanaka
info,player,Dubai Capitals,R Powell
info,player,Dubai Capitals,PVD Chameera
info,player,Dubai Capitals,Haider Ali
info,player,Dubai Capitals,OC McCoy
info,player,Dubai Capitals,Zahir Khan
info,player,Sharjah Warriorz,T Kohler-Cadmore
info,player,Sharjah Warriorz,J Charles
info,player,Sharjah Warriorz,WIA Fernando
info,player,Sharjah Warriorz,JJ Roy
info,player,Sharjah Warriorz,TL Seifert
info,player,Sharjah Warriorz,Ethan D'Souza
info,player,Sharjah Warriorz,AC Agar
info,player,Sharjah Warriorz,Rohan Mustafa
info,player,Sharjah Warriorz,TG Southee
info,player,Sharjah Warriorz,D Madushanka
info,player,Sharjah Warriorz,A Zampa
info,player,Sharjah Warriorz,AF Milne
info,registry,people,A Zampa,14f96089
info,registry,people,AC Agar,a2421394
info,registry,people,AF Milne,350bb1b1
info,registry,people,AM Rossington,7bcde3fe
info,registry,people,Aasif Iqbal,42c41e1a
info,registry,people,Akbar Ali,e753931d
info,registry,people,D Madushanka,de7d833e
info,registry,people,Ethan D'Souza,31ca7a9c
info,registry,people,Gulbadin Naib,9f77963a
info,registry,people,Haider Ali,dd572696
info,registry,people,J Charles,09a9d073
info,registry,people,JJ Roy,d1c36f5c
info,registry,people,Khalid Shah,9e432a38
info,registry,people,MD Shanaka,3ff033bb
info,registry,people,MJ Saggers,402d5937
info,registry,people,Najibullah Zadran,1212cbec
info,registry,people,OC McCoy,529eb9e0
info,registry,people,P Wilson,68304a36
info,registry,people,PVD Chameera,327b58d3
info,registry,people,R Powell,650d5e49
info,registry,people,RS Mahanama,57910393
info,registry,people,Rohan Mustafa,d1988788
info,registry,people,SD Hope,1fc6ef83
info,registry,people,Sikandar Raza,26d041c4
info,registry,people,T Kohler-Cadmore,f836b33d
info,registry,people,TG Southee,13c35c9e
info,registry,people,TL Seifert,4663bd23
info,registry,people,WIA Fernando,9550470d
info,registry,people,Zahir Khan,786b7fe8
ball,1,0.1,Dubai Capitals,AM Rossington,SD Hope,TG Southee,0,0,,,,,,"",""
ball,1,0.2,Dubai Capitals,AM Rossington,SD Hope,TG Southee,0,0,,,,,,"",""
ball,1,0.3,Dubai Capitals,AM Rossington,SD Hope,TG Southee,0,0,,,,,,"",""
ball,1,0.4,Dubai Capitals,AM Rossington,SD Hope,TG Southee,6,0,,,,,,"",""
ball,1,0.5,Dubai Capitals,AM Rossington,SD Hope,TG Southee,4,0,,,,,,"",""
ball,1,0.6,Dubai Capitals,AM Rossington,SD Hope,TG Southee,4,0,,,,,,"",""
ball,1,1.1,Dubai Capitals,SD Hope,AM Rossington,AF Milne,0,0,,,,,,"",""
ball,1,1.2,Dubai Capitals,SD Hope,AM Rossington,AF Milne,0,0,,,,,,"",""
ball,1,1.3,Dubai Capitals,SD Hope,AM Rossington,AF Milne,1,0,,,,,,"",""
ball,1,1.4,Dubai Capitals,AM Rossington,SD Hope,AF Milne,0,0,,,,,,"",""
ball,1,1.5,Dubai Capitals,AM Rossington,SD Hope,AF Milne,1,0,,,,,,"",""
ball,1,1.6,Dubai Capitals,SD Hope,AM Rossington,AF Milne,0,0,,,,,,"",""
ball,1,2.1,Dubai Capitals,AM Rossington,SD Hope,D Madushanka,4,0,,,,,,"",""
ball,1,2.2,Dubai Capitals,AM Rossington,SD Hope,D Madushanka,0,0,,,,,,"",""
ball,1,2.3,Dubai Capitals,AM Rossington,SD Hope,D Madushanka,1,0,,,,,,"",""
ball,1,2.4,Dubai Capitals,SD Hope,AM Rossington,D Madushanka,1,0,,,,,,"",""
ball,1,2.5,Dubai Capitals,AM Rossington,SD Hope,D Madushanka,6,0,,,,,,"",""
ball,1,2.6,Dubai Capitals,AM Rossington,SD Hope,D Madushanka,1,0,,,,,,"",""
ball,1,3.1,Dubai Capitals,AM Rossington,SD Hope,AF Milne,0,0,,,,,,"",""
ball,1,3.2,Dubai Capitals,AM Rossington,SD Hope,AF Milne,3,0,,,,,,"",""
ball,1,3.3,Dubai Capitals,SD Hope,AM Rossington,AF Milne,0,0,,,,,,"",""
ball,1,3.4,Dubai Capitals,SD Hope,AM Rossington,AF Milne,1,0,,,,,,"",""
ball,1,3.5,Dubai Capitals,AM Rossington,SD Hope,AF Milne,0,0,,,,,,"",""
ball,1,3.6,Dubai Capitals,AM Rossington,SD Hope,AF Milne,0,0,,,,,,"",""
ball,1,4.1,Dubai Capitals,SD Hope,AM Rossington,TG Southee,4,0,,,,,,"",""
ball,1,4.2,Dubai Capitals,SD Hope,AM Rossington,TG Southee,0,0,,,,,,"",""
ball,1,4.3,Dubai Capitals,SD Hope,AM Rossington,TG Southee,0,0,,,,,,"",""
ball,1,4.4,Dubai Capitals,SD Hope,AM Rossington,TG Southee,1,0,,,,,,"",""
ball,1,4.5,Dubai Capitals,AM Rossington,SD Hope,TG Southee,1,0,,,,,,"",""
ball,1,4.6,Dubai Capitals,SD Hope,AM Rossington,TG Southee,0,0,,,,,,"",""
ball,1,5.1,Dubai Capitals,AM Rossington,SD Hope,D Madushanka,1,0,,,,,,"",""
ball,1,5.2,Dubai Capitals,SD Hope,AM Rossington,D Madushanka,4,0,,,,,,"",""
ball,1,5.3,Dubai Capitals,SD Hope,AM Rossington,D Madushanka,4,0,,,,,,"",""
ball,1,5.4,Dubai Capitals,SD Hope,AM Rossington,D Madushanka,2,0,,,,,,"",""
ball,1,5.5,Dubai Capitals,SD Hope,AM Rossington,D Madushanka,1,0,,,,,,"",""
ball,1,5.6,Dubai Capitals,AM Rossington,SD Hope,D Madushanka,4,0,,,,,,"",""
ball,1,6.1,Dubai Capitals,SD Hope,AM Rossington,A Zampa,2,0,,,,,,"",""
ball,1,6.2,Dubai Capitals,SD Hope,AM Rossington,A Zampa,1,0,,,,,,"",""
ball,1,6.3,Dubai Capitals,AM Rossington,SD Hope,A Zampa,1,0,,,,,,"",""
ball,1,6.4,Dubai Capitals,SD Hope,AM Rossington,A Zampa,1,0,,,,,,"",""
ball,1,6.5,Dubai Capitals,AM Rossington,SD Hope,A Zampa,0,0,,,,,,"",""
ball,1,6.6,Dubai Capitals,AM Rossington,SD Hope,A Zampa,0,0,,,,,,caught,AM Rossington
ball,1,7.1,Dubai Capitals,SD Hope,Gulbadin Naib,AC Agar,0,0,,,,,,"",""
ball,1,7.2,Dubai Capitals,SD Hope,Gulbadin Naib,AC Agar,1,0,,,,,,"",""
ball,1,7.3,Dubai Capitals,Gulbadin Naib,SD Hope,AC Agar,1,0,,,,,,"",""
ball,1,7.4,Dubai Capitals,SD Hope,Gulbadin Naib,AC Agar,0,0,,,,,,"",""
ball,1,7.5,Dubai Capitals,SD Hope,Gulbadin Naib,AC Agar,0,0,,,,,,"",""
ball,1,7.6,Dubai Capitals,SD Hope,Gulbadin Naib,AC Agar,0,0,,,,,,"",""
ball,1,8.1,Dubai Capitals,Gulbadin Naib,SD Hope,A Zampa,1,0,,,,,,"",""
ball,1,8.2,Dubai Capitals,SD Hope,Gulbadin Naib,A Zampa,1,0,,,,,,"",""
ball,1,8.3,Dubai Capitals,Gulbadin Naib,SD Hope,A Zampa,0,0,,,,,,caught,Gulbadin Naib
ball,1,8.4,Dubai Capitals,Sikandar Raza,SD Hope,A Zampa,0,0,,,,,,"",""
ball,1,8.5,Dubai Capitals,Sikandar Raza,SD Hope,A Zampa,1,0,,,,,,"",""
ball,1,8.6,Dubai Capitals,SD Hope,Sikandar Raza,A Zampa,1,0,,,,,,"",""
ball,1,9.1,Dubai Capitals,SD Hope,Sikandar Raza,AC Agar,0,0,,,,,,"",""
ball,1,9.2,Dubai Capitals,SD Hope,Sikandar Raza,AC Agar,1,0,,,,,,"",""
ball,1,9.3,Dubai Capitals,Sikandar Raza,SD Hope,AC Agar,0,0,,,,,,"",""
ball,1,9.4,Dubai Capitals,Sikandar Raza,SD Hope,AC Agar,1,0,,,,,,"",""
ball,1,9.5,Dubai Capitals,SD Hope,Sikandar Raza,AC Agar,1,0,,,,,,"",""
ball,1,9.6,Dubai Capitals,Sikandar Raza,SD Hope,AC Agar,0,2,2,,,,,"",""
ball,1,9.7,Dubai Capitals,SD Hope,Sikandar Raza,AC Agar,1,0,,,,,,"",""
ball,1,10.1,Dubai Capitals,SD Hope,Sikandar Raza,A Zampa,0,0,,,,,,"",""
ball,1,10.2,Dubai Capitals,SD Hope,Sikandar Raza,A Zampa,1,0,,,,,,"",""
ball,1,10.3,Dubai Capitals,Sikandar Raza,SD Hope,A Zampa,1,0,,,,,,"",""
ball,1,10.4,Dubai Capitals,SD Hope,Sikandar Raza,A Zampa,1,0,,,,,,"",""
ball,1,10.5,Dubai Capitals,Sikandar Raza,SD Hope,A Zampa,0,1,1,,,,,"",""
ball,1,10.6,Dubai Capitals,Sikandar Raza,SD Hope,A Zampa,1,0,,,,,,"",""
ball,1,10.7,Dubai Capitals,SD Hope,Sikandar Raza,A Zampa,1,0,,,,,,"",""
ball,1,11.1,Dubai Capitals,SD Hope,Sikandar Raza,Rohan Mustafa,1,0,,,,,,"",""
ball,1,11.2,Dubai Capitals,Sikandar Raza,SD Hope,Rohan Mustafa,1,0,,,,,,"",""
ball,1,11.3,Dubai Capitals,SD Hope,Sikandar Raza,Rohan Mustafa,0,0,,,,,,"",""
ball,1,11.4,Dubai Capitals,SD Hope,Sikandar Raza,Rohan Mustafa,1,0,,,,,,"",""
ball,1,11.5,Dubai Capitals,Sikandar Raza,SD Hope,Rohan Mustafa,1,0,,,,,,"",""
ball,1,11.6,Dubai Capitals,SD Hope,Sikandar Raza,Rohan Mustafa,1,0,,,,,,"",""
ball,1,12.1,Dubai Capitals,SD Hope,Sikandar Raza,AC Agar,1,0,,,,,,"",""
ball,1,12.2,Dubai Capitals,Sikandar Raza,SD Hope,AC Agar,0,0,,,,,,caught,Sikandar Raza
ball,1,12.3,Dubai Capitals,Najibullah Zadran,SD Hope,AC Agar,1,0,,,,,,"",""
ball,1,12.4,Dubai Capitals,SD Hope,Najibullah Zadran,AC Agar,0,0,,,,,,run out,Najibullah Zadran
ball,1,12.5,Dubai Capitals,Khalid Shah,SD Hope,AC Agar,0,0,,,,,,"",""
ball,1,12.6,Dubai Capitals,Khalid Shah,SD Hope,AC Agar,0,0,,,,,,"",""
ball,1,13.1,Dubai Capitals,SD Hope,Khalid Shah,Rohan Mustafa,0,0,,,,,,"",""
ball,1,13.2,Dubai Capitals,SD Hope,Khalid Shah,Rohan Mustafa,1,0,,,,,,"",""
ball,1,13.3,Dubai Capitals,Khalid Shah,SD Hope,Rohan Mustafa,0,0,,,,,,caught,Khalid Shah
ball,1,13.4,Dubai Capitals,MD Shanaka,SD Hope,Rohan Mustafa,0,0,,,,,,"",""
ball,1,13.5,Dubai Capitals,MD Shanaka,SD Hope,Rohan Mustafa,0,0,,,,,,"",""
ball,1,13.6,Dubai Capitals,MD Shanaka,SD Hope,Rohan Mustafa,1,0,,,,,,"",""
ball,1,14.1,Dubai Capitals,MD Shanaka,SD Hope,AC Agar,0,0,,,,,,"",""
ball,1,14.2,Dubai Capitals,MD Shanaka,SD Hope,AC Agar,1,0,,,,,,"",""
ball,1,14.3,Dubai Capitals,SD Hope,MD Shanaka,AC Agar,0,0,,,,,,"",""
ball,1,14.4,Dubai Capitals,SD Hope,MD Shanaka,AC Agar,1,0,,,,,,"",""
ball,1,14.5,Dubai Capitals,MD Shanaka,SD Hope,AC Agar,1,0,,,,,,"",""
ball,1,14.6,Dubai Capitals,SD Hope,MD Shanaka,AC Agar,1,0,,,,,,"",""
ball,1,15.1,Dubai Capitals,SD Hope,MD Shanaka,Rohan Mustafa,0,0,,,,,,"",""
ball,1,15.2,Dubai Capitals,SD Hope,MD Shanaka,Rohan Mustafa,2,0,,,,,,"",""
ball,1,15.3,Dubai Capitals,SD Hope,MD Shanaka,Rohan Mustafa,1,0,,,,,,"",""
ball,1,15.4,Dubai Capitals,MD Shanaka,SD Hope,Rohan Mustafa,1,0,,,,,,"",""
ball,1,15.5,Dubai Capitals,SD Hope,MD Shanaka,Rohan Mustafa,1,0,,,,,,"",""
ball,1,15.6,Dubai Capitals,MD Shanaka,SD Hope,Rohan Mustafa,0,0,,,,,,caught,MD Shanaka
ball,1,16.1,Dubai Capitals,SD Hope,R Powell,A Zampa,1,0,,,,,,"",""
ball,1,16.2,Dubai Capitals,R Powell,SD Hope,A Zampa,1,0,,,,,,"",""
ball,1,16.3,Dubai Capitals,SD Hope,R Powell,A Zampa,1,0,,,,,,"",""
ball,1,16.4,Dubai Capitals,R Powell,SD Hope,A Zampa,0,0,,,,,,"",""
ball,1,16.5,Dubai Capitals,R Powell,SD Hope,A Zampa,4,0,,,,,,"",""
ball,1,16.6,Dubai Capitals,R Powell,SD Hope,A Zampa,6,0,,,,,,"",""
ball,1,17.1,Dubai Capitals,SD Hope,R Powell,TG Southee,0,0,,,,,,caught,SD Hope
ball,1,17.2,Dubai Capitals,PVD Chameera,R Powell,TG Southee,1,0,,,,,,"",""
ball,1,17.3,Dubai Capitals,R Powell,PVD Chameera,TG Southee,1,0,,,,,,"",""
ball,1,17.4,Dubai Capitals,PVD Chameera,R Powell,TG Southee,0,0,,,,,,"",""
ball,1,17.5,Dubai Capitals,PVD Chameera,R Powell,TG Southee,0,0,,,,,,"",""
ball,1,17.6,Dubai Capitals,PVD Chameera,R Powell,TG Southee,0,0,,,,,,"",""
ball,1,18.1,Dubai Capitals,R Powell,PVD Chameera,AF Milne,4,0,,,,,,"",""
ball,1,18.2,Dubai Capitals,R Powell,PVD Chameera,AF Milne,2,0,,,,,,"",""
ball,1,18.3,Dubai Capitals,R Powell,PVD Chameera,AF Milne,0,0,,,,,,"",""
ball,1,18.4,Dubai Capitals,R Powell,PVD Chameera,AF Milne,4,0,,,,,,"",""
ball,1,18.5,Dubai Capitals,R Powell,PVD Chameera,AF Milne,1,0,,,,,,"",""
ball,1,18.6,Dubai Capitals,PVD Chameera,R Powell,AF Milne,0,0,,,,,,bowled,PVD Chameera
ball,1,19.1,Dubai Capitals,R Powell,Haider Ali,TG Southee,2,0,,,,,,"",""
ball,1,19.2,Dubai Capitals,R Powell,Haider Ali,TG Southee,0,0,,,,,,"",""
ball,1,19.3,Dubai Capitals,R Powell,Haider Ali,TG Southee,1,0,,,,,,run out,Haider Ali
ball,1,19.4,Dubai Capitals,R Powell,OC McCoy,TG Southee,0,0,,,,,,"",""
ball,1,19.5,Dubai Capitals,R Powell,OC McCoy,TG Southee,6,0,,,,,,"",""
ball,1,19.6,Dubai Capitals,R Powell,OC McCoy,TG Southee,0,0,,,,,,"",""
ball,2,0.1,Sharjah Warriorz,T Kohler-Cadmore,J Charles,Haider Ali,0,0,,,,,,"",""
ball,2,0.2,Sharjah Warriorz,T Kohler-Cadmore,J Charles,Haider Ali,0,0,,,,,,"",""
ball,2,0.3,Sharjah Warriorz,T Kohler-Cadmore,J Charles,Haider Ali,0,0,,,,,,"",""
ball,2,0.4,Sharjah Warriorz,T Kohler-Cadmore,J Charles,Haider Ali,4,0,,,,,,"",""
ball,2,0.5,Sharjah Warriorz,T Kohler-Cadmore,J Charles,Haider Ali,1,0,,,,,,"",""
ball,2,0.6,Sharjah Warriorz,J Charles,T Kohler-Cadmore,Haider Ali,0,0,,,,,,"",""
ball,2,1.1,Sharjah Warriorz,T Kohler-Cadmore,J Charles,PVD Chameera,1,0,,,,,,"",""
ball,2,1.2,Sharjah Warriorz,J Charles,T Kohler-Cadmore,PVD Chameera,0,0,,,,,,"",""
ball,2,1.3,Sharjah Warriorz,J Charles,T Kohler-Cadmore,PVD Chameera,6,0,,,,,,"",""
ball,2,1.4,Sharjah Warriorz,J Charles,T Kohler-Cadmore,PVD Chameera,1,0,,,,,,"",""
ball,2,1.5,Sharjah Warriorz,T Kohler-Cadmore,J Charles,PVD Chameera,0,0,,,,,,"",""
ball,2,1.6,Sharjah Warriorz,T Kohler-Cadmore,J Charles,PVD Chameera,6,0,,,,,,"",""
ball,2,2.1,Sharjah Warriorz,J Charles,T Kohler-Cadmore,Haider Ali,0,0,,,,,,"",""
ball,2,2.2,Sharjah Warriorz,J Charles,T Kohler-Cadmore,Haider Ali,4,0,,,,,,"",""
ball,2,2.3,Sharjah Warriorz,J Charles,T Kohler-Cadmore,Haider Ali,0,1,,,,1,,"",""
ball,2,2.4,Sharjah Warriorz,T Kohler-Cadmore,J Charles,Haider Ali,4,0,,,,,,"",""
ball,2,2.5,Sharjah Warriorz,T Kohler-Cadmore,J Charles,Haider Ali,0,0,,,,,,"",""
ball,2,2.6,Sharjah Warriorz,T Kohler-Cadmore,J Charles,Haider Ali,1,0,,,,,,"",""
ball,2,3.1,Sharjah Warriorz,T Kohler-Cadmore,J Charles,OC McCoy,4,0,,,,,,"",""
ball,2,3.2,Sharjah Warriorz,T Kohler-Cadmore,J Charles,OC McCoy,1,0,,,,,,"",""
ball,2,3.3,Sharjah Warriorz,J Charles,T Kohler-Cadmore,OC McCoy,0,0,,,,,,"",""
ball,2,3.4,Sharjah Warriorz,J Charles,T Kohler-Cadmore,OC McCoy,1,0,,,,,,"",""
ball,2,3.5,Sharjah Warriorz,T Kohler-Cadmore,J Charles,OC McCoy,0,0,,,,,,"",""
ball,2,3.6,Sharjah Warriorz,T Kohler-Cadmore,J Charles,OC McCoy,4,0,,,,,,"",""
ball,2,4.1,Sharjah Warriorz,J Charles,T Kohler-Cadmore,Zahir Khan,2,0,,,,,,"",""
ball,2,4.2,Sharjah Warriorz,J Charles,T Kohler-Cadmore,Zahir Khan,4,0,,,,,,"",""
ball,2,4.3,Sharjah Warriorz,J Charles,T Kohler-Cadmore,Zahir Khan,6,0,,,,,,"",""
ball,2,4.4,Sharjah Warriorz,J Charles,T Kohler-Cadmore,Zahir Khan,0,4,,,4,,,"",""
ball,2,4.5,Sharjah Warriorz,J Charles,T Kohler-Cadmore,Zahir Khan,6,0,,,,,,"",""
ball,2,4.6,Sharjah Warriorz,J Charles,T Kohler-Cadmore,Zahir Khan,6,0,,,,,,"",""
ball,2,5.1,Sharjah Warriorz,T Kohler-Cadmore,J Charles,OC McCoy,0,1,1,,,,,"",""
ball,2,5.2,Sharjah Warriorz,T Kohler-Cadmore,J Charles,OC McCoy,0,0,,,,,,"",""
ball,2,5.3,Sharjah Warriorz,T Kohler-Cadmore,J Charles,OC McCoy,4,0,,,,,,"",""
ball,2,5.4,Sharjah Warriorz,T Kohler-Cadmore,J Charles,OC McCoy,0,0,,,,,,"",""
ball,2,5.5,Sharjah Warriorz,T Kohler-Cadmore,J Charles,OC McCoy,1,0,,,,,,"",""
ball,2,5.6,Sharjah Warriorz,J Charles,T Kohler-Cadmore,OC McCoy,0,0,,,,,,"",""
ball,2,5.7,Sharjah Warriorz,J Charles,T Kohler-Cadmore,OC McCoy,6,0,,,,,,"",""
ball,2,6.1,Sharjah Warriorz,T Kohler-Cadmore,J Charles,Haider Ali,0,0,,,,,,"",""
ball,2,6.2,Sharjah Warriorz,T Kohler-Cadmore,J Charles,Haider Ali,0,0,,,,,,"",""
ball,2,6.3,Sharjah Warriorz,T Kohler-Cadmore,J Charles,Haider Ali,1,0,,,,,,"",""
ball,2,6.4,Sharjah Warriorz,J Charles,T Kohler-Cadmore,Haider Ali,1,0,,,,,,"",""
ball,2,6.5,Sharjah Warriorz,T Kohler-Cadmore,J Charles,Haider Ali,1,0,,,,,,"",""
ball,2,6.6,Sharjah Warriorz,J Charles,T Kohler-Cadmore,Haider Ali,1,0,,,,,,"",""
ball,2,7.1,Sharjah Warriorz,J Charles,T Kohler-Cadmore,Zahir Khan,0,1,1,,,,,"",""
ball,2,7.2,Sharjah Warriorz,J Charles,T Kohler-Cadmore,Zahir Khan,0,0,,,,,,"",""
ball,2,7.3,Sharjah Warriorz,J Charles,T Kohler-Cadmore,Zahir Khan,6,0,,,,,,"",""
ball,2,7.4,Sharjah Warriorz,J Charles,T Kohler-Cadmore,Zahir Khan,6,0,,,,,,"",""
ball,2,7.5,Sharjah Warriorz,J Charles,T Kohler-Cadmore,Zahir Khan,0,0,,,,,,"",""
ball,2,7.6,Sharjah Warriorz,J Charles,T Kohler-Cadmore,Zahir Khan,0,0,,,,,,"",""
ball,2,7.7,Sharjah Warriorz,J Charles,T Kohler-Cadmore,Zahir Khan,1,0,,,,,,"",""
ball,2,8.1,Sharjah Warriorz,J Charles,T Kohler-Cadmore,Sikandar Raza,0,0,,,,,,"",""
ball,2,8.2,Sharjah Warriorz,J Charles,T Kohler-Cadmore,Sikandar Raza,4,0,,,,,,"",""
ball,2,8.3,Sharjah Warriorz,J Charles,T Kohler-Cadmore,Sikandar Raza,1,0,,,,,,"",""
ball,2,8.4,Sharjah Warriorz,T Kohler-Cadmore,J Charles,Sikandar Raza,1,0,,,,,,"",""
ball,2,8.5,Sharjah Warriorz,J Charles,T Kohler-Cadmore,Sikandar Raza,1,0,,,,,,"",""
ball,2,8.6,Sharjah Warriorz,T Kohler-Cadmore,J Charles,Sikandar Raza,0,0,,,,,,"",""
ball,2,9.1,Sharjah Warriorz,J Charles,T Kohler-Cadmore,Haider Ali,1,0,,,,,,"",""
ball,2,9.2,Sharjah Warriorz,T Kohler-Cadmore,J Charles,Haider Ali,4,0,,,,,,"",""
ball,2,9.3,Sharjah Warriorz,T Kohler-Cadmore,J Charles,Haider Ali,6,0,,,,,,"",""
ball,2,9.4,Sharjah Warriorz,T Kohler-Cadmore,J Charles,Haider Ali,1,0,,,,,,"",""
ball,2,9.5,Sharjah Warriorz,J Charles,T Kohler-Cadmore,Haider Ali,6,0,,,,,,"",""
ball,2,9.6,Sharjah Warriorz,J Charles,T Kohler-Cadmore,Haider Ali,1,0,,,,,,"",""
ball,2,10.1,Sharjah Warriorz,J Charles,T Kohler-Cadmore,Sikandar Raza,0,0,,,,,,caught,J Charles
ball,2,10.2,Sharjah Warriorz,WIA Fernando,T Kohler-Cadmore,Sikandar Raza,2,0,,,,,,"",""
ball,2,10.3,Sharjah Warriorz,WIA Fernando,T Kohler-Cadmore,Sikandar Raza,0,0,,,,,,"",""
ball,2,10.4,Sharjah Warriorz,WIA Fernando,T Kohler-Cadmore,Sikandar Raza,0,0,,,,,,"",""
ball,2,10.5,Sharjah Warriorz,WIA Fernando,T Kohler-Cadmore,Sikandar Raza,0,0,,,,,,"",""
ball,2,10.6,Sharjah Warriorz,WIA Fernando,T Kohler-Cadmore,Sikandar Raza,0,0,,,,,,"",""
ball,2,11.1,Sharjah Warriorz,T Kohler-Cadmore,WIA Fernando,PVD Chameera,0,0,,,,,,"",""
ball,2,11.2,Sharjah Warriorz,T Kohler-Cadmore,WIA Fernando,PVD Chameera,4,0,,,,,,"",""
ball,2,11.3,Sharjah Warriorz,T Kohler-Cadmore,WIA Fernando,PVD Chameera,1,0,,,,,,"",""
ball,2,11.4,Sharjah Warriorz,WIA Fernando,T Kohler-Cadmore,PVD Chameera,1,0,,,,,,"",""
ball,2,11.5,Sharjah Warriorz,T Kohler-Cadmore,WIA Fernando,PVD Chameera,4,0,,,,,,"",""
