version,1.7.0
info,balls_per_over,6
info,team,MI Emirates
info,team,Desert Vipers
info,gender,male
info,season,2024/25
info,date,2025/01/27
info,event,International League T20
info,match_number,22
info,venue,"Zayed Cricket Stadium, Abu Dhabi"
info,city,Abu Dhabi
info,toss_winner,Desert Vipers
info,toss_decision,field
info,player_of_match,T Banton
info,umpire,AG Wharf
info,umpire,Shiju Sam
info,reserve_umpire,RSA Palliyaguruge
info,tv_umpire,LS Reifer
info,match_referee,SJA Taufel
info,winner,MI Emirates
info,winner_runs,154
info,player,MI Emirates,ADS Fletcher
info,player,MI Emirates,Waseem Muhammad
info,player,MI Emirates,T Banton
info,player,MI Emirates,N Pooran
info,player,MI Emirates,MDKJ Perera
info,player,MI Emirates,DR Mousley
info,player,MI Emirates,KA Pollard
info,player,MI Emirates,R Shepherd
info,player,MI Emirates,Muhammad Rohid
info,player,MI Emirates,AS Joseph
info,player,MI Emirates,Fazalhaq Farooqi
info,player,MI Emirates,Waqar Salamkheil
info,player,Desert Vipers,Fakhar Zaman
info,player,Desert Vipers,AD Hales
info,player,Desert Vipers,DW Lawrence
info,player,Desert Vipers,SM Curran
info,player,Desert Vipers,Azam Khan
info,player,Desert Vipers,AJ Hose
info,player,Desert Vipers,D Parashar
info,player,Desert Vipers,SE Rutherford
info,player,Desert Vipers,DA Payne
info,player,Desert Vipers,Khuzaima Tanveer
info,player,Desert Vipers,NA Sowter
info,player,Desert Vipers,Mohammad Amir
info,registry,people,AD Hales,92aeac25
info,registry,people,ADS Fletcher,1bae756b
info,registry,people,AG Wharf,2e0fcc58
info,registry,people,AJ Hose,104e88a4
info,registry,people,AS Joseph,b0946605
info,registry,people,Azam Khan,ee8f1a6d
info,registry,people,D Parashar,395179e8
info,registry,people,DA Payne,6c79c098
info,registry,people,DR Mousley,876dbe2d
info,registry,people,DW Lawrence,4b685e2d
info,registry,people,Fakhar Zaman,1777c020
info,registry,people,Fazalhaq Farooqi,e9c7f0d0
info,registry,people,KA Pollard,a757b0d8
info,registry,people,Khuzaima Tanveer,a3690f55
info,registry,people,LS Reifer,5dee559a
info,registry,people,MDKJ Perera,f21043a5
info,registry,people,Mohammad Amir,e174dadd
info,registry,people,Muhammad Rohid,9103ecdb
info,registry,people,N Pooran,3241e3fd
info,registry,people,NA Sowter,ee0c05c0
info,registry,people,R Shepherd,c5aef772
info,registry,people,RSA Palliyaguruge,4339c19d
info,registry,people,SE Rutherford,d014d5ac
info,registry,people,SJA Taufel,4b43d5ac
info,registry,people,SM Curran,e94915e6
info,registry,people,Shiju Sam,1e2f3eae
info,registry,people,T Banton,25f7b7d6
info,registry,people,Waqar Salamkheil,3f1066d0
info,registry,people,Waseem Muhammad,6f02fe2a
ball,1,0.1,MI Emirates,ADS Fletcher,Waseem Muhammad,Mohammad Amir,1,0,,,,,,"",""
ball,1,0.2,MI Emirates,Waseem Muhammad,ADS Fletcher,Mohammad Amir,0,0,,,,,,"",""
ball,1,0.3,MI Emirates,Waseem Muhammad,ADS Fletcher,Mohammad Amir,0,0,,,,,,"",""
ball,1,0.4,MI Emirates,Waseem Muhammad,ADS Fletcher,Mohammad Amir,0,0,,,,,,"",""
ball,1,0.5,MI Emirates,Waseem Muhammad,ADS Fletcher,Mohammad Amir,0,0,,,,,,"",""
ball,1,0.6,MI Emirates,Waseem Muhammad,ADS Fletcher,Mohammad Amir,4,0,,,,,,"",""
ball,1,1.1,MI Emirates,ADS Fletcher,Waseem Muhammad,D Parashar,1,0,,,,,,"",""
ball,1,1.2,MI Emirates,Waseem Muhammad,ADS Fletcher,D Parashar,1,0,,,,,,"",""
ball,1,1.3,MI Emirates,ADS Fletcher,Waseem Muhammad,D Parashar,0,2,2,,,,,"",""
ball,1,1.4,MI Emirates,Waseem Muhammad,ADS Fletcher,D Parashar,6,0,,,,,,"",""
ball,1,1.5,MI Emirates,Waseem Muhammad,ADS Fletcher,D Parashar,6,0,,,,,,"",""
ball,1,1.6,MI Emirates,Waseem Muhammad,ADS Fletcher,D Parashar,0,0,,,,,,"",""
ball,1,1.7,MI Emirates,Waseem Muhammad,ADS Fletcher,D Parashar,1,0,,,,,,"",""
ball,1,2.1,MI Emirates,Waseem Muhammad,ADS Fletcher,Mohammad Amir,1,0,,,,,,"",""
ball,1,2.2,MI Emirates,ADS Fletcher,Waseem Muhammad,Mohammad Amir,1,0,,,,,,"",""
ball,1,2.3,MI Emirates,Waseem Muhammad,ADS Fletcher,Mohammad Amir,0,0,,,,,,"",""
ball,1,2.4,MI Emirates,Waseem Muhammad,ADS Fletcher,Mohammad Amir,0,0,,,,,,"",""
ball,1,2.5,MI Emirates,Waseem Muhammad,ADS Fletcher,Mohammad Amir,0,0,,,,,,"",""
ball,1,2.6,MI Emirates,Waseem Muhammad,ADS Fletcher,Mohammad Amir,0,0,,,,,,bowled,Waseem Muhammad
ball,1,3.1,MI Emirates,ADS Fletcher,T Banton,Khuzaima Tanveer,1,0,,,,,,"",""
ball,1,3.2,MI Emirates,T Banton,ADS Fletcher,Khuzaima Tanveer,0,0,,,,,,"",""
ball,1,3.3,MI Emirates,T Banton,ADS Fletcher,Khuzaima Tanveer,0,0,,,,,,"",""
ball,1,3.4,MI Emirates,T Banton,ADS Fletcher,Khuzaima Tanveer,0,0,,,,,,"",""
ball,1,3.5,MI Emirates,T Banton,ADS Fletcher,Khuzaima Tanveer,1,0,,,,,,"",""
ball,1,3.6,MI Emirates,ADS Fletcher,T Banton,Khuzaima Tanveer,3,0,,,,,,"",""
ball,1,4.1,MI Emirates,ADS Fletcher,T Banton,Mohammad Amir,1,0,,,,,,"",""
ball,1,4.2,MI Emirates,T Banton,ADS Fletcher,Mohammad Amir,0,0,,,,,,"",""
ball,1,4.3,MI Emirates,T Banton,ADS Fletcher,Mohammad Amir,0,0,,,,,,"",""
ball,1,4.4,MI Emirates,T Banton,ADS Fletcher,Mohammad Amir,1,0,,,,,,"",""
ball,1,4.5,MI Emirates,ADS Fletcher,T Banton,Mohammad Amir,0,0,,,,,,"",""
ball,1,4.6,MI Emirates,ADS Fletcher,T Banton,Mohammad Amir,4,0,,,,,,"",""
ball,1,5.1,MI Emirates,T Banton,ADS Fletcher,DA Payne,2,0,,,,,,"",""
ball,1,5.2,MI Emirates,T Banton,ADS Fletcher,DA Payne,0,0,,,,,,"",""
ball,1,5.3,MI Emirates,T Banton,ADS Fletcher,DA Payne,0,0,,,,,,"",""
ball,1,5.4,MI Emirates,T Banton,ADS Fletcher,DA Payne,1,0,,,,,,"",""
ball,1,5.5,MI Emirates,ADS Fletcher,T Banton,DA Payne,0,1,,,1,,,"",""
ball,1,5.6,MI Emirates,T Banton,ADS Fletcher,DA Payne,1,0,,,,,,"",""
ball,1,6.1,MI Emirates,T Banton,ADS Fletcher,SM Curran,0,0,,,,,,"",""
ball,1,6.2,MI Emirates,T Banton,ADS Fletcher,SM Curran,1,0,,,,,,"",""
ball,1,6.3,MI Emirates,ADS Fletcher,T Banton,SM Curran,4,0,,,,,,"",""
ball,1,6.4,MI Emirates,ADS Fletcher,T Banton,SM Curran,0,0,,,,,,"",""
ball,1,6.5,MI Emirates,ADS Fletcher,T Banton,SM Curran,0,0,,,,,,"",""
ball,1,6.6,MI Emirates,ADS Fletcher,T Banton,SM Curran,4,0,,,,,,"",""
ball,1,7.1,MI Emirates,T Banton,ADS Fletcher,NA Sowter,1,0,,,,,,"",""
ball,1,7.2,MI Emirates,ADS Fletcher,T Banton,NA Sowter,0,0,,,,,,"",""
ball,1,7.3,MI Emirates,ADS Fletcher,T Banton,NA Sowter,1,0,,,,,,"",""
ball,1,7.4,MI Emirates,T Banton,ADS Fletcher,NA Sowter,6,0,,,,,,"",""
ball,1,7.5,MI Emirates,T Banton,ADS Fletcher,NA Sowter,1,0,,,,,,"",""
ball,1,7.6,MI Emirates,ADS Fletcher,T Banton,NA Sowter,0,0,,,,,,"",""
ball,1,8.1,MI Emirates,T Banton,ADS Fletcher,DA Payne,1,0,,,,,,"",""
ball,1,8.2,MI Emirates,ADS Fletcher,T Banton,DA Payne,1,0,,,,,,"",""
ball,1,8.3,MI Emirates,T Banton,ADS Fletcher,DA Payne,0,0,,,,,,"",""
ball,1,8.4,MI Emirates,T Banton,ADS Fletcher,DA Payne,4,0,,,,,,"",""
ball,1,8.5,MI Emirates,T Banton,ADS Fletcher,DA Payne,0,0,,,,,,"",""
ball,1,8.6,MI Emirates,T Banton,ADS Fletcher,DA Payne,1,0,,,,,,"",""
ball,1,9.1,MI Emirates,T Banton,ADS Fletcher,NA Sowter,1,0,,,,,,"",""
ball,1,9.2,MI Emirates,ADS Fletcher,T Banton,NA Sowter,3,0,,,,,,"",""
ball,1,9.3,MI Emirates,T Banton,ADS Fletcher,NA Sowter,6,0,,,,,,"",""
ball,1,9.4,MI Emirates,T Banton,ADS Fletcher,NA Sowter,4,0,,,,,,"",""
ball,1,9.5,MI Emirates,T Banton,ADS Fletcher,NA Sowter,1,0,,,,,,"",""
ball,1,9.6,MI Emirates,ADS Fletcher,T Banton,NA Sowter,1,0,,,,,,"",""
ball,1,10.1,MI Emirates,ADS Fletcher,T Banton,SM Curran,1,0,,,,,,"",""
ball,1,10.2,MI Emirates,T Banton,ADS Fletcher,SM Curran,1,0,,,,,,"",""
ball,1,10.3,MI Emirates,ADS Fletcher,T Banton,SM Curran,4,0,,,,,,"",""
ball,1,10.4,MI Emirates,ADS Fletcher,T Banton,SM Curran,1,0,,,,,,"",""
ball,1,10.5,MI Emirates,T Banton,ADS Fletcher,SM Curran,4,0,,,,,,"",""
ball,1,10.6,MI Emirates,T Banton,ADS Fletcher,SM Curran,0,0,,,,,,"",""
ball,1,11.1,MI Emirates,ADS Fletcher,T Banton,Khuzaima Tanveer,1,0,,,,,,"",""
ball,1,11.2,MI Emirates,T Banton,ADS Fletcher,Khuzaima Tanveer,1,0,,,,,,"",""
ball,1,11.3,MI Emirates,ADS Fletcher,T Banton,Khuzaima Tanveer,2,0,,,,,,"",""
ball,1,11.4,MI Emirates,ADS Fletcher,T Banton,Khuzaima Tanveer,4,0,,,,,,"",""
ball,1,11.5,MI Emirates,ADS Fletcher,T Banton,Khuzaima Tanveer,2,0,,,,,,"",""
ball,1,11.6,MI Emirates,ADS Fletcher,T Banton,Khuzaima Tanveer,1,0,,,,,,"",""
ball,1,12.1,MI Emirates,ADS Fletcher,T Banton,DA Payne,2,0,,,,,,"",""
ball,1,12.2,MI Emirates,ADS Fletcher,T Banton,DA Payne,1,0,,,,,,"",""
ball,1,12.3,MI Emirates,T Banton,ADS Fletcher,DA Payne,1,0,,,,,,"",""
ball,1,12.4,MI Emirates,ADS Fletcher,T Banton,DA Payne,1,0,,,,,,"",""
ball,1,12.5,MI Emirates,T Banton,ADS Fletcher,DA Payne,1,0,,,,,,"",""
ball,1,12.6,MI Emirates,ADS Fletcher,T Banton,DA Payne,2,0,,,,,,"",""
ball,1,13.1,MI Emirates,T Banton,ADS Fletcher,SM Curran,1,0,,,,,,"",""
ball,1,13.2,MI Emirates,ADS Fletcher,T Banton,SM Curran,4,0,,,,,,"",""
ball,1,13.3,MI Emirates,ADS Fletcher,T Banton,SM Curran,4,0,,,,,,"",""
ball,1,13.4,MI Emirates,ADS Fletcher,T Banton,SM Curran,0,0,,,,,,"",""
ball,1,13.5,MI Emirates,ADS Fletcher,T Banton,SM Curran,4,0,,,,,,"",""
ball,1,13.6,MI Emirates,ADS Fletcher,T Banton,SM Curran,0,0,,,,,,"",""
ball,1,14.1,MI Emirates,T Banton,ADS Fletcher,Khuzaima Tanveer,4,0,,,,,,"",""
ball,1,14.2,MI Emirates,T Banton,ADS Fletcher,Khuzaima Tanveer,0,0,,,,,,"",""
ball,1,14.3,MI Emirates,T Banton,ADS Fletcher,Khuzaima Tanveer,0,0,,,,,,"",""
ball,1,14.4,MI Emirates,T Banton,ADS Fletcher,Khuzaima Tanveer,1,0,,,,,,"",""
ball,1,14.5,MI Emirates,ADS Fletcher,T Banton,Khuzaima Tanveer,1,0,,,,,,"",""
ball,1,14.6,MI Emirates,T Banton,ADS Fletcher,Khuzaima Tanveer,6,0,,,,,,"",""
ball,1,15.1,MI Emirates,ADS Fletcher,T Banton,DW Lawrence,0,0,,,,,,"",""
ball,1,15.2,MI Emirates,ADS Fletcher,T Banton,DW Lawrence,2,0,,,,,,"",""
ball,1,15.3,MI Emirates,ADS Fletcher,T Banton,DW Lawrence,1,0,,,,,,"",""
ball,1,15.4,MI Emirates,T Banton,ADS Fletcher,DW Lawrence,6,0,,,,,,"",""
ball,1,15.5,MI Emirates,T Banton,ADS Fletcher,DW Lawrence,6,0,,,,,,"",""
ball,1,15.6,MI Emirates,T Banton,ADS Fletcher,DW Lawrence,6,0,,,,,,"",""
ball,1,16.1,MI Emirates,ADS Fletcher,T Banton,Mohammad Amir,0,1,1,,,,,"",""
ball,1,16.2,MI Emirates,ADS Fletcher,T Banton,Mohammad Amir,4,0,,,,,,"",""
ball,1,16.3,MI Emirates,ADS Fletcher,T Banton,Mohammad Amir,6,0,,,,,,"",""
ball,1,16.4,MI Emirates,ADS Fletcher,T Banton,Mohammad Amir,0,1,1,,,,,"",""
ball,1,16.5,MI Emirates,ADS Fletcher,T Banton,Mohammad Amir,6,0,,,,,,"",""
ball,1,16.6,MI Emirates,ADS Fletcher,T Banton,Mohammad Amir,1,0,,,,,,"",""
ball,1,16.7,MI Emirates,T Banton,ADS Fletcher,Mohammad Amir,0,1,1,,,,,"",""
ball,1,16.8,MI Emirates,T Banton,ADS Fletcher,Mohammad Amir,1,0,,,,,,"",""
ball,1,16.9,MI Emirates,ADS Fletcher,T Banton,Mohammad Amir,2,0,,,,,,"",""
ball,1,17.1,MI Emirates,T Banton,ADS Fletcher,SM Curran,4,0,,,,,,"",""
ball,1,17.2,MI Emirates,T Banton,ADS Fletcher,SM Curran,4,0,,,,,,"",""
ball,1,17.3,MI Emirates,T Banton,ADS Fletcher,SM Curran,6,0,,,,,,"",""
ball,1,17.4,MI Emirates,T Banton,ADS Fletcher,SM Curran,2,0,,,,,,"",""
ball,1,17.5,MI Emirates,T Banton,ADS Fletcher,SM Curran,4,0,,,,,,"",""
ball,1,17.6,MI Emirates,T Banton,ADS Fletcher,SM Curran,0,0,,,,,,"",""
ball,1,18.1,MI Emirates,ADS Fletcher,T Banton,DA Payne,0,1,1,,,,,"",""
ball,1,18.2,MI Emirates,ADS Fletcher,T Banton,DA Payne,1,0,,,,,,"",""
ball,1,18.3,MI Emirates,T Banton,ADS Fletcher,DA Payne,4,0,,,,,,"",""
ball,1,18.4,MI Emirates,T Banton,ADS Fletcher,DA Payne,0,1,1,,,,,"",""
ball,1,18.5,MI Emirates,T Banton,ADS Fletcher,DA Payne,0,0,,,,,,"",""
ball,1,18.6,MI Emirates,T Banton,ADS Fletcher,DA Payne,0,0,,,,,,"",""
ball,1,18.7,MI Emirates,T Banton,ADS Fletcher,DA Payne,4,0,,,,,,"",""
ball,1,18.8,MI Emirates,T Banton,ADS Fletcher,DA Payne,0,0,,,,,,"",""
ball,1,19.1,MI Emirates,ADS Fletcher,T Banton,Khuzaima Tanveer,1,0,,,,,,"",""
ball,1,19.2,MI Emirates,T Banton,ADS Fletcher,Khuzaima Tanveer,2,0,,,,,,"",""
ball,1,19.3,MI Emirates,T Banton,ADS Fletcher,Khuzaima Tanveer,3,0,,,,,,"",""
ball,1,19.4,MI Emirates,ADS Fletcher,T Banton,Khuzaima Tanveer,4,0,,,,,,"",""
ball,1,19.5,MI Emirates,ADS Fletcher,T Banton,Khuzaima Tanveer,1,0,,,,,,run out,T Banton
ball,1,19.6,MI Emirates,ADS Fletcher,N Pooran,Khuzaima Tanveer,6,0,,,,,,"",""
ball,2,0.1,Desert Vipers,Fakhar Zaman,AD Hales,Fazalhaq Farooqi,0,0,,,,,,"",""
ball,2,0.2,Desert Vipers,Fakhar Zaman,AD Hales,Fazalhaq Farooqi,1,0,,,,,,"",""
ball,2,0.3,Desert Vipers,AD Hales,Fakhar Zaman,Fazalhaq Farooqi,1,0,,,,,,"",""
ball,2,0.4,Desert Vipers,Fakhar Zaman,AD Hales,Fazalhaq Farooqi,4,0,,,,,,"",""
ball,2,0.5,Desert Vipers,Fakhar Zaman,AD Hales,Fazalhaq Farooqi,0,0,,,,,,"",""
ball,2,0.6,Desert Vipers,Fakhar Zaman,AD Hales,Fazalhaq Farooqi,1,0,,,,,,"",""
ball,2,1.1,Desert Vipers,Fakhar Zaman,AD Hales,Muhammad Rohid,0,0,,,,,,"",""
ball,2,1.2,Desert Vipers,Fakhar Zaman,AD Hales,Muhammad Rohid,1,0,,,,,,"",""
ball,2,1.3,Desert Vipers,AD Hales,Fakhar Zaman,Muhammad Rohid,0,0,,,,,,"",""
ball,2,1.4,Desert Vipers,AD Hales,Fakhar Zaman,Muhammad Rohid,1,0,,,,,,"",""
ball,2,1.5,Desert Vipers,Fakhar Zaman,AD Hales,Muhammad Rohid,0,0,,,,,,caught,Fakhar Zaman
ball,2,1.6,Desert Vipers,DW Lawrence,AD Hales,Muhammad Rohid,4,0,,,,,,"",""
ball,2,2.1,Desert Vipers,AD Hales,DW Lawrence,Fazalhaq Farooqi,0,0,,,,,,"",""
ball,2,2.2,Desert Vipers,AD Hales,DW Lawrence,Fazalhaq Farooqi,1,0,,,,,,"",""
ball,2,2.3,Desert Vipers,DW Lawrence,AD Hales,Fazalhaq Farooqi,1,0,,,,,,"",""
ball,2,2.4,Desert Vipers,AD Hales,DW Lawrence,Fazalhaq Farooqi,0,0,,,,,,"",""
ball,2,2.5,Desert Vipers,AD Hales,DW Lawrence,Fazalhaq Farooqi,0,0,,,,,,caught,AD Hales
ball,2,2.6,Desert Vipers,SM Curran,DW Lawrence,Fazalhaq Farooqi,1,0,,,,,,"",""
ball,2,3.1,Desert Vipers,SM Curran,DW Lawrence,AS Joseph,4,0,,,,,,"",""
ball,2,3.2,Desert Vipers,SM Curran,DW Lawrence,AS Joseph,4,0,,,,,,"",""
ball,2,3.3,Desert Vipers,SM Curran,DW Lawrence,AS Joseph,0,0,,,,,,"",""
ball,2,3.4,Desert Vipers,SM Curran,DW Lawrence,AS Joseph,1,0,,,,,,"",""
ball,2,3.5,Desert Vipers,DW Lawrence,SM Curran,AS Joseph,4,0,,,,,,"",""
ball,2,3.6,Desert Vipers,DW Lawrence,SM Curran,AS Joseph,0,0,,,,,,caught,DW Lawrence
ball,2,4.1,Desert Vipers,SM Curran,Azam Khan,Muhammad Rohid,1,0,,,,,,"",""
ball,2,4.2,Desert Vipers,Azam Khan,SM Curran,Muhammad Rohid,0,0,,,,,,"",""
ball,2,4.3,Desert Vipers,Azam Khan,SM Curran,Muhammad Rohid,1,0,,,,,,"",""
ball,2,4.4,Desert Vipers,SM Curran,Azam Khan,Muhammad Rohid,0,0,,,,,,caught,SM Curran
ball,2,4.5,Desert Vipers,AJ Hose,Azam Khan,Muhammad Rohid,0,0,,,,,,"",""
ball,2,4.6,Desert Vipers,AJ Hose,Azam Khan,Muhammad Rohid,1,0,,,,,,"",""
ball,2,5.1,Desert Vipers,AJ Hose,Azam Khan,AS Joseph,0,0,,,,,,"",""
ball,2,5.2,Desert Vipers,AJ Hose,Azam Khan,AS Joseph,0,0,,,,,,"",""
ball,2,5.3,Desert Vipers,AJ Hose,Azam Khan,AS Joseph,0,0,,,,,,"",""
ball,2,5.4,Desert Vipers,AJ Hose,Azam Khan,AS Joseph,0,0,,,,,,"",""
ball,2,5.5,Desert Vipers,AJ Hose,Azam Khan,AS Joseph,0,0,,,,,,caught,AJ Hose
ball,2,5.6,Desert Vipers,D Parashar,Azam Khan,AS Joseph,0,0,,,,,,"",""
ball,2,6.1,Desert Vipers,Azam Khan,D Parashar,Muhammad Rohid,1,0,,,,,,"",""
ball,2,6.2,Desert Vipers,D Parashar,Azam Khan,Muhammad Rohid,0,0,,,,,,"",""
ball,2,6.3,Desert Vipers,D Parashar,Azam Khan,Muhammad Rohid,0,0,,,,,,"",""
ball,2,6.4,Desert Vipers,D Parashar,Azam Khan,Muhammad Rohid,1,0,,,,,,"",""
ball,2,6.5,Desert Vipers,Azam Khan,D Parashar,Muhammad Rohid,1,0,,,,,,"",""
ball,2,6.6,Desert Vipers,D Parashar,Azam Khan,Muhammad Rohid,0,1,1,,,,,"",""
ball,2,6.7,Desert Vipers,D Parashar,Azam Khan,Muhammad Rohid,1,0,,,,,,"",""
ball,2,7.1,Desert Vipers,D Parashar,Azam Khan,R Shepherd,1,0,,,,,,"",""
ball,2,7.2,Desert Vipers,Azam Khan,D Parashar,R Shepherd,0,0,,,,,,"",""
ball,2,7.3,Desert Vipers,Azam Khan,D Parashar,R Shepherd,1,0,,,,,,"",""
ball,2,7.4,Desert Vipers,D Parashar,Azam Khan,R Shepherd,1,0,,,,,,"",""
ball,2,7.5,Desert Vipers,Azam Khan,D Parashar,R Shepherd,1,0,,,,,,"",""
ball,2,7.6,Desert Vipers,D Parashar,Azam Khan,R Shepherd,0,0,,,,,,"",""
ball,2,8.1,Desert Vipers,Azam Khan,D Parashar,Muhammad Rohid,4,0,,,,,,"",""
ball,2,8.2,Desert Vipers,Azam Khan,D Parashar,Muhammad Rohid,1,0,,,,,,"",""
ball,2,8.3,Desert Vipers,D Parashar,Azam Khan,Muhammad Rohid,1,0,,,,,,"",""
ball,2,8.4,Desert Vipers,Azam Khan,D Parashar,Muhammad Rohid,2,0,,,,,,"",""
ball,2,8.5,Desert Vipers,Azam Khan,D Parashar,Muhammad Rohid,0,0,,,,,,caught,Azam Khan
ball,2,8.6,Desert Vipers,SE Rutherford,D Parashar,Muhammad Rohid,0,1,1,,,,,"",""
ball,2,8.7,Desert Vipers,SE Rutherford,D Parashar,Muhammad Rohid,1,0,,,,,,"",""
ball,2,9.1,Desert Vipers,SE Rutherford,D Parashar,DR Mousley,6,0,,,,,,"",""
ball,2,9.2,Desert Vipers,SE Rutherford,D Parashar,DR Mousley,0,0,,,,,,caught,SE Rutherford
ball,2,9.3,Desert Vipers,DA Payne,D Parashar,DR Mousley,1,0,,,,,,"",""
ball,2,9.4,Desert Vipers,D Parashar,DA Payne,DR Mousley,0,0,,,,,,"",""
ball,2,9.5,Desert Vipers,D Parashar,DA Payne,DR Mousley,0,0,,,,,,caught,D Parashar
ball,2,9.6,Desert Vipers,Khuzaima Tanveer,DA Payne,DR Mousley,1,0,,,,,,"",""
ball,2,10.1,Desert Vipers,Khuzaima Tanveer,DA Payne,Waqar Salamkheil,1,0,,,,,,"",""
ball,2,10.2,Desert Vipers,DA Payne,Khuzaima Tanveer,Waqar Salamkheil,1,0,,,,,,"",""
ball,2,10.3,Desert Vipers,Khuzaima Tanveer,DA Payne,Waqar Salamkheil,1,0,,,,,,"",""
ball,2,10.4,Desert Vipers,DA Payne,Khuzaima Tanveer,Waqar Salamkheil,6,0,,,,,,"",""
ball,2,10.5,Desert Vipers,DA Payne,Khuzaima Tanveer,Waqar Salamkheil,0,0,,,,,,"",""
ball,2,10.6,Desert Vipers,DA Payne,Khuzaima Tanveer,Waqar Salamkheil,1,0,,,,,,"",""
ball,2,11.1,Desert Vipers,DA Payne,Khuzaima Tanveer,AS Joseph,0,0,,,,,,"",""
ball,2,11.2,Desert Vipers,DA Payne,Khuzaima Tanveer,AS Joseph,0,1,,,1,,,"",""
ball,2,11.3,Desert Vipers,Khuzaima Tanveer,DA Payne,AS Joseph,0,1,1,,,,,"",""
ball,2,11.4,Desert Vipers,Khuzaima Tanveer,DA Payne,AS Joseph,2,0,,,,,,"",""
ball,2,11.5,Desert Vipers,Khuzaima Tanveer,DA Payne,AS Joseph,1,0,,,,,,"",""
ball,2,11.6,Desert Vipers,DA Payne,Khuzaima Tanveer,AS Joseph,0,0,,,,,,caught,DA Payne
ball,2,11.7,Desert Vipers,NA Sowter,Khuzaima Tanveer,AS Joseph,0,0,,,,,,"",""
ball,2,12.1,Desert Vipers,Khuzaima Tanveer,NA Sowter,Fazalhaq Farooqi,0,0,,,,,,"",""
ball,2,12.2,Desert Vipers,Khuzaima Tanveer,NA Sowter,Fazalhaq Farooqi,0,0,,,,,,"",""
ball,2,12.3,Desert Vipers,Khuzaima Tanveer,NA Sowter,Fazalhaq Farooqi,0,0,,,,,,caught,Khuzaima Tanveer
